<?xml version = '1.0' encoding = 'UTF-8'?>
<Entity class="oracle.dbtools.crest.model.design.logical.Entity" directorySegmentName="seg_0" id="515B38C4-BF3D-263E-4EDC-EE10A79763F6" name="GRADO_ACADEMICO">
<createdBy>Lenovo</createdBy>
<createdTime>2025-09-08 03:34:10 UTC</createdTime>
<ownerDesignName>MBDsemana4</ownerDesignName>
<engineerTo>
<item key="C05E9530-BCE4-3EE1-BE54-884B440FE099" value="true"/>
</engineerTo>
<adequatelyNormalized>NO</adequatelyNormalized>
<expectedVolumes>0</expectedVolumes>
<fwdEngineeringStrategyName>Single Table</fwdEngineeringStrategyName>
<growthPercent>0</growthPercent>
<growthType>Year</growthType>
<maxVolumes>9999999</maxVolumes>
<minVolumes>0</minVolumes>
<normalForm>Third</normalForm>
<attributes itemClass="oracle.dbtools.crest.model.design.logical.Attribute">
<Attribute name="id_grado_academico" id="2D3E33B0-EFFE-F74C-9160-CA89867A4994">
<createdBy>Lenovo</createdBy>
<createdTime>2025-09-08 03:34:28 UTC</createdTime>
<ownerDesignName>MBDsemana4</ownerDesignName>
<engineerTo>
<item key="C05E9530-BCE4-3EE1-BE54-884B440FE099" value="true"/>
</engineerTo>
<useDomainConstraints>false</useDomainConstraints>
<use>1</use>
<logicalDatatype>LOGDT019</logicalDatatype>
<ownDataTypeParameters>,,</ownDataTypeParameters>
</Attribute>
<Attribute name="nombre" id="3A017BBE-1AF5-49A6-B23F-FBB31F73CB7F">
<createdBy>Lenovo</createdBy>
<createdTime>2025-09-08 03:34:39 UTC</createdTime>
<ownerDesignName>MBDsemana4</ownerDesignName>
<engineerTo>
<item key="C05E9530-BCE4-3EE1-BE54-884B440FE099" value="true"/>
</engineerTo>
<useDomainConstraints>false</useDomainConstraints>
<use>1</use>
<logicalDatatype>LOGDT024</logicalDatatype>
<dataTypeSize>10</dataTypeSize>
<ownDataTypeParameters>10,,</ownDataTypeParameters>
</Attribute>
</attributes>
<identifiers itemClass="oracle.dbtools.crest.model.design.logical.CandidateKey">
<identifier id="DD2D00D2-EA2D-6FDD-520B-A51B998AB3A6" name="GRADO_ACADEMICO PK">
<createdBy>Lenovo</createdBy>
<createdTime>2025-09-08 03:35:02 UTC</createdTime>
<ownerDesignName>MBDsemana4</ownerDesignName>
<engineerTo>
<item key="C05E9530-BCE4-3EE1-BE54-884B440FE099" value="true"/>
</engineerTo>
<pk>true</pk>
<usedAttributes>
<attributeRef>2D3E33B0-EFFE-F74C-9160-CA89867A4994</attributeRef>
</usedAttributes>
</identifier>
</identifiers>
</Entity>