<?xml version = '1.0' encoding = 'UTF-8'?>
<Entity class="oracle.dbtools.crest.model.design.logical.Entity" directorySegmentName="seg_0" id="56A33134-98A4-5F52-6E07-E9C6863024B6" name="CIUDAD">
<createdBy>Lenovo</createdBy>
<createdTime>2025-09-08 02:23:16 UTC</createdTime>
<ownerDesignName>MBDsemana4</ownerDesignName>
<engineerTo>
<item key="C05E9530-BCE4-3EE1-BE54-884B440FE099" value="true"/>
</engineerTo>
<adequatelyNormalized>NO</adequatelyNormalized>
<expectedVolumes>0</expectedVolumes>
<fwdEngineeringStrategyName>Single Table</fwdEngineeringStrategyName>
<growthPercent>0</growthPercent>
<growthType>Year</growthType>
<maxVolumes>9999999</maxVolumes>
<minVolumes>0</minVolumes>
<normalForm>Third</normalForm>
<attributes itemClass="oracle.dbtools.crest.model.design.logical.Attribute">
<Attribute name="id_ciudad" id="113DDB71-2A01-BA56-2CE4-69BF9303E277">
<createdBy>Lenovo</createdBy>
<createdTime>2025-09-08 02:23:21 UTC</createdTime>
<ownerDesignName>MBDsemana4</ownerDesignName>
<engineerTo>
<item key="C05E9530-BCE4-3EE1-BE54-884B440FE099" value="true"/>
</engineerTo>
<useDomainConstraints>false</useDomainConstraints>
<use>1</use>
<logicalDatatype>LOGDT019</logicalDatatype>
<ownDataTypeParameters>,,</ownDataTypeParameters>
</Attribute>
<Attribute name="nombre" id="8F673CFE-CB6C-4C1D-1840-71ADC9669317">
<createdBy>Lenovo</createdBy>
<createdTime>2025-09-08 02:23:34 UTC</createdTime>
<ownerDesignName>MBDsemana4</ownerDesignName>
<engineerTo>
<item key="C05E9530-BCE4-3EE1-BE54-884B440FE099" value="true"/>
</engineerTo>
<useDomainConstraints>false</useDomainConstraints>
<use>1</use>
<logicalDatatype>LOGDT024</logicalDatatype>
<dataTypeSize>15</dataTypeSize>
<ownDataTypeParameters>15,,</ownDataTypeParameters>
</Attribute>
<Attribute name="id_pais" id="2A25FBFC-DDEE-A04E-D604-BD9D101A6732">
<createdBy>Lenovo</createdBy>
<createdTime>2025-09-08 02:25:30 UTC</createdTime>
<generatorID>92496757-60B4-4238-08D6-1CB8924D0D93</generatorID>
<ownerDesignName>MBDsemana4</ownerDesignName>
<engineerTo>
<item key="C05E9530-BCE4-3EE1-BE54-884B440FE099" value="true"/>
</engineerTo>
<referedAttribute>960A87F7-C72F-1581-E8BE-F32E2E642FE8</referedAttribute>
<useDomainConstraints>false</useDomainConstraints>
<use>1</use>
<logicalDatatype>LOGDT019</logicalDatatype>
<ownDataTypeParameters>,,</ownDataTypeParameters>
</Attribute>
</attributes>
<identifiers itemClass="oracle.dbtools.crest.model.design.logical.CandidateKey">
<identifier id="F7284E3B-3236-33EE-BD64-1DA0559D41DB" name="CIUDAD PK">
<createdBy>Lenovo</createdBy>
<createdTime>2025-09-08 02:23:33 UTC</createdTime>
<ownerDesignName>MBDsemana4</ownerDesignName>
<engineerTo>
<item key="C05E9530-BCE4-3EE1-BE54-884B440FE099" value="true"/>
</engineerTo>
<pk>true</pk>
<usedAttributes>
<attributeRef>113DDB71-2A01-BA56-2CE4-69BF9303E277</attributeRef>
</usedAttributes>
</identifier>
</identifiers>
</Entity>