<?xml version = '1.0' encoding = 'UTF-8'?>
<Entity class="oracle.dbtools.crest.model.design.logical.Entity" directorySegmentName="seg_0" id="609BAAD2-7AD4-55A0-211B-2F2A08C015BE" name="POSTULANTE">
<createdBy>Lenovo</createdBy>
<createdTime>2025-09-08 02:38:24 UTC</createdTime>
<ownerDesignName>MBDsemana4</ownerDesignName>
<engineerTo>
<item key="C05E9530-BCE4-3EE1-BE54-884B440FE099" value="true"/>
</engineerTo>
<adequatelyNormalized>NO</adequatelyNormalized>
<expectedVolumes>0</expectedVolumes>
<fwdEngineeringStrategyName>Single Table</fwdEngineeringStrategyName>
<growthPercent>0</growthPercent>
<growthType>Year</growthType>
<maxVolumes>9999999</maxVolumes>
<minVolumes>0</minVolumes>
<normalForm>Third</normalForm>
<attributes itemClass="oracle.dbtools.crest.model.design.logical.Attribute">
<Attribute name="folio_postulante" id="47BA46C3-1662-D702-1777-1F9A3E092ED9">
<createdBy>Lenovo</createdBy>
<createdTime>2025-09-08 02:38:32 UTC</createdTime>
<ownerDesignName>MBDsemana4</ownerDesignName>
<engineerTo>
<item key="C05E9530-BCE4-3EE1-BE54-884B440FE099" value="true"/>
</engineerTo>
<useDomainConstraints>false</useDomainConstraints>
<use>1</use>
<logicalDatatype>LOGDT019</logicalDatatype>
<ownDataTypeParameters>,,</ownDataTypeParameters>
</Attribute>
<Attribute name="nombre" id="2233BA7E-9A09-D177-C5FA-CB29FDD6F795">
<createdBy>Lenovo</createdBy>
<createdTime>2025-09-08 02:38:54 UTC</createdTime>
<ownerDesignName>MBDsemana4</ownerDesignName>
<engineerTo>
<item key="C05E9530-BCE4-3EE1-BE54-884B440FE099" value="true"/>
</engineerTo>
<useDomainConstraints>false</useDomainConstraints>
<use>1</use>
<logicalDatatype>LOGDT024</logicalDatatype>
<dataTypeSize>30</dataTypeSize>
<ownDataTypeParameters>30,,</ownDataTypeParameters>
</Attribute>
<Attribute name="fecha_postulacion" id="B670D19F-97DE-5B98-8CEF-820CB90145A9">
<createdBy>Lenovo</createdBy>
<createdTime>2025-09-08 02:39:18 UTC</createdTime>
<ownerDesignName>MBDsemana4</ownerDesignName>
<engineerTo>
<item key="C05E9530-BCE4-3EE1-BE54-884B440FE099" value="true"/>
</engineerTo>
<useDomainConstraints>false</useDomainConstraints>
<use>1</use>
<logicalDatatype>LOGDT007</logicalDatatype>
<ownDataTypeParameters>,,</ownDataTypeParameters>
</Attribute>
<Attribute name="direccion" id="FF52D1C9-9131-E461-7466-008AE9C78901">
<createdBy>Lenovo</createdBy>
<createdTime>2025-09-08 02:41:04 UTC</createdTime>
<ownerDesignName>MBDsemana4</ownerDesignName>
<engineerTo>
<item key="C05E9530-BCE4-3EE1-BE54-884B440FE099" value="true"/>
</engineerTo>
<useDomainConstraints>false</useDomainConstraints>
<use>1</use>
<logicalDatatype>LOGDT024</logicalDatatype>
<dataTypeSize>30</dataTypeSize>
<ownDataTypeParameters>30,,</ownDataTypeParameters>
</Attribute>
<Attribute name="mail" id="E3291931-9A8B-AF23-161D-0F02290C2D2F">
<createdBy>Lenovo</createdBy>
<createdTime>2025-09-08 02:43:18 UTC</createdTime>
<ownerDesignName>MBDsemana4</ownerDesignName>
<engineerTo>
<item key="C05E9530-BCE4-3EE1-BE54-884B440FE099" value="true"/>
</engineerTo>
<nullsAllowed>true</nullsAllowed>
<useDomainConstraints>false</useDomainConstraints>
<use>1</use>
<logicalDatatype>LOGDT024</logicalDatatype>
<dataTypeSize>30</dataTypeSize>
<ownDataTypeParameters>30,,</ownDataTypeParameters>
</Attribute>
<Attribute name="renta_actual" id="A7251A9B-FCC4-2A9B-62E5-190E26BF5CF5">
<createdBy>Lenovo</createdBy>
<createdTime>2025-09-08 02:43:46 UTC</createdTime>
<ownerDesignName>MBDsemana4</ownerDesignName>
<engineerTo>
<item key="C05E9530-BCE4-3EE1-BE54-884B440FE099" value="true"/>
</engineerTo>
<useDomainConstraints>false</useDomainConstraints>
<use>1</use>
<logicalDatatype>LOGDT019</logicalDatatype>
<ownDataTypeParameters>,,</ownDataTypeParameters>
</Attribute>
<Attribute name="fecha_nacimiento" id="DF09E0BA-41D9-39BE-863E-8145729BE2B2">
<createdBy>Lenovo</createdBy>
<createdTime>2025-09-08 02:44:37 UTC</createdTime>
<ownerDesignName>MBDsemana4</ownerDesignName>
<engineerTo>
<item key="C05E9530-BCE4-3EE1-BE54-884B440FE099" value="true"/>
</engineerTo>
<useDomainConstraints>false</useDomainConstraints>
<use>1</use>
<logicalDatatype>LOGDT007</logicalDatatype>
<ownDataTypeParameters>,,</ownDataTypeParameters>
</Attribute>
<Attribute name="web_site" id="9820D246-3F5E-DD30-AC03-B192FD413C24">
<createdBy>Lenovo</createdBy>
<createdTime>2025-09-08 02:45:01 UTC</createdTime>
<ownerDesignName>MBDsemana4</ownerDesignName>
<engineerTo>
<item key="C05E9530-BCE4-3EE1-BE54-884B440FE099" value="true"/>
</engineerTo>
<nullsAllowed>true</nullsAllowed>
<useDomainConstraints>false</useDomainConstraints>
<use>1</use>
<logicalDatatype>LOGDT024</logicalDatatype>
<dataTypeSize>20</dataTypeSize>
<ownDataTypeParameters>20,,</ownDataTypeParameters>
</Attribute>
<Attribute name="id_pais" id="EFF82657-CD3E-A379-E143-D62FB7659152">
<createdBy>Lenovo</createdBy>
<createdTime>2025-09-08 02:48:27 UTC</createdTime>
<generatorID>8AECEFA8-71F8-A604-99FE-2C96561C7F61</generatorID>
<ownerDesignName>MBDsemana4</ownerDesignName>
<engineerTo>
<item key="C05E9530-BCE4-3EE1-BE54-884B440FE099" value="true"/>
</engineerTo>
<referedAttribute>960A87F7-C72F-1581-E8BE-F32E2E642FE8</referedAttribute>
<useDomainConstraints>false</useDomainConstraints>
<use>1</use>
<logicalDatatype>LOGDT019</logicalDatatype>
<ownDataTypeParameters>,,</ownDataTypeParameters>
</Attribute>
<Attribute name="id_genero" id="64216062-2654-A296-BACC-3D4D8CD20872">
<createdBy>Lenovo</createdBy>
<createdTime>2025-09-08 02:52:03 UTC</createdTime>
<generatorID>3D343C4C-C91E-ACED-4865-182FAB7636C1</generatorID>
<ownerDesignName>MBDsemana4</ownerDesignName>
<engineerTo>
<item key="C05E9530-BCE4-3EE1-BE54-884B440FE099" value="true"/>
</engineerTo>
<referedAttribute>FC7D0729-2A5A-026F-865A-E2BD07FB13E6</referedAttribute>
<useDomainConstraints>false</useDomainConstraints>
<use>1</use>
<logicalDatatype>LOGDT019</logicalDatatype>
<ownDataTypeParameters>,,</ownDataTypeParameters>
</Attribute>
<Attribute name="id_estado_civil" id="ED106A8E-9131-8D87-2BE8-FDB148A5C01B">
<createdBy>Lenovo</createdBy>
<createdTime>2025-09-08 02:55:53 UTC</createdTime>
<generatorID>A8F1F444-E81B-D1B6-2BE8-F77A9A45FB5C</generatorID>
<ownerDesignName>MBDsemana4</ownerDesignName>
<engineerTo>
<item key="C05E9530-BCE4-3EE1-BE54-884B440FE099" value="true"/>
</engineerTo>
<referedAttribute>B9ACE710-2986-A6E1-2CF1-5535CABE982B</referedAttribute>
<useDomainConstraints>false</useDomainConstraints>
<use>1</use>
<logicalDatatype>LOGDT019</logicalDatatype>
<ownDataTypeParameters>,,</ownDataTypeParameters>
</Attribute>
<Attribute name="id_empresa" id="AD763BA9-0A50-B10D-1816-63C29A8334D7">
<createdBy>Lenovo</createdBy>
<createdTime>2025-09-08 03:12:23 UTC</createdTime>
<generatorID>6EFD0703-7119-227B-1E61-50A761839969</generatorID>
<ownerDesignName>MBDsemana4</ownerDesignName>
<engineerTo>
<item key="C05E9530-BCE4-3EE1-BE54-884B440FE099" value="true"/>
</engineerTo>
<referedAttribute>A1208603-D13D-8F20-6757-58A6D2F8D403</referedAttribute>
<useDomainConstraints>false</useDomainConstraints>
<use>1</use>
<logicalDatatype>LOGDT024</logicalDatatype>
<ownDataTypeParameters>,,</ownDataTypeParameters>
</Attribute>
<Attribute name="id_grado_academico" id="6877523F-81AA-F6AB-1942-7AE5B0141947">
<createdBy>Lenovo</createdBy>
<createdTime>2025-09-08 03:36:25 UTC</createdTime>
<generatorID>E99D208A-FED9-4093-0205-498D35F39462</generatorID>
<ownerDesignName>MBDsemana4</ownerDesignName>
<engineerTo>
<item key="C05E9530-BCE4-3EE1-BE54-884B440FE099" value="true"/>
</engineerTo>
<referedAttribute>2D3E33B0-EFFE-F74C-9160-CA89867A4994</referedAttribute>
<useDomainConstraints>false</useDomainConstraints>
<use>1</use>
<logicalDatatype>LOGDT019</logicalDatatype>
<ownDataTypeParameters>,,</ownDataTypeParameters>
</Attribute>
</attributes>
<identifiers itemClass="oracle.dbtools.crest.model.design.logical.CandidateKey">
<identifier id="AD801265-5489-A17A-7F44-3300D6DE1768" name="POSTULANTE PK">
<createdBy>Lenovo</createdBy>
<createdTime>2025-09-08 02:38:46 UTC</createdTime>
<ownerDesignName>MBDsemana4</ownerDesignName>
<engineerTo>
<item key="C05E9530-BCE4-3EE1-BE54-884B440FE099" value="true"/>
</engineerTo>
<pk>true</pk>
<usedAttributes>
<attributeRef>47BA46C3-1662-D702-1777-1F9A3E092ED9</attributeRef>
</usedAttributes>
</identifier>
</identifiers>
</Entity>