<?xml version = '1.0' encoding = 'UTF-8'?>
<Entity class="oracle.dbtools.crest.model.design.logical.Entity" directorySegmentName="seg_0" id="78013C0E-CEED-F1C0-98B7-5A11F40A14AE" name="IDIOMA">
<createdBy>Lenovo</createdBy>
<createdTime>2025-09-08 02:52:54 UTC</createdTime>
<ownerDesignName>MBDsemana4</ownerDesignName>
<engineerTo>
<item key="C05E9530-BCE4-3EE1-BE54-884B440FE099" value="true"/>
</engineerTo>
<adequatelyNormalized>NO</adequatelyNormalized>
<expectedVolumes>0</expectedVolumes>
<fwdEngineeringStrategyName>Single Table</fwdEngineeringStrategyName>
<growthPercent>0</growthPercent>
<growthType>Year</growthType>
<maxVolumes>9999999</maxVolumes>
<minVolumes>0</minVolumes>
<normalForm>Third</normalForm>
<attributes itemClass="oracle.dbtools.crest.model.design.logical.Attribute">
<Attribute name="id_idioma" id="BC9C22ED-F426-DE19-CBEF-20CEC90AF315">
<createdBy>Lenovo</createdBy>
<createdTime>2025-09-08 02:53:01 UTC</createdTime>
<ownerDesignName>MBDsemana4</ownerDesignName>
<engineerTo>
<item key="C05E9530-BCE4-3EE1-BE54-884B440FE099" value="true"/>
</engineerTo>
<useDomainConstraints>false</useDomainConstraints>
<use>1</use>
<logicalDatatype>LOGDT019</logicalDatatype>
<ownDataTypeParameters>,,</ownDataTypeParameters>
</Attribute>
<Attribute name="nombre" id="2F648F3C-1AFE-C156-1709-1B2DB1B2AACE">
<createdBy>Lenovo</createdBy>
<createdTime>2025-09-08 02:53:07 UTC</createdTime>
<ownerDesignName>MBDsemana4</ownerDesignName>
<engineerTo>
<item key="C05E9530-BCE4-3EE1-BE54-884B440FE099" value="true"/>
</engineerTo>
<useDomainConstraints>false</useDomainConstraints>
<use>1</use>
<logicalDatatype>LOGDT024</logicalDatatype>
<dataTypeSize>10</dataTypeSize>
<ownDataTypeParameters>10,,</ownDataTypeParameters>
</Attribute>
<Attribute name="folio_postulante" id="E3CA174D-1C01-B558-38AF-15FA8086BE31">
<createdBy>Lenovo</createdBy>
<createdTime>2025-09-08 02:54:02 UTC</createdTime>
<generatorID>3BBF7A17-E3EC-896D-D0C0-81DCDADC2B40</generatorID>
<ownerDesignName>MBDsemana4</ownerDesignName>
<engineerTo>
<item key="C05E9530-BCE4-3EE1-BE54-884B440FE099" value="true"/>
</engineerTo>
<referedAttribute>47BA46C3-1662-D702-1777-1F9A3E092ED9</referedAttribute>
<useDomainConstraints>false</useDomainConstraints>
<use>1</use>
<logicalDatatype>LOGDT019</logicalDatatype>
<ownDataTypeParameters>,,</ownDataTypeParameters>
</Attribute>
</attributes>
<identifiers itemClass="oracle.dbtools.crest.model.design.logical.CandidateKey">
<identifier id="F4842D08-60D2-2B55-90BB-F112BDFA3E03" name="IDIOMA PK">
<createdBy>Lenovo</createdBy>
<createdTime>2025-09-08 02:53:35 UTC</createdTime>
<ownerDesignName>MBDsemana4</ownerDesignName>
<engineerTo>
<item key="C05E9530-BCE4-3EE1-BE54-884B440FE099" value="true"/>
</engineerTo>
<pk>true</pk>
<usedAttributes>
<attributeRef>BC9C22ED-F426-DE19-CBEF-20CEC90AF315</attributeRef>
</usedAttributes>
</identifier>
</identifiers>
</Entity>