<?xml version = '1.0' encoding = 'UTF-8'?>
<Entity class="oracle.dbtools.crest.model.design.logical.Entity" directorySegmentName="seg_0" id="C0FFD377-F388-92ED-52DB-EFC329517372" name="EMPRESA">
<createdBy>Lenovo</createdBy>
<createdTime>2025-09-08 03:09:10 UTC</createdTime>
<ownerDesignName>MBDsemana4</ownerDesignName>
<engineerTo>
<item key="C05E9530-BCE4-3EE1-BE54-884B440FE099" value="true"/>
</engineerTo>
<adequatelyNormalized>NO</adequatelyNormalized>
<expectedVolumes>0</expectedVolumes>
<fwdEngineeringStrategyName>Single Table</fwdEngineeringStrategyName>
<growthPercent>0</growthPercent>
<growthType>Year</growthType>
<maxVolumes>9999999</maxVolumes>
<minVolumes>0</minVolumes>
<normalForm>Third</normalForm>
<attributes itemClass="oracle.dbtools.crest.model.design.logical.Attribute">
<Attribute name="id_empresa" id="A1208603-D13D-8F20-6757-58A6D2F8D403">
<createdBy>Lenovo</createdBy>
<createdTime>2025-09-08 03:09:18 UTC</createdTime>
<ownerDesignName>MBDsemana4</ownerDesignName>
<engineerTo>
<item key="C05E9530-BCE4-3EE1-BE54-884B440FE099" value="true"/>
</engineerTo>
<useDomainConstraints>false</useDomainConstraints>
<use>1</use>
<logicalDatatype>LOGDT024</logicalDatatype>
<ownDataTypeParameters>,,</ownDataTypeParameters>
</Attribute>
<Attribute name="nombre" id="51B0DD5F-EEFE-F4BB-B4F1-5D99268E4D08">
<createdBy>Lenovo</createdBy>
<createdTime>2025-09-08 03:09:51 UTC</createdTime>
<ownerDesignName>MBDsemana4</ownerDesignName>
<engineerTo>
<item key="C05E9530-BCE4-3EE1-BE54-884B440FE099" value="true"/>
</engineerTo>
<useDomainConstraints>false</useDomainConstraints>
<use>1</use>
<logicalDatatype>LOGDT024</logicalDatatype>
<dataTypeSize>20</dataTypeSize>
<ownDataTypeParameters>20,,</ownDataTypeParameters>
</Attribute>
<Attribute name="direccion" id="34896AD8-B136-91E4-49F1-B4C4A81499DA">
<createdBy>Lenovo</createdBy>
<createdTime>2025-09-08 03:09:56 UTC</createdTime>
<ownerDesignName>MBDsemana4</ownerDesignName>
<engineerTo>
<item key="C05E9530-BCE4-3EE1-BE54-884B440FE099" value="true"/>
</engineerTo>
<useDomainConstraints>false</useDomainConstraints>
<use>1</use>
<logicalDatatype>LOGDT024</logicalDatatype>
<dataTypeSize>30</dataTypeSize>
<ownDataTypeParameters>30,,</ownDataTypeParameters>
</Attribute>
<Attribute name="remuneracion_max" id="380136A3-B17E-6696-F838-0E6AE2C388D9">
<createdBy>Lenovo</createdBy>
<createdTime>2025-09-08 03:10:22 UTC</createdTime>
<ownerDesignName>MBDsemana4</ownerDesignName>
<engineerTo>
<item key="C05E9530-BCE4-3EE1-BE54-884B440FE099" value="true"/>
</engineerTo>
<useDomainConstraints>false</useDomainConstraints>
<use>1</use>
<logicalDatatype>LOGDT019</logicalDatatype>
<ownDataTypeParameters>,,</ownDataTypeParameters>
</Attribute>
<Attribute name="id_ciudad" id="C544C51F-488E-E734-F2EE-824A6E14EA14">
<createdBy>Lenovo</createdBy>
<createdTime>2025-09-08 03:12:06 UTC</createdTime>
<generatorID>9CF004AF-246C-1D7E-4C9E-7E56FD830CEF</generatorID>
<ownerDesignName>MBDsemana4</ownerDesignName>
<engineerTo>
<item key="C05E9530-BCE4-3EE1-BE54-884B440FE099" value="true"/>
</engineerTo>
<referedAttribute>113DDB71-2A01-BA56-2CE4-69BF9303E277</referedAttribute>
<useDomainConstraints>false</useDomainConstraints>
<use>1</use>
<logicalDatatype>LOGDT019</logicalDatatype>
<ownDataTypeParameters>,,</ownDataTypeParameters>
</Attribute>
</attributes>
<identifiers itemClass="oracle.dbtools.crest.model.design.logical.CandidateKey">
<identifier id="288B52B2-D8B8-D01D-5C05-C6FA23A46F65" name="EMPRESA PK">
<createdBy>Lenovo</createdBy>
<createdTime>2025-09-08 03:09:49 UTC</createdTime>
<ownerDesignName>MBDsemana4</ownerDesignName>
<engineerTo>
<item key="C05E9530-BCE4-3EE1-BE54-884B440FE099" value="true"/>
</engineerTo>
<pk>true</pk>
<usedAttributes>
<attributeRef>A1208603-D13D-8F20-6757-58A6D2F8D403</attributeRef>
</usedAttributes>
</identifier>
</identifiers>
</Entity>