<?xml version = '1.0' encoding = 'UTF-8'?>
<Entity class="oracle.dbtools.crest.model.design.logical.Entity" directorySegmentName="seg_0" id="DB8C21E8-1432-3882-05A1-C235709C7C7F" name="POSTULACION">
<createdBy>Lenovo</createdBy>
<createdTime>2025-09-08 02:57:58 UTC</createdTime>
<ownerDesignName>MBDsemana4</ownerDesignName>
<engineerTo>
<item key="C05E9530-BCE4-3EE1-BE54-884B440FE099" value="true"/>
</engineerTo>
<adequatelyNormalized>NO</adequatelyNormalized>
<expectedVolumes>0</expectedVolumes>
<fwdEngineeringStrategyName>Single Table</fwdEngineeringStrategyName>
<growthPercent>0</growthPercent>
<growthType>Year</growthType>
<maxVolumes>9999999</maxVolumes>
<minVolumes>0</minVolumes>
<normalForm>Third</normalForm>
<attributes itemClass="oracle.dbtools.crest.model.design.logical.Attribute">
<Attribute name="folio_postulante" id="BE184ACE-2963-9DA5-E276-276A86842BE5">
<createdBy>Lenovo</createdBy>
<createdTime>2025-09-08 03:27:06 UTC</createdTime>
<generatorID>65C10FE9-75F5-C9FC-6577-B3BF5BDA6FCD</generatorID>
<ownerDesignName>MBDsemana4</ownerDesignName>
<engineerTo>
<item key="C05E9530-BCE4-3EE1-BE54-884B440FE099" value="true"/>
</engineerTo>
<referedAttribute>47BA46C3-1662-D702-1777-1F9A3E092ED9</referedAttribute>
<useDomainConstraints>false</useDomainConstraints>
<use>1</use>
<logicalDatatype>LOGDT019</logicalDatatype>
<ownDataTypeParameters>,,</ownDataTypeParameters>
</Attribute>
<Attribute name="id_empresa" id="3AD8ECDF-C129-416A-9D73-191004327EE2">
<createdBy>Lenovo</createdBy>
<createdTime>2025-09-08 03:30:10 UTC</createdTime>
<generatorID>EDFB2916-2322-AEBB-1B05-1387717AFC5F</generatorID>
<ownerDesignName>MBDsemana4</ownerDesignName>
<engineerTo>
<item key="C05E9530-BCE4-3EE1-BE54-884B440FE099" value="true"/>
</engineerTo>
<referedAttribute>A1208603-D13D-8F20-6757-58A6D2F8D403</referedAttribute>
<useDomainConstraints>false</useDomainConstraints>
<use>1</use>
<logicalDatatype>LOGDT024</logicalDatatype>
<ownDataTypeParameters>,,</ownDataTypeParameters>
</Attribute>
</attributes>
</Entity>