<?xml version = '1.0' encoding = 'UTF-8'?>
<Entity class="oracle.dbtools.crest.model.design.logical.Entity" directorySegmentName="seg_0" id="E4FBD106-696D-FC9D-09E5-26F261C26CA9" name="GENERO">
<createdBy>Lenovo</createdBy>
<createdTime>2025-09-08 02:50:39 UTC</createdTime>
<ownerDesignName>MBDsemana4</ownerDesignName>
<engineerTo>
<item key="C05E9530-BCE4-3EE1-BE54-884B440FE099" value="true"/>
</engineerTo>
<adequatelyNormalized>NO</adequatelyNormalized>
<expectedVolumes>0</expectedVolumes>
<fwdEngineeringStrategyName>Single Table</fwdEngineeringStrategyName>
<growthPercent>0</growthPercent>
<growthType>Year</growthType>
<maxVolumes>9999999</maxVolumes>
<minVolumes>0</minVolumes>
<normalForm>Third</normalForm>
<attributes itemClass="oracle.dbtools.crest.model.design.logical.Attribute">
<Attribute name="id_genero" id="FC7D0729-2A5A-026F-865A-E2BD07FB13E6">
<createdBy>Lenovo</createdBy>
<createdTime>2025-09-08 02:50:47 UTC</createdTime>
<ownerDesignName>MBDsemana4</ownerDesignName>
<engineerTo>
<item key="C05E9530-BCE4-3EE1-BE54-884B440FE099" value="true"/>
</engineerTo>
<useDomainConstraints>false</useDomainConstraints>
<use>1</use>
<logicalDatatype>LOGDT019</logicalDatatype>
<ownDataTypeParameters>,,</ownDataTypeParameters>
</Attribute>
<Attribute name="nombre" id="BB34DFDB-5BCB-CC6E-7176-001120784D19">
<createdBy>Lenovo</createdBy>
<createdTime>2025-09-08 02:50:52 UTC</createdTime>
<ownerDesignName>MBDsemana4</ownerDesignName>
<engineerTo>
<item key="C05E9530-BCE4-3EE1-BE54-884B440FE099" value="true"/>
</engineerTo>
<useDomainConstraints>false</useDomainConstraints>
<use>1</use>
<logicalDatatype>LOGDT024</logicalDatatype>
<dataTypeSize>6</dataTypeSize>
<ownDataTypeParameters>6,,</ownDataTypeParameters>
</Attribute>
</attributes>
<identifiers itemClass="oracle.dbtools.crest.model.design.logical.CandidateKey">
<identifier id="E9EAF8DA-18BA-306C-5E54-2801D38D0AB5" name="GENERO PK">
<createdBy>Lenovo</createdBy>
<createdTime>2025-09-08 02:50:59 UTC</createdTime>
<ownerDesignName>MBDsemana4</ownerDesignName>
<engineerTo>
<item key="C05E9530-BCE4-3EE1-BE54-884B440FE099" value="true"/>
</engineerTo>
<pk>true</pk>
<usedAttributes>
<attributeRef>FC7D0729-2A5A-026F-865A-E2BD07FB13E6</attributeRef>
</usedAttributes>
</identifier>
</identifiers>
</Entity>