<?xml version = '1.0' encoding = 'UTF-8'?>
<Relation class="oracle.dbtools.crest.model.design.logical.Relation" name="Relation_12" directorySegmentName="seg_0" id="0388E1DF-1D20-1D57-A1DC-6A5728C61FD6">
<createdBy>Lenovo</createdBy>
<createdTime>2025-08-24 23:22:58 UTC</createdTime>
<ownerDesignName>MBDsemana2</ownerDesignName>
<engineerTo>
<item key="D389809A-514F-62E5-0C83-C3974BD4FC04" value="true"/>
</engineerTo>
<sourcePk>193AA64B-1A97-F6FF-48C1-08D8094328E9</sourcePk>
<identifying>false</identifying>
<optionalSource>true</optionalSource>
<optionalTarget>false</optionalTarget>
<sourceCardinality>1</sourceCardinality>
<sourceEntity>369344EC-D7CA-270E-1EC0-5457D453B4A2</sourceEntity>
<targetCardinalityString>*</targetCardinalityString>
<targetEntity>9E87B310-9CC4-5CBB-D530-6E1F3A992E74</targetEntity>
<transferable>true</transferable>
<deleteRule>NO ACTION</deleteRule>
</Relation>
