<?xml version = '1.0' encoding = 'UTF-8'?>
<Relation class="oracle.dbtools.crest.model.design.logical.Relation" name="Relation_4" directorySegmentName="seg_0" id="30171115-F0FE-1A37-975C-0E85E2D79245">
<createdBy>Lenovo</createdBy>
<createdTime>2025-08-24 23:07:18 UTC</createdTime>
<ownerDesignName>MBDsemana2</ownerDesignName>
<engineerTo>
<item key="D389809A-514F-62E5-0C83-C3974BD4FC04" value="true"/>
</engineerTo>
<sourcePk>D463EABD-57A7-390B-973C-F4EF474D596D</sourcePk>
<identifying>false</identifying>
<optionalSource>false</optionalSource>
<optionalTarget>false</optionalTarget>
<sourceCardinality>1</sourceCardinality>
<sourceEntity>8263BAAE-26F9-5F96-64F9-108BDE8554EE</sourceEntity>
<targetCardinalityString>1</targetCardinalityString>
<targetEntity>98F3BA11-FC00-EF3C-A126-C506CC9DB325</targetEntity>
<transferable>true</transferable>
<deleteRule>NO ACTION</deleteRule>
</Relation>
