<?xml version = '1.0' encoding = 'UTF-8'?>
<Relation class="oracle.dbtools.crest.model.design.logical.Relation" name="Relation_7" directorySegmentName="seg_0" id="AD016AFA-B819-0358-1388-438B2F7D6409">
<createdBy>Lenovo</createdBy>
<createdTime>2025-08-22 17:11:42 UTC</createdTime>
<ownerDesignName>MBDsemana2</ownerDesignName>
<engineerTo>
<item key="D389809A-514F-62E5-0C83-C3974BD4FC04" value="true"/>
</engineerTo>
<sourcePk>53B181FE-F3BA-BD35-782A-E85796680B14</sourcePk>
<identifying>false</identifying>
<optionalSource>false</optionalSource>
<optionalTarget>false</optionalTarget>
<sourceCardinality>1</sourceCardinality>
<sourceEntity>16A341D3-8D9B-901C-F266-D983DA3856A0</sourceEntity>
<targetCardinalityString>*</targetCardinalityString>
<targetEntity>8CF723DC-94CF-140B-5F44-8A888A3335D5</targetEntity>
<transferable>true</transferable>
<deleteRule>NO ACTION</deleteRule>
</Relation>
