<?xml version = '1.0' encoding = 'UTF-8'?>
<Relation class="oracle.dbtools.crest.model.design.logical.Relation" name="Relation_6" directorySegmentName="seg_0" id="B5F495DC-6FC2-B34E-FE14-0B186759F557">
<createdBy>Lenovo</createdBy>
<createdTime>2025-08-22 17:10:39 UTC</createdTime>
<ownerDesignName>MBDsemana2</ownerDesignName>
<engineerTo>
<item key="D389809A-514F-62E5-0C83-C3974BD4FC04" value="true"/>
</engineerTo>
<identifying>false</identifying>
<optionalSource>false</optionalSource>
<optionalTarget>false</optionalTarget>
<sourceCardinality>*</sourceCardinality>
<sourceEntity>8CF723DC-94CF-140B-5F44-8A888A3335D5</sourceEntity>
<targetCardinalityString>*</targetCardinalityString>
<targetEntity>369344EC-D7CA-270E-1EC0-5457D453B4A2</targetEntity>
<transferable>true</transferable>
<deleteRule>NO ACTION</deleteRule>
</Relation>
