<?xml version = '1.0' encoding = 'UTF-8'?>
<Relation class="oracle.dbtools.crest.model.design.logical.Relation" name="Relation_5" directorySegmentName="seg_0" id="B93EFB5D-04DF-6521-A57B-195457C313E8">
<createdBy>Lenovo</createdBy>
<createdTime>2025-08-24 23:08:23 UTC</createdTime>
<ownerDesignName>MBDsemana2</ownerDesignName>
<engineerTo>
<item key="D389809A-514F-62E5-0C83-C3974BD4FC04" value="true"/>
</engineerTo>
<sourcePk>D463EABD-57A7-390B-973C-F4EF474D596D</sourcePk>
<identifying>false</identifying>
<optionalSource>false</optionalSource>
<optionalTarget>false</optionalTarget>
<sourceCardinality>1</sourceCardinality>
<sourceEntity>8263BAAE-26F9-5F96-64F9-108BDE8554EE</sourceEntity>
<targetCardinalityString>1</targetCardinalityString>
<targetEntity>B73C21F8-8864-77E2-DAF2-6E864B82A2E5</targetEntity>
<transferable>true</transferable>
<deleteRule>NO ACTION</deleteRule>
</Relation>
