<?xml version = '1.0' encoding = 'UTF-8'?>
<Relation class="oracle.dbtools.crest.model.design.logical.Relation" name="Relation_3" directorySegmentName="seg_0" id="EF8BB242-3551-9B61-50C2-6F9BB9423425">
<createdBy>Lenovo</createdBy>
<createdTime>2025-08-22 17:03:27 UTC</createdTime>
<ownerDesignName>MBDsemana2</ownerDesignName>
<engineerTo>
<item key="D389809A-514F-62E5-0C83-C3974BD4FC04" value="true"/>
</engineerTo>
<sourcePk>193AA64B-1A97-F6FF-48C1-08D8094328E9</sourcePk>
<identifying>false</identifying>
<optionalSource>false</optionalSource>
<optionalTarget>false</optionalTarget>
<sourceCardinality>1</sourceCardinality>
<sourceEntity>369344EC-D7CA-270E-1EC0-5457D453B4A2</sourceEntity>
<targetCardinalityString>*</targetCardinalityString>
<targetEntity>705CAA5B-C652-495E-81AF-328AF0694E5F</targetEntity>
<transferable>true</transferable>
<deleteRule>NO ACTION</deleteRule>
</Relation>
