<?xml version = '1.0' encoding = 'UTF-8'?>
<Relation class="oracle.dbtools.crest.model.design.logical.Relation" name="Relation_10" directorySegmentName="seg_0" id="F592FACD-7245-BCF3-71C2-6700CBF8F10D">
<createdBy>Lenovo</createdBy>
<createdTime>2025-08-24 23:15:23 UTC</createdTime>
<ownerDesignName>MBDsemana2</ownerDesignName>
<engineerTo>
<item key="D389809A-514F-62E5-0C83-C3974BD4FC04" value="true"/>
</engineerTo>
<sourcePk>3C5EE6C0-6D09-8393-F98A-450AB385BED3</sourcePk>
<identifying>false</identifying>
<optionalSource>false</optionalSource>
<optionalTarget>false</optionalTarget>
<sourceCardinality>1</sourceCardinality>
<sourceEntity>8CF723DC-94CF-140B-5F44-8A888A3335D5</sourceEntity>
<targetCardinalityString>*</targetCardinalityString>
<targetEntity>705CAA5B-C652-495E-81AF-328AF0694E5F</targetEntity>
<transferable>true</transferable>
<deleteRule>NO ACTION</deleteRule>
</Relation>
