<?xml version = '1.0' encoding = 'UTF-8'?>
<Table class="oracle.dbtools.crest.model.design.relational.Table" directorySegmentName="seg_0" id="0E681819-7BAC-246F-FEDB-AA837B882ADA" name="OPERARIO">
<createdBy>Lenovo</createdBy>
<createdTime>2025-10-10 23:31:30 UTC</createdTime>
<generatorID>6AC93B07-AAA0-3A54-805D-2C10DA0444C5</generatorID>
<ownerDesignName>notacionbarkerS9</ownerDesignName>
<allowColumnReorder>false</allowColumnReorder>
<existDependencyGenerateInDDl>true</existDependencyGenerateInDDl>
<parsed>true</parsed>
<columns itemClass="oracle.dbtools.crest.model.design.relational.Column">
<Column name="id_personal" id="924D77CB-4D67-5908-7687-FB26869F9574">
<createdBy>Lenovo</createdBy>
<createdTime>2025-10-10 23:31:30 UTC</createdTime>
<generatorID>3283B69F-426F-776E-B050-FEE410210E46</generatorID>
<ownerDesignName>notacionbarkerS9</ownerDesignName>
<useDomainConstraints>false</useDomainConstraints>
<use>1</use>
<logicalDatatype>LOGDT019</logicalDatatype>
<dataTypePrecision>3</dataTypePrecision>
<ownDataTypeParameters>,,</ownDataTypeParameters>
<autoIncrementCycle>false</autoIncrementCycle>
<associations>
<colAssociation fkAssociation="529906C5-AAC6-E2B1-36FE-2CF1F8D0455C" referredColumn="01E109AE-8C75-18B2-F365-8317CA52F6A7"/>
</associations>
</Column>
<Column name="cat_proceso" id="8A9BB303-57D0-F3DC-81E3-F64F7EC41A0A">
<createdBy>Lenovo</createdBy>
<createdTime>2025-10-10 23:31:30 UTC</createdTime>
<generatorID>19075FA7-8D98-E8E8-3D2E-23FC180DDE6F</generatorID>
<ownerDesignName>notacionbarkerS9</ownerDesignName>
<useDomainConstraints>false</useDomainConstraints>
<use>1</use>
<logicalDatatype>LOGDT024</logicalDatatype>
<dataTypeSize>10</dataTypeSize>
<ownDataTypeParameters>10,,</ownDataTypeParameters>
<autoIncrementCycle>false</autoIncrementCycle>
</Column>
<Column name="certificacion" id="8FEBE1DB-915D-4821-2BBD-446A6DC6B11F">
<createdBy>Lenovo</createdBy>
<createdTime>2025-10-10 23:31:30 UTC</createdTime>
<generatorID>7E5B45CD-4B3F-3AE1-C251-91E756893311</generatorID>
<ownerDesignName>notacionbarkerS9</ownerDesignName>
<nullsAllowed>true</nullsAllowed>
<useDomainConstraints>false</useDomainConstraints>
<use>1</use>
<logicalDatatype>LOGDT024</logicalDatatype>
<dataTypeSize>15</dataTypeSize>
<ownDataTypeParameters>15,,</ownDataTypeParameters>
<autoIncrementCycle>false</autoIncrementCycle>
</Column>
<Column name="hrs_estandar" id="95245285-EBA6-E769-417C-E4B89565878F">
<createdBy>Lenovo</createdBy>
<createdTime>2025-10-10 23:31:30 UTC</createdTime>
<generatorID>A6AEEDC8-02DE-8CBC-FF0F-97A3BAE4AC5C</generatorID>
<ownerDesignName>notacionbarkerS9</ownerDesignName>
<useDomainConstraints>false</useDomainConstraints>
<use>1</use>
<logicalDatatype>LOGDT019</logicalDatatype>
<dataTypePrecision>2</dataTypePrecision>
<ownDataTypeParameters>,2,</ownDataTypeParameters>
<autoIncrementCycle>false</autoIncrementCycle>
</Column>
</columns>
<indexes itemClass="oracle.dbtools.crest.model.design.relational.Index">
<ind_PK_UK id="688F46F1-2A28-28C0-A551-C346D7845245" name="OPERARIO_PK">
<createdBy>Lenovo</createdBy>
<createdTime>2025-10-10 23:31:30 UTC</createdTime>
<generatorID>2C3B876A-6BF0-21F9-41ED-0EA1F0CE1733</generatorID>
<ownerDesignName>notacionbarkerS9</ownerDesignName>
<pk>true</pk>
<indexState>Primary Constraint</indexState>
<isSurrogateKey>false</isSurrogateKey>
<indexColumnUsage>
<colUsage columnID="924D77CB-4D67-5908-7687-FB26869F9574"/>
</indexColumnUsage>
</ind_PK_UK>
<ind_PK_UK id="597BB078-D73A-92A6-9DAA-DE6353355017" name="OPERARIO_PERSONAL_FK">
<createdBy>Lenovo</createdBy>
<createdTime>2025-10-10 23:31:30 UTC</createdTime>
<generatorID>52ACF932-4D3A-874C-9FAB-943590260D11</generatorID>
<ownerDesignName>notacionbarkerS9</ownerDesignName>
<indexState>Foreign Key</indexState>
<isSurrogateKey>false</isSurrogateKey>
<indexColumnUsage>
<colUsage columnID="924D77CB-4D67-5908-7687-FB26869F9574"/>
</indexColumnUsage>
</ind_PK_UK>
</indexes>
</Table>