<?xml version = '1.0' encoding = 'UTF-8'?>
<Table class="oracle.dbtools.crest.model.design.relational.Table" directorySegmentName="seg_0" id="560C18A0-4857-A888-57B6-0D91D5B74FF5" name="ORDEN_MANTENCION">
<createdBy>Lenovo</createdBy>
<createdTime>2025-10-10 23:31:30 UTC</createdTime>
<generatorID>0CEAEEEF-3006-8F52-93B9-AA4E053F5874</generatorID>
<ownerDesignName>notacionbarkerS9</ownerDesignName>
<allowColumnReorder>false</allowColumnReorder>
<existDependencyGenerateInDDl>true</existDependencyGenerateInDDl>
<parsed>true</parsed>
<columns itemClass="oracle.dbtools.crest.model.design.relational.Column">
<Column name="id_mantencion" id="0C45C336-06CB-66EE-142F-AFA56FDE6B30">
<createdBy>Lenovo</createdBy>
<createdTime>2025-10-10 23:31:30 UTC</createdTime>
<generatorID>D90EB7FD-EE8B-0C2D-1189-023D6C710D28</generatorID>
<ownerDesignName>notacionbarkerS9</ownerDesignName>
<useDomainConstraints>false</useDomainConstraints>
<use>1</use>
<logicalDatatype>LOGDT019</logicalDatatype>
<ownDataTypeParameters>,,</ownDataTypeParameters>
<autoIncrementCycle>false</autoIncrementCycle>
</Column>
<Column name="tecnico_resp" id="8DF48FC1-014E-F815-8988-F27056007F77">
<createdBy>Lenovo</createdBy>
<createdTime>2025-10-10 23:31:30 UTC</createdTime>
<generatorID>B42BAD4C-002C-EB0A-07DD-73FF21B37DC1</generatorID>
<ownerDesignName>notacionbarkerS9</ownerDesignName>
<useDomainConstraints>false</useDomainConstraints>
<use>1</use>
<logicalDatatype>LOGDT024</logicalDatatype>
<dataTypeSize>25</dataTypeSize>
<ownDataTypeParameters>25,,</ownDataTypeParameters>
<autoIncrementCycle>false</autoIncrementCycle>
</Column>
<Column name="fecha_inicio" id="6E653231-DFF2-55B2-F5EF-46C904BF329C">
<createdBy>Lenovo</createdBy>
<createdTime>2025-10-10 23:31:30 UTC</createdTime>
<generatorID>0917FE95-A812-D222-FC87-D7F1E40821D5</generatorID>
<ownerDesignName>notacionbarkerS9</ownerDesignName>
<useDomainConstraints>false</useDomainConstraints>
<use>1</use>
<logicalDatatype>LOGDT007</logicalDatatype>
<ownDataTypeParameters>,,</ownDataTypeParameters>
<autoIncrementCycle>false</autoIncrementCycle>
</Column>
<Column name="fecha_termino" id="187CD0E6-0084-639F-C5F6-23869F6AE2B1">
<createdBy>Lenovo</createdBy>
<createdTime>2025-10-10 23:31:30 UTC</createdTime>
<generatorID>3A6D3548-09E3-1BD4-16B6-869257F9040B</generatorID>
<ownerDesignName>notacionbarkerS9</ownerDesignName>
<nullsAllowed>true</nullsAllowed>
<useDomainConstraints>false</useDomainConstraints>
<use>1</use>
<logicalDatatype>LOGDT007</logicalDatatype>
<ownDataTypeParameters>,,</ownDataTypeParameters>
<autoIncrementCycle>false</autoIncrementCycle>
</Column>
<Column name="descripcion" id="BDDEC85C-584D-77C2-9699-754AA4FFB7F4">
<createdBy>Lenovo</createdBy>
<createdTime>2025-10-10 23:31:30 UTC</createdTime>
<generatorID>62810EBD-2C3B-F485-D166-23D8E3431617</generatorID>
<ownerDesignName>notacionbarkerS9</ownerDesignName>
<useDomainConstraints>false</useDomainConstraints>
<use>1</use>
<logicalDatatype>LOGDT024</logicalDatatype>
<dataTypeSize>50</dataTypeSize>
<ownDataTypeParameters>50,,</ownDataTypeParameters>
<autoIncrementCycle>false</autoIncrementCycle>
</Column>
<Column name="cod_maquina" id="40BE6D87-3A27-3107-F11E-A13C707D98B0">
<createdBy>Lenovo</createdBy>
<createdTime>2025-10-10 23:31:30 UTC</createdTime>
<generatorID>AD40EBA4-D2E0-31AF-53CE-A596AE29EF04</generatorID>
<ownerDesignName>notacionbarkerS9</ownerDesignName>
<useDomainConstraints>false</useDomainConstraints>
<use>1</use>
<logicalDatatype>LOGDT019</logicalDatatype>
<dataTypePrecision>4</dataTypePrecision>
<ownDataTypeParameters>,,</ownDataTypeParameters>
<previousColumn>false</previousColumn>
<autoIncrementCycle>false</autoIncrementCycle>
<associations>
<colAssociation fkAssociation="D3DB8135-F1C8-E513-821B-BA8F2073484D" referredColumn="CC9A4CE8-BD1F-9D77-B717-5CBBCBBF292D"/>
</associations>
</Column>
</columns>
<indexes itemClass="oracle.dbtools.crest.model.design.relational.Index">
<ind_PK_UK id="72F3F3F6-F238-823E-BD37-52F376F03CD4" name="ORDEN_MANTENCION_PK">
<createdBy>Lenovo</createdBy>
<createdTime>2025-10-10 23:31:30 UTC</createdTime>
<generatorID>9873212D-E633-DF95-D69C-296B13FF2D2C</generatorID>
<ownerDesignName>notacionbarkerS9</ownerDesignName>
<pk>true</pk>
<indexState>Primary Constraint</indexState>
<isSurrogateKey>false</isSurrogateKey>
<indexColumnUsage>
<colUsage columnID="0C45C336-06CB-66EE-142F-AFA56FDE6B30"/>
</indexColumnUsage>
</ind_PK_UK>
<ind_PK_UK id="748A45F0-69F9-50C8-96A1-349F970A4E7A" name="ORDEN_MANTENCION_MAQUINA_FK">
<createdBy>Lenovo</createdBy>
<createdTime>2025-10-10 23:31:30 UTC</createdTime>
<generatorID>A5930017-2593-2C0D-85F0-EB15F27F654F</generatorID>
<ownerDesignName>notacionbarkerS9</ownerDesignName>
<indexState>Foreign Key</indexState>
<isSurrogateKey>false</isSurrogateKey>
<indexColumnUsage>
<colUsage columnID="40BE6D87-3A27-3107-F11E-A13C707D98B0"/>
</indexColumnUsage>
</ind_PK_UK>
</indexes>
</Table>