<?xml version = '1.0' encoding = 'UTF-8'?>
<Table class="oracle.dbtools.crest.model.design.relational.Table" directorySegmentName="seg_0" id="6BB7E6E9-6137-A1AD-F96C-A890205624A6" name="ASIG_TURNO">
<createdBy>Lenovo</createdBy>
<createdTime>2025-10-10 23:31:30 UTC</createdTime>
<generatorID>0697D94C-5896-2F69-1630-3E8E2C36C0DE</generatorID>
<ownerDesignName>notacionbarkerS9</ownerDesignName>
<allowColumnReorder>false</allowColumnReorder>
<existDependencyGenerateInDDl>true</existDependencyGenerateInDDl>
<parsed>true</parsed>
<columns itemClass="oracle.dbtools.crest.model.design.relational.Column">
<Column name="cod_personal" id="D0D57E39-3E7B-A95A-0341-CBE16D880033">
<createdBy>Lenovo</createdBy>
<createdTime>2025-10-10 23:31:30 UTC</createdTime>
<generatorID>F11F693E-D390-BE3F-957D-B9B60283F4FB</generatorID>
<ownerDesignName>notacionbarkerS9</ownerDesignName>
<useDomainConstraints>false</useDomainConstraints>
<use>1</use>
<logicalDatatype>LOGDT019</logicalDatatype>
<dataTypePrecision>3</dataTypePrecision>
<ownDataTypeParameters>,,</ownDataTypeParameters>
<previousColumn>false</previousColumn>
<autoIncrementCycle>false</autoIncrementCycle>
<associations>
<colAssociation fkAssociation="226EF4D6-E8B0-67FE-213C-3BED83F2A563" referredColumn="01E109AE-8C75-18B2-F365-8317CA52F6A7"/>
</associations>
</Column>
<Column name="cod_turno" id="57BFE880-529F-9E5F-456C-DEECBE8A8BA8">
<createdBy>Lenovo</createdBy>
<createdTime>2025-10-10 23:31:30 UTC</createdTime>
<generatorID>E58380D5-8F7C-19BA-4C0A-B96FF7B7879A</generatorID>
<ownerDesignName>notacionbarkerS9</ownerDesignName>
<useDomainConstraints>false</useDomainConstraints>
<use>1</use>
<logicalDatatype>LOGDT019</logicalDatatype>
<dataTypePrecision>2</dataTypePrecision>
<ownDataTypeParameters>,,</ownDataTypeParameters>
<previousColumn>false</previousColumn>
<autoIncrementCycle>false</autoIncrementCycle>
<associations>
<colAssociation fkAssociation="A12CD9B8-0AD3-A1C7-4335-3E2D9E9C078B" referredColumn="BBDC5F42-E4E5-B604-E8FA-44A546E45BDB"/>
</associations>
</Column>
<Column name="cod_maquina" id="DF3C0B12-CB7B-51FC-BB61-6F17B49CA3DB">
<createdBy>Lenovo</createdBy>
<createdTime>2025-10-10 23:31:30 UTC</createdTime>
<generatorID>DEBB9081-B8A3-8138-F081-0FA5492183D4</generatorID>
<ownerDesignName>notacionbarkerS9</ownerDesignName>
<useDomainConstraints>false</useDomainConstraints>
<use>1</use>
<logicalDatatype>LOGDT019</logicalDatatype>
<dataTypePrecision>4</dataTypePrecision>
<ownDataTypeParameters>,,</ownDataTypeParameters>
<previousColumn>false</previousColumn>
<autoIncrementCycle>false</autoIncrementCycle>
<associations>
<colAssociation fkAssociation="E361F1C1-A9DE-1548-E135-79B1927F4D87" referredColumn="CC9A4CE8-BD1F-9D77-B717-5CBBCBBF292D"/>
</associations>
</Column>
<Column name="rol" id="07205545-8E48-443F-7B1C-3E06BC1A3A6A">
<createdBy>Lenovo</createdBy>
<createdTime>2025-10-10 23:31:30 UTC</createdTime>
<generatorID>269DEC5B-BAA6-70AF-0124-523DE08B9D2A</generatorID>
<ownerDesignName>notacionbarkerS9</ownerDesignName>
<nullsAllowed>true</nullsAllowed>
<useDomainConstraints>false</useDomainConstraints>
<use>1</use>
<logicalDatatype>LOGDT024</logicalDatatype>
<dataTypeSize>20</dataTypeSize>
<ownDataTypeParameters>20,,</ownDataTypeParameters>
<autoIncrementCycle>false</autoIncrementCycle>
</Column>
</columns>
<indexes itemClass="oracle.dbtools.crest.model.design.relational.Index">
<ind_PK_UK id="34E78813-4CD5-31B5-BCB8-B9B171701972" name="ASIG_TURNO_PK">
<createdBy>Lenovo</createdBy>
<createdTime>2025-10-10 23:31:30 UTC</createdTime>
<generatorID>14BAAD42-5AA0-3637-0E31-9A6DB3B323F7</generatorID>
<ownerDesignName>notacionbarkerS9</ownerDesignName>
<pk>true</pk>
<indexState>Primary Constraint</indexState>
<isSurrogateKey>false</isSurrogateKey>
<indexColumnUsage>
<colUsage columnID="D0D57E39-3E7B-A95A-0341-CBE16D880033"/>
<colUsage columnID="57BFE880-529F-9E5F-456C-DEECBE8A8BA8"/>
</indexColumnUsage>
</ind_PK_UK>
<ind_PK_UK id="F1ECFD5A-272E-1297-B5C9-24C139FB406F" name="ASIG_TURNO_PERSONAL_FK">
<createdBy>Lenovo</createdBy>
<createdTime>2025-10-10 23:31:30 UTC</createdTime>
<generatorID>7694342E-F21C-8291-AB9C-66DD830F8A96</generatorID>
<ownerDesignName>notacionbarkerS9</ownerDesignName>
<indexState>Foreign Key</indexState>
<isSurrogateKey>false</isSurrogateKey>
<indexColumnUsage>
<colUsage columnID="D0D57E39-3E7B-A95A-0341-CBE16D880033"/>
</indexColumnUsage>
</ind_PK_UK>
<ind_PK_UK id="C5167816-C0DA-F8B6-A1F0-CD87B549C97E" name="ASIG_TURNO_TURNO_FK">
<createdBy>Lenovo</createdBy>
<createdTime>2025-10-10 23:31:30 UTC</createdTime>
<generatorID>7E1B4FA2-5601-8DF0-5ADE-58074C31A4E0</generatorID>
<ownerDesignName>notacionbarkerS9</ownerDesignName>
<indexState>Foreign Key</indexState>
<isSurrogateKey>false</isSurrogateKey>
<indexColumnUsage>
<colUsage columnID="57BFE880-529F-9E5F-456C-DEECBE8A8BA8"/>
</indexColumnUsage>
</ind_PK_UK>
<ind_PK_UK id="3F95A3F1-F77C-6325-C94E-571957891736" name="ASIG_TURNO_MAQUINA_FK">
<createdBy>Lenovo</createdBy>
<createdTime>2025-10-10 23:31:30 UTC</createdTime>
<generatorID>81D031B7-E88B-CE14-5C32-3E2F4557D593</generatorID>
<ownerDesignName>notacionbarkerS9</ownerDesignName>
<indexState>Foreign Key</indexState>
<isSurrogateKey>false</isSurrogateKey>
<indexColumnUsage>
<colUsage columnID="DF3C0B12-CB7B-51FC-BB61-6F17B49CA3DB"/>
</indexColumnUsage>
</ind_PK_UK>
</indexes>
</Table>