<?xml version = '1.0' encoding = 'UTF-8'?>
<Table class="oracle.dbtools.crest.model.design.relational.Table" directorySegmentName="seg_0" id="8609D237-30BA-CCFA-A117-F5B45FB62FAC" name="PERSONAL">
<createdBy>Lenovo</createdBy>
<createdTime>2025-10-10 23:31:30 UTC</createdTime>
<generatorID>4CEE6DEF-05F4-045B-B5B6-95D0FEEB584D</generatorID>
<ownerDesignName>notacionbarkerS9</ownerDesignName>
<allowColumnReorder>false</allowColumnReorder>
<existDependencyGenerateInDDl>true</existDependencyGenerateInDDl>
<parsed>true</parsed>
<columns itemClass="oracle.dbtools.crest.model.design.relational.Column">
<Column name="id_personal" id="01E109AE-8C75-18B2-F365-8317CA52F6A7">
<createdBy>Lenovo</createdBy>
<createdTime>2025-10-10 23:31:30 UTC</createdTime>
<generatorID>3283B69F-426F-776E-B050-FEE410210E46</generatorID>
<ownerDesignName>notacionbarkerS9</ownerDesignName>
<useDomainConstraints>false</useDomainConstraints>
<use>1</use>
<logicalDatatype>LOGDT019</logicalDatatype>
<dataTypePrecision>3</dataTypePrecision>
<ownDataTypeParameters>,3,</ownDataTypeParameters>
<autoIncrementCycle>false</autoIncrementCycle>
</Column>
<Column name="rut" id="719C8792-FB45-2877-4568-5748662482E1">
<createdBy>Lenovo</createdBy>
<createdTime>2025-10-10 23:31:30 UTC</createdTime>
<generatorID>AB83336F-CF4C-6B49-0D23-5E29B5C39712</generatorID>
<ownerDesignName>notacionbarkerS9</ownerDesignName>
<useDomainConstraints>false</useDomainConstraints>
<use>1</use>
<logicalDatatype>LOGDT019</logicalDatatype>
<dataTypePrecision>10</dataTypePrecision>
<ownDataTypeParameters>,10,</ownDataTypeParameters>
<autoIncrementCycle>false</autoIncrementCycle>
</Column>
<Column name="nom_personal" id="3B302D43-F10C-37FB-1596-D3C644C887B1">
<createdBy>Lenovo</createdBy>
<createdTime>2025-10-10 23:31:30 UTC</createdTime>
<generatorID>41B0C87A-E85D-B4F9-BD73-1477A5AC0173</generatorID>
<ownerDesignName>notacionbarkerS9</ownerDesignName>
<useDomainConstraints>false</useDomainConstraints>
<use>1</use>
<logicalDatatype>LOGDT024</logicalDatatype>
<dataTypeSize>12</dataTypeSize>
<ownDataTypeParameters>12,,</ownDataTypeParameters>
<autoIncrementCycle>false</autoIncrementCycle>
</Column>
<Column name="apellido_paterno" id="E059E660-6010-A238-9911-AC3333780CB4">
<createdBy>Lenovo</createdBy>
<createdTime>2025-10-10 23:31:30 UTC</createdTime>
<generatorID>B35EDDFE-01B0-5AF6-019A-2D3F75D97EAC</generatorID>
<ownerDesignName>notacionbarkerS9</ownerDesignName>
<useDomainConstraints>false</useDomainConstraints>
<use>1</use>
<logicalDatatype>LOGDT024</logicalDatatype>
<dataTypeSize>15</dataTypeSize>
<ownDataTypeParameters>15,,</ownDataTypeParameters>
<autoIncrementCycle>false</autoIncrementCycle>
</Column>
<Column name="apellido_materno" id="0720927C-A229-6E5B-0F1C-3E8D5889E86F">
<createdBy>Lenovo</createdBy>
<createdTime>2025-10-10 23:31:30 UTC</createdTime>
<generatorID>2915DFE8-DE53-1489-3CB0-7DEE391650DB</generatorID>
<ownerDesignName>notacionbarkerS9</ownerDesignName>
<useDomainConstraints>false</useDomainConstraints>
<use>1</use>
<logicalDatatype>LOGDT024</logicalDatatype>
<dataTypeSize>15</dataTypeSize>
<ownDataTypeParameters>15,,</ownDataTypeParameters>
<autoIncrementCycle>false</autoIncrementCycle>
</Column>
<Column name="fecha_contratacion" id="B34EC62B-646C-64A0-F04E-C5B77287CA3E">
<createdBy>Lenovo</createdBy>
<createdTime>2025-10-10 23:31:30 UTC</createdTime>
<generatorID>0442B90B-11D9-04E3-9281-0FD68B6DC3B7</generatorID>
<ownerDesignName>notacionbarkerS9</ownerDesignName>
<useDomainConstraints>false</useDomainConstraints>
<use>1</use>
<logicalDatatype>LOGDT007</logicalDatatype>
<ownDataTypeParameters>,,</ownDataTypeParameters>
<autoIncrementCycle>false</autoIncrementCycle>
</Column>
<Column name="sueldo_base" id="CA726ABA-674D-8130-8C01-30760F7D6596">
<createdBy>Lenovo</createdBy>
<createdTime>2025-10-10 23:31:30 UTC</createdTime>
<generatorID>5D874DFB-DB96-BD9E-A18D-DBC8FB2311C3</generatorID>
<ownerDesignName>notacionbarkerS9</ownerDesignName>
<useDomainConstraints>false</useDomainConstraints>
<use>1</use>
<logicalDatatype>LOGDT019</logicalDatatype>
<dataTypePrecision>7</dataTypePrecision>
<ownDataTypeParameters>,7,</ownDataTypeParameters>
<autoIncrementCycle>false</autoIncrementCycle>
</Column>
<Column name="estado_personal" id="4BBE80C6-DF72-0CF8-A8F1-787C187E3BED">
<createdBy>Lenovo</createdBy>
<createdTime>2025-10-10 23:31:30 UTC</createdTime>
<generatorID>1649F5D0-1C48-F4AC-4582-72356B6D3657</generatorID>
<ownerDesignName>notacionbarkerS9</ownerDesignName>
<useDomainConstraints>false</useDomainConstraints>
<use>1</use>
<logicalDatatype>LOGDT025</logicalDatatype>
<dataTypeSize>1</dataTypeSize>
<ownDataTypeParameters>1,,</ownDataTypeParameters>
<autoIncrementCycle>false</autoIncrementCycle>
</Column>
<Column name="tipo_personal" id="482E23B3-AA52-D0BD-DB89-B7076B2D3B68">
<createdBy>Lenovo</createdBy>
<createdTime>2025-10-10 23:59:01 UTC</createdTime>
<ownerDesignName>notacionbarkerS9</ownerDesignName>
<useDomainConstraints>false</useDomainConstraints>
<use>1</use>
<logicalDatatype>LOGDT024</logicalDatatype>
<dataTypeSize>25</dataTypeSize>
<ownDataTypeParameters>25,,</ownDataTypeParameters>
<autoIncrementCycle>false</autoIncrementCycle>
</Column>
<Column name="cod_planta" id="8A0281C8-3B9B-A3EF-01FE-ECE63177E370">
<createdBy>Lenovo</createdBy>
<createdTime>2025-10-10 23:31:30 UTC</createdTime>
<generatorID>51686B74-1A35-4BED-E0A2-9B3C734ABDE0</generatorID>
<ownerDesignName>notacionbarkerS9</ownerDesignName>
<useDomainConstraints>false</useDomainConstraints>
<use>1</use>
<logicalDatatype>LOGDT019</logicalDatatype>
<dataTypePrecision>3</dataTypePrecision>
<ownDataTypeParameters>,,</ownDataTypeParameters>
<previousColumn>false</previousColumn>
<autoIncrementCycle>false</autoIncrementCycle>
<associations>
<colAssociation fkAssociation="9FEE51C1-D424-8DD7-CC4F-4702BCB7361A" referredColumn="99793D71-27A2-4697-4E69-31B840C0FD85"/>
</associations>
</Column>
<Column name="cod_afp" id="FA094410-E8AA-20A4-542C-BD12B1F20952">
<createdBy>Lenovo</createdBy>
<createdTime>2025-10-10 23:31:30 UTC</createdTime>
<generatorID>5F0DF88A-DAF0-DC38-76FB-B60A709EEF26</generatorID>
<ownerDesignName>notacionbarkerS9</ownerDesignName>
<useDomainConstraints>false</useDomainConstraints>
<use>1</use>
<logicalDatatype>LOGDT019</logicalDatatype>
<dataTypePrecision>2</dataTypePrecision>
<ownDataTypeParameters>,,</ownDataTypeParameters>
<previousColumn>false</previousColumn>
<autoIncrementCycle>false</autoIncrementCycle>
<associations>
<colAssociation fkAssociation="57A5B9BF-F023-567E-4FF6-33C967499D56" referredColumn="A3FA5CA7-C1C0-AF80-D03B-E8C1FCB2203C"/>
</associations>
</Column>
<Column name="cod_salud" id="A425591A-B15C-0619-2F89-86D354691273">
<createdBy>Lenovo</createdBy>
<createdTime>2025-10-10 23:31:30 UTC</createdTime>
<generatorID>A954F706-A1DF-9263-1942-FCD16977CC33</generatorID>
<ownerDesignName>notacionbarkerS9</ownerDesignName>
<useDomainConstraints>false</useDomainConstraints>
<use>1</use>
<logicalDatatype>LOGDT019</logicalDatatype>
<dataTypePrecision>2</dataTypePrecision>
<ownDataTypeParameters>,,</ownDataTypeParameters>
<previousColumn>false</previousColumn>
<autoIncrementCycle>false</autoIncrementCycle>
<associations>
<colAssociation fkAssociation="7EDF7FED-39C2-F5E1-0F62-DDBF50B23B9F" referredColumn="0236F93A-3AD3-0F53-283C-6EAE43C86FD3"/>
</associations>
</Column>
<Column name="cod_personal" id="2F979431-3B97-795F-4350-58F4591CDE84">
<createdBy>Lenovo</createdBy>
<createdTime>2025-10-10 23:31:30 UTC</createdTime>
<generatorID>3B109DD4-0666-6426-EDAD-9F46A9C1140D</generatorID>
<ownerDesignName>notacionbarkerS9</ownerDesignName>
<useDomainConstraints>false</useDomainConstraints>
<use>1</use>
<logicalDatatype>LOGDT019</logicalDatatype>
<dataTypePrecision>3</dataTypePrecision>
<ownDataTypeParameters>,,</ownDataTypeParameters>
<previousColumn>false</previousColumn>
<autoIncrementCycle>false</autoIncrementCycle>
<associations>
<colAssociation fkAssociation="637827C9-3EEF-2C4D-E96D-EA92F308709A" referredColumn="01E109AE-8C75-18B2-F365-8317CA52F6A7"/>
</associations>
</Column>
</columns>
<indexes itemClass="oracle.dbtools.crest.model.design.relational.Index">
<ind_PK_UK id="284171A9-7A41-5B74-DE89-074B2BC17E34" name="PERSONAL_PK">
<createdBy>Lenovo</createdBy>
<createdTime>2025-10-10 23:31:30 UTC</createdTime>
<generatorID>2C3B876A-6BF0-21F9-41ED-0EA1F0CE1733</generatorID>
<ownerDesignName>notacionbarkerS9</ownerDesignName>
<pk>true</pk>
<indexState>Primary Constraint</indexState>
<isSurrogateKey>false</isSurrogateKey>
<indexColumnUsage>
<colUsage columnID="01E109AE-8C75-18B2-F365-8317CA52F6A7"/>
</indexColumnUsage>
</ind_PK_UK>
<ind_PK_UK id="ED12A0C6-F9B1-FF41-7DBA-F1A3E6275CDD" name="PERSONAL_PLANTA_FK">
<createdBy>Lenovo</createdBy>
<createdTime>2025-10-10 23:31:30 UTC</createdTime>
<generatorID>78B700C5-A4E9-59EC-FC81-38E44E026105</generatorID>
<ownerDesignName>notacionbarkerS9</ownerDesignName>
<indexState>Foreign Key</indexState>
<isSurrogateKey>false</isSurrogateKey>
<indexColumnUsage>
<colUsage columnID="8A0281C8-3B9B-A3EF-01FE-ECE63177E370"/>
</indexColumnUsage>
</ind_PK_UK>
<ind_PK_UK id="95EAB215-3960-2947-A4E5-6DBB17E54DCD" name="PERSONAL_AFP_FK">
<createdBy>Lenovo</createdBy>
<createdTime>2025-10-10 23:31:30 UTC</createdTime>
<generatorID>2EF34F0E-A68F-E981-DDF2-CC2C58DD8FA7</generatorID>
<ownerDesignName>notacionbarkerS9</ownerDesignName>
<indexState>Foreign Key</indexState>
<isSurrogateKey>false</isSurrogateKey>
<indexColumnUsage>
<colUsage columnID="FA094410-E8AA-20A4-542C-BD12B1F20952"/>
</indexColumnUsage>
</ind_PK_UK>
<ind_PK_UK id="34626776-37F8-6653-3899-A1B83D6C4DD4" name="PERSONAL_SALUD_FK">
<createdBy>Lenovo</createdBy>
<createdTime>2025-10-10 23:31:30 UTC</createdTime>
<generatorID>DCC65441-CF6D-6486-5941-999D74D0DC9B</generatorID>
<ownerDesignName>notacionbarkerS9</ownerDesignName>
<indexState>Foreign Key</indexState>
<isSurrogateKey>false</isSurrogateKey>
<indexColumnUsage>
<colUsage columnID="A425591A-B15C-0619-2F89-86D354691273"/>
</indexColumnUsage>
</ind_PK_UK>
<ind_PK_UK id="629B8A74-DB13-9307-821C-9485B6B388FE" name="PERSONAL_PERSONAL_FK">
<createdBy>Lenovo</createdBy>
<createdTime>2025-10-10 23:31:30 UTC</createdTime>
<generatorID>54D5530D-DA54-4C98-1C88-3108E7DEA08A</generatorID>
<ownerDesignName>notacionbarkerS9</ownerDesignName>
<indexState>Foreign Key</indexState>
<isSurrogateKey>false</isSurrogateKey>
<indexColumnUsage>
<colUsage columnID="2F979431-3B97-795F-4350-58F4591CDE84"/>
</indexColumnUsage>
</ind_PK_UK>
</indexes>
</Table>