<?xml version = '1.0' encoding = 'UTF-8'?>
<Table class="oracle.dbtools.crest.model.design.relational.Table" directorySegmentName="seg_0" id="97687235-822F-BF3E-35C9-CFF0445738A4" name="COMUNA">
<createdBy>Lenovo</createdBy>
<createdTime>2025-10-10 23:31:30 UTC</createdTime>
<generatorID>90B6577F-01AC-A907-6DF8-047119AFB84C</generatorID>
<ownerDesignName>notacionbarkerS9</ownerDesignName>
<allowColumnReorder>false</allowColumnReorder>
<existDependencyGenerateInDDl>true</existDependencyGenerateInDDl>
<parsed>true</parsed>
<columns itemClass="oracle.dbtools.crest.model.design.relational.Column">
<Column name="id_comuna" id="A87BCA9A-58E9-3619-A333-562F55ABE3BA">
<createdBy>Lenovo</createdBy>
<createdTime>2025-10-10 23:31:30 UTC</createdTime>
<generatorID>039BAF18-753B-EB5A-ECC8-739B5B32A1E8</generatorID>
<ownerDesignName>notacionbarkerS9</ownerDesignName>
<useDomainConstraints>false</useDomainConstraints>
<use>1</use>
<logicalDatatype>LOGDT019</logicalDatatype>
<dataTypePrecision>3</dataTypePrecision>
<ownDataTypeParameters>,3,</ownDataTypeParameters>
<autoIncrementCycle>false</autoIncrementCycle>
</Column>
<Column name="nom_comuna" id="7AC021A9-7E5C-24F8-B7E0-441B674DE1E9">
<createdBy>Lenovo</createdBy>
<createdTime>2025-10-10 23:31:30 UTC</createdTime>
<generatorID>7C58A9CF-B4E6-A7AE-A2C8-EF433E219262</generatorID>
<ownerDesignName>notacionbarkerS9</ownerDesignName>
<useDomainConstraints>false</useDomainConstraints>
<use>1</use>
<logicalDatatype>LOGDT024</logicalDatatype>
<dataTypeSize>15</dataTypeSize>
<ownDataTypeParameters>15,,</ownDataTypeParameters>
<autoIncrementCycle>false</autoIncrementCycle>
</Column>
<Column name="cod_region" id="B827E7FA-4AAB-7FF7-6B64-B27EDBFECD69">
<createdBy>Lenovo</createdBy>
<createdTime>2025-10-10 23:31:30 UTC</createdTime>
<generatorID>8EB5EAA3-E96A-A3CC-74C0-1847F36A75D7</generatorID>
<ownerDesignName>notacionbarkerS9</ownerDesignName>
<useDomainConstraints>false</useDomainConstraints>
<use>1</use>
<logicalDatatype>LOGDT019</logicalDatatype>
<dataTypePrecision>2</dataTypePrecision>
<ownDataTypeParameters>,,</ownDataTypeParameters>
<previousColumn>false</previousColumn>
<autoIncrementCycle>false</autoIncrementCycle>
<associations>
<colAssociation fkAssociation="072D1C1B-DDA0-F1C4-5948-50288FECCBFC" referredColumn="0F9B56CB-EE52-7F10-3824-24EC2F128E97"/>
</associations>
</Column>
</columns>
<indexes itemClass="oracle.dbtools.crest.model.design.relational.Index">
<ind_PK_UK id="98DCC1C8-64E9-4A5E-FE24-1A29A260F1BE" name="COMUNA_PK">
<createdBy>Lenovo</createdBy>
<createdTime>2025-10-10 23:31:30 UTC</createdTime>
<generatorID>E6CF7FE9-F900-6AAF-314D-90EECC1A9782</generatorID>
<ownerDesignName>notacionbarkerS9</ownerDesignName>
<pk>true</pk>
<indexState>Primary Constraint</indexState>
<isSurrogateKey>false</isSurrogateKey>
<indexColumnUsage>
<colUsage columnID="A87BCA9A-58E9-3619-A333-562F55ABE3BA"/>
</indexColumnUsage>
</ind_PK_UK>
<ind_PK_UK id="D1DEB313-E286-13C2-5060-DFEDC7A3D630" name="COMUNA_REGION_FK">
<createdBy>Lenovo</createdBy>
<createdTime>2025-10-10 23:31:30 UTC</createdTime>
<generatorID>968B3581-1A29-F341-A6F1-4CE59DDB8628</generatorID>
<ownerDesignName>notacionbarkerS9</ownerDesignName>
<indexState>Foreign Key</indexState>
<isSurrogateKey>false</isSurrogateKey>
<indexColumnUsage>
<colUsage columnID="B827E7FA-4AAB-7FF7-6B64-B27EDBFECD69"/>
</indexColumnUsage>
</ind_PK_UK>
</indexes>
</Table>