<?xml version = '1.0' encoding = 'UTF-8'?>
<Table class="oracle.dbtools.crest.model.design.relational.Table" directorySegmentName="seg_0" id="BD3C0176-B491-6502-8A19-E8D55325D536" name="MAQUINA">
<createdBy>Lenovo</createdBy>
<createdTime>2025-10-10 23:31:30 UTC</createdTime>
<generatorID>EE9C5AD3-D391-D189-47DD-B2F05A7F6905</generatorID>
<ownerDesignName>notacionbarkerS9</ownerDesignName>
<allowColumnReorder>false</allowColumnReorder>
<existDependencyGenerateInDDl>true</existDependencyGenerateInDDl>
<parsed>true</parsed>
<columns itemClass="oracle.dbtools.crest.model.design.relational.Column">
<Column name="num_maquina" id="CC9A4CE8-BD1F-9D77-B717-5CBBCBBF292D">
<createdBy>Lenovo</createdBy>
<createdTime>2025-10-10 23:31:30 UTC</createdTime>
<generatorID>90EA46D4-3C4A-F15F-FBCB-81FBA8AC7850</generatorID>
<ownerDesignName>notacionbarkerS9</ownerDesignName>
<useDomainConstraints>false</useDomainConstraints>
<use>1</use>
<logicalDatatype>LOGDT019</logicalDatatype>
<dataTypePrecision>4</dataTypePrecision>
<ownDataTypeParameters>,4,</ownDataTypeParameters>
<autoIncrementCycle>false</autoIncrementCycle>
</Column>
<Column name="nom_maquina" id="54D1CA42-F4ED-F46E-6042-986BD3291678">
<createdBy>Lenovo</createdBy>
<createdTime>2025-10-10 23:31:30 UTC</createdTime>
<generatorID>37CE216E-E9A5-90D7-E71C-9C632EDDF56F</generatorID>
<ownerDesignName>notacionbarkerS9</ownerDesignName>
<useDomainConstraints>false</useDomainConstraints>
<use>1</use>
<logicalDatatype>LOGDT024</logicalDatatype>
<dataTypeSize>15</dataTypeSize>
<ownDataTypeParameters>15,,</ownDataTypeParameters>
<autoIncrementCycle>false</autoIncrementCycle>
</Column>
<Column name="estado_maquina" id="9E0218FB-32A6-271E-B14F-F9840F6DFCEB">
<createdBy>Lenovo</createdBy>
<createdTime>2025-10-10 23:31:30 UTC</createdTime>
<generatorID>F18AE72B-BD64-78AE-302F-9EB2989F3316</generatorID>
<ownerDesignName>notacionbarkerS9</ownerDesignName>
<useDomainConstraints>false</useDomainConstraints>
<use>1</use>
<logicalDatatype>LOGDT025</logicalDatatype>
<dataTypeSize>1</dataTypeSize>
<ownDataTypeParameters>1,,</ownDataTypeParameters>
<autoIncrementCycle>false</autoIncrementCycle>
</Column>
<Column name="tipo_maquina" id="8B956D5C-C2CF-C796-67D2-DB150BCE442F">
<createdBy>Lenovo</createdBy>
<createdTime>2025-10-10 23:31:30 UTC</createdTime>
<generatorID>D6555BDB-14BA-28E2-B470-36590681C975</generatorID>
<ownerDesignName>notacionbarkerS9</ownerDesignName>
<useDomainConstraints>false</useDomainConstraints>
<use>1</use>
<logicalDatatype>LOGDT024</logicalDatatype>
<dataTypeSize>20</dataTypeSize>
<ownDataTypeParameters>20,,</ownDataTypeParameters>
<autoIncrementCycle>false</autoIncrementCycle>
</Column>
<Column name="cod_planta" id="46807437-B58C-A68B-54BC-5545BFA873FE">
<createdBy>Lenovo</createdBy>
<createdTime>2025-10-10 23:31:30 UTC</createdTime>
<generatorID>30310A26-1F3F-3F09-7436-1C3A9E82C98E</generatorID>
<ownerDesignName>notacionbarkerS9</ownerDesignName>
<useDomainConstraints>false</useDomainConstraints>
<use>1</use>
<logicalDatatype>LOGDT019</logicalDatatype>
<dataTypePrecision>3</dataTypePrecision>
<ownDataTypeParameters>,,</ownDataTypeParameters>
<previousColumn>false</previousColumn>
<autoIncrementCycle>false</autoIncrementCycle>
<associations>
<colAssociation fkAssociation="9FF50FE8-6384-232A-1D31-5F5B2C5D6744" referredColumn="99793D71-27A2-4697-4E69-31B840C0FD85"/>
</associations>
</Column>
</columns>
<indexes itemClass="oracle.dbtools.crest.model.design.relational.Index">
<ind_PK_UK id="2169D510-B725-4735-4D55-CCBED8CC0004" name="MAQUINA_PK">
<createdBy>Lenovo</createdBy>
<createdTime>2025-10-10 23:31:30 UTC</createdTime>
<generatorID>6C601DA8-E9C1-28BB-5B9B-1A1229774F1B</generatorID>
<ownerDesignName>notacionbarkerS9</ownerDesignName>
<pk>true</pk>
<indexState>Primary Constraint</indexState>
<isSurrogateKey>false</isSurrogateKey>
<indexColumnUsage>
<colUsage columnID="CC9A4CE8-BD1F-9D77-B717-5CBBCBBF292D"/>
</indexColumnUsage>
</ind_PK_UK>
<ind_PK_UK id="164F60F2-EC0A-CEBD-78D9-BAAFC0B9829F" name="MAQUINA_PLANTA_FK">
<createdBy>Lenovo</createdBy>
<createdTime>2025-10-10 23:31:30 UTC</createdTime>
<generatorID>7DFF7117-EB15-9965-A593-C33CC6FAB0C3</generatorID>
<ownerDesignName>notacionbarkerS9</ownerDesignName>
<indexState>Foreign Key</indexState>
<isSurrogateKey>false</isSurrogateKey>
<indexColumnUsage>
<colUsage columnID="46807437-B58C-A68B-54BC-5545BFA873FE"/>
</indexColumnUsage>
</ind_PK_UK>
</indexes>
</Table>