<?xml version = '1.0' encoding = 'UTF-8'?>
<Relation class="oracle.dbtools.crest.model.design.logical.InheritanceRelation" name="Hierarchy_2" directorySegmentName="seg_0" id="68463175-448E-9A08-D3C7-F3110606CE36">
<createdBy>Lenovo</createdBy>
<createdTime>2025-09-08 03:24:51 UTC</createdTime>
<ownerDesignName>MBDsemana4</ownerDesignName>
<engineerTo>
<item key="C05E9530-BCE4-3EE1-BE54-884B440FE099" value="true"/>
</engineerTo>
<arc>8B4E443C-FEB5-FDD1-AEB5-ECBE6C73DC01</arc>
<identifying>false</identifying>
<nameOnSource>Super Type</nameOnSource>
<nameOnTarget>Sub Type</nameOnTarget>
<optionalSource>true</optionalSource>
<optionalTarget>true</optionalTarget>
<sourceEntity>DB8C21E8-1432-3882-05A1-C235709C7C7F</sourceEntity>
<targetEntity>503F0D4C-F66A-8BF3-3CAF-CF65A0F9671C</targetEntity>
<transferable>true</transferable>
<deleteRule>NO ACTION</deleteRule>
</Relation>