<?xml version = '1.0' encoding = 'UTF-8'?>
<Relation class="oracle.dbtools.crest.model.design.logical.InheritanceRelation" name="Hierarchy_2" directorySegmentName="seg_0" id="52ACF932-4D3A-874C-9FAB-943590260D11">
<createdBy>Lenovo</createdBy>
<createdTime>2025-10-10 22:55:38 UTC</createdTime>
<ownerDesignName>notacionrelacionalS9</ownerDesignName>
<engineerTo>
<item key="AA776637-AF4A-D775-40A3-6E40F5F8E04D" value="true"/>
</engineerTo>
<arc>2DA3DEED-769B-F434-54F6-62AD02AFBAA9</arc>
<identifying>false</identifying>
<nameOnSource>Super Type</nameOnSource>
<nameOnTarget>Sub Type</nameOnTarget>
<optionalSource>true</optionalSource>
<optionalTarget>true</optionalTarget>
<sourceEntity>4CEE6DEF-05F4-045B-B5B6-95D0FEEB584D</sourceEntity>
<targetEntity>6AC93B07-AAA0-3A54-805D-2C10DA0444C5</targetEntity>
<transferable>true</transferable>
<deleteRule>NO ACTION</deleteRule>
</Relation>
