<?xml version = '1.0' encoding = 'UTF-8'?>
<Table class="oracle.dbtools.crest.model.design.relational.Table" directorySegmentName="seg_0" id="215DE979-4CF8-0CBA-EEA7-A190B38F0A3B" name="METODO_PAGO">
<createdBy>Lenovo</createdBy>
<createdTime>2025-09-15 01:46:45 UTC</createdTime>
<generatorID>6E9AD735-CB18-2DC7-CB9D-B8114F1DAAE7</generatorID>
<ownerDesignName>MBD_semana5</ownerDesignName>
<allowColumnReorder>false</allowColumnReorder>
<existDependencyGenerateInDDl>true</existDependencyGenerateInDDl>
<parsed>true</parsed>
<columns itemClass="oracle.dbtools.crest.model.design.relational.Column">
<Column name="id_metodo_pago" id="3D18191E-3354-A6CB-2765-8D289083D872">
<createdBy>Lenovo</createdBy>
<createdTime>2025-09-15 01:46:45 UTC</createdTime>
<generatorID>C5ABBE1D-B708-9623-8623-04DAD5F3B74D</generatorID>
<ownerDesignName>MBD_semana5</ownerDesignName>
<useDomainConstraints>false</useDomainConstraints>
<use>1</use>
<logicalDatatype>LOGDT019</logicalDatatype>
<dataTypePrecision>1</dataTypePrecision>
<ownDataTypeParameters>,1,</ownDataTypeParameters>
<autoIncrementCycle>false</autoIncrementCycle>
</Column>
<Column name="nombre_metodo_pago" id="C9A1B3FD-4D81-3FCB-D9AE-74709D3C67C8">
<createdBy>Lenovo</createdBy>
<createdTime>2025-09-15 01:46:45 UTC</createdTime>
<generatorID>99FB0CF7-A064-7076-04D3-1DB3BEB7ED87</generatorID>
<ownerDesignName>MBD_semana5</ownerDesignName>
<useDomainConstraints>false</useDomainConstraints>
<use>1</use>
<logicalDatatype>LOGDT024</logicalDatatype>
<dataTypeSize>10</dataTypeSize>
<ownDataTypeParameters>10,,</ownDataTypeParameters>
<autoIncrementCycle>false</autoIncrementCycle>
</Column>
</columns>
<indexes itemClass="oracle.dbtools.crest.model.design.relational.Index">
<ind_PK_UK id="FEB3118F-BD6D-52DF-E201-96C5394A4364" name="METODO_PAGO_PK">
<createdBy>Lenovo</createdBy>
<createdTime>2025-09-15 01:46:45 UTC</createdTime>
<generatorID>82E4D5F7-1144-A608-2AEF-B37E9C606FCD</generatorID>
<ownerDesignName>MBD_semana5</ownerDesignName>
<pk>true</pk>
<indexState>Primary Constraint</indexState>
<isSurrogateKey>false</isSurrogateKey>
<indexColumnUsage>
<colUsage columnID="3D18191E-3354-A6CB-2765-8D289083D872"/>
</indexColumnUsage>
</ind_PK_UK>
</indexes>
</Table>
