<?xml version = '1.0' encoding = 'UTF-8'?>
<Table class="oracle.dbtools.crest.model.design.relational.Table" directorySegmentName="seg_0" id="560C62C0-0953-D822-C7EE-6C797F32F62B" name="MEDICO">
<createdBy>Lenovo</createdBy>
<createdTime>2025-09-15 01:46:45 UTC</createdTime>
<generatorID>7B0E6586-AA62-D365-FCB6-BE8E60DDFCC5</generatorID>
<ownerDesignName>MBD_semana5</ownerDesignName>
<allowColumnReorder>false</allowColumnReorder>
<existDependencyGenerateInDDl>true</existDependencyGenerateInDDl>
<parsed>true</parsed>
<columns itemClass="oracle.dbtools.crest.model.design.relational.Column">
<Column name="id_medico" id="1499EFF9-AB7F-262D-DF12-98F844B53ED1">
<createdBy>Lenovo</createdBy>
<createdTime>2025-09-15 01:46:45 UTC</createdTime>
<generatorID>B6E66E7B-EA74-60C4-FD90-DACAC8465680</generatorID>
<ownerDesignName>MBD_semana5</ownerDesignName>
<useDomainConstraints>false</useDomainConstraints>
<use>1</use>
<logicalDatatype>LOGDT019</logicalDatatype>
<dataTypePrecision>4</dataTypePrecision>
<ownDataTypeParameters>,4,</ownDataTypeParameters>
<autoIncrementCycle>false</autoIncrementCycle>
</Column>
<Column name="rut_medico" id="8BE0504F-FC84-56BD-277F-D4383EAAC14D">
<createdBy>Lenovo</createdBy>
<createdTime>2025-09-15 01:46:45 UTC</createdTime>
<generatorID>4E218A82-B7F0-99A3-B6CD-373442D9C581</generatorID>
<ownerDesignName>MBD_semana5</ownerDesignName>
<useDomainConstraints>false</useDomainConstraints>
<use>1</use>
<logicalDatatype>LOGDT024</logicalDatatype>
<dataTypeSize>10</dataTypeSize>
<ownDataTypeParameters>10,,</ownDataTypeParameters>
<autoIncrementCycle>false</autoIncrementCycle>
</Column>
<Column name="nombre_medico" id="B36BA888-F131-4CFB-4455-CE567C49A810">
<createdBy>Lenovo</createdBy>
<createdTime>2025-09-15 01:46:45 UTC</createdTime>
<generatorID>7F72722C-E0B1-ED23-DA77-0A912C310EA5</generatorID>
<ownerDesignName>MBD_semana5</ownerDesignName>
<useDomainConstraints>false</useDomainConstraints>
<use>1</use>
<logicalDatatype>LOGDT024</logicalDatatype>
<dataTypeSize>30</dataTypeSize>
<ownDataTypeParameters>30,,</ownDataTypeParameters>
<autoIncrementCycle>false</autoIncrementCycle>
</Column>
<Column name="fecha_ingreso_medico" id="547BCE7D-BC3F-48AA-B7FA-3145E5F539CA">
<createdBy>Lenovo</createdBy>
<createdTime>2025-09-15 01:46:45 UTC</createdTime>
<generatorID>5B2CF5A0-C7BA-7B6D-326F-7369F87358D1</generatorID>
<ownerDesignName>MBD_semana5</ownerDesignName>
<useDomainConstraints>false</useDomainConstraints>
<use>1</use>
<logicalDatatype>LOGDT007</logicalDatatype>
<ownDataTypeParameters>,,</ownDataTypeParameters>
<autoIncrementCycle>false</autoIncrementCycle>
</Column>
<Column name="ESPECIALIDAD_id_especialidad" id="9996804D-654E-0580-531D-8E64F6047B2D">
<createdBy>Lenovo</createdBy>
<createdTime>2025-09-15 01:46:45 UTC</createdTime>
<generatorID>EDB31E2B-4F6C-E97C-ECD5-865F9FCBD3BD</generatorID>
<ownerDesignName>MBD_semana5</ownerDesignName>
<useDomainConstraints>false</useDomainConstraints>
<use>1</use>
<logicalDatatype>LOGDT019</logicalDatatype>
<dataTypePrecision>3</dataTypePrecision>
<ownDataTypeParameters>,,</ownDataTypeParameters>
<previousColumn>false</previousColumn>
<autoIncrementCycle>false</autoIncrementCycle>
<associations>
<colAssociation fkAssociation="8E8031AE-70A4-D1E5-B5BB-F16D28B84994" referredColumn="78708A88-D6A8-9D45-C52E-FEEBEA19DA6F"/>
</associations>
</Column>
<Column name="AFP_id_afp" id="6F08FA38-3090-A474-966B-72743EEEC8C7">
<createdBy>Lenovo</createdBy>
<createdTime>2025-09-15 01:46:45 UTC</createdTime>
<generatorID>01B66AAA-0335-0199-2CC9-0341B7A9CD55</generatorID>
<ownerDesignName>MBD_semana5</ownerDesignName>
<useDomainConstraints>false</useDomainConstraints>
<use>1</use>
<logicalDatatype>LOGDT019</logicalDatatype>
<dataTypePrecision>2</dataTypePrecision>
<ownDataTypeParameters>,,</ownDataTypeParameters>
<previousColumn>false</previousColumn>
<autoIncrementCycle>false</autoIncrementCycle>
<associations>
<colAssociation fkAssociation="DBD7E95C-14AF-F5D8-627A-401AB2A143F7" referredColumn="56D4FD8E-3676-D1A8-512C-8B39F5303F42"/>
</associations>
</Column>
<Column name="MEDICO_id_medico" id="E674747F-CC48-531A-033D-2E5A7344E173">
<createdBy>Lenovo</createdBy>
<createdTime>2025-09-15 01:46:45 UTC</createdTime>
<generatorID>99D22420-9F13-A935-3117-E52F415AC98C</generatorID>
<ownerDesignName>MBD_semana5</ownerDesignName>
<nullsAllowed>true</nullsAllowed>
<useDomainConstraints>false</useDomainConstraints>
<use>1</use>
<logicalDatatype>LOGDT019</logicalDatatype>
<dataTypePrecision>4</dataTypePrecision>
<ownDataTypeParameters>,,</ownDataTypeParameters>
<previousColumn>false</previousColumn>
<autoIncrementCycle>false</autoIncrementCycle>
<associations>
<colAssociation fkAssociation="EE7B3EF4-A1C5-AA89-F267-3DC337E7E73C" referredColumn="1499EFF9-AB7F-262D-DF12-98F844B53ED1"/>
</associations>
</Column>
<Column name="INST_SALUD_id_institucion" id="70DA7223-72B8-5038-5314-2460FCADEF23">
<createdBy>Lenovo</createdBy>
<createdTime>2025-09-15 01:46:45 UTC</createdTime>
<generatorID>41FAEB7B-86CA-BB78-8A08-7DDCE8338850</generatorID>
<ownerDesignName>MBD_semana5</ownerDesignName>
<useDomainConstraints>false</useDomainConstraints>
<use>1</use>
<logicalDatatype>LOGDT019</logicalDatatype>
<dataTypePrecision>2</dataTypePrecision>
<ownDataTypeParameters>,,</ownDataTypeParameters>
<previousColumn>false</previousColumn>
<autoIncrementCycle>false</autoIncrementCycle>
<associations>
<colAssociation fkAssociation="648C2DC2-B1B0-CD60-DEDB-2B22FB7C4ADA" referredColumn="A4376D9E-7551-A64A-73E6-AAE0021A1B7E"/>
</associations>
</Column>
</columns>
<indexes itemClass="oracle.dbtools.crest.model.design.relational.Index">
<ind_PK_UK id="FF52FDDB-C25B-43A0-05F0-FD572E1BA83F" name="MEDICO_PK">
<createdBy>Lenovo</createdBy>
<createdTime>2025-09-15 01:46:45 UTC</createdTime>
<generatorID>48E41E2E-082C-7C34-E54B-4C757D4414E0</generatorID>
<ownerDesignName>MBD_semana5</ownerDesignName>
<pk>true</pk>
<indexState>Primary Constraint</indexState>
<isSurrogateKey>false</isSurrogateKey>
<indexColumnUsage>
<colUsage columnID="1499EFF9-AB7F-262D-DF12-98F844B53ED1"/>
</indexColumnUsage>
</ind_PK_UK>
<ind_PK_UK id="165FA8AF-5A6E-B1CE-543C-FC00B95EEFFC" name="MEDICO_rut_medico_UN">
<createdBy>Lenovo</createdBy>
<createdTime>2025-09-15 01:46:45 UTC</createdTime>
<generatorID>0BA498A8-DB40-63F4-4EFC-4E9676664E41</generatorID>
<ownerDesignName>MBD_semana5</ownerDesignName>
<indexState>Unique Constraint</indexState>
<isSurrogateKey>false</isSurrogateKey>
<indexColumnUsage>
<colUsage columnID="8BE0504F-FC84-56BD-277F-D4383EAAC14D"/>
</indexColumnUsage>
</ind_PK_UK>
<ind_PK_UK id="49690E4B-5392-C384-C193-EB807690AD2F" name="MEDICO_INST_SALUD_FK">
<createdBy>Lenovo</createdBy>
<createdTime>2025-09-15 01:46:45 UTC</createdTime>
<generatorID>1695F7E7-F448-BFBD-BE2B-F2E8488BB182</generatorID>
<ownerDesignName>MBD_semana5</ownerDesignName>
<indexState>Foreign Key</indexState>
<isSurrogateKey>false</isSurrogateKey>
<indexColumnUsage>
<colUsage columnID="70DA7223-72B8-5038-5314-2460FCADEF23"/>
</indexColumnUsage>
</ind_PK_UK>
<ind_PK_UK id="4CB0A5F3-4F28-EF2E-0285-B59DBBF66BE4" name="MEDICO_ESPECIALIDAD_FK">
<createdBy>Lenovo</createdBy>
<createdTime>2025-09-15 01:46:45 UTC</createdTime>
<generatorID>04AC5615-D050-BA9A-1EAF-D38D5D2984A9</generatorID>
<ownerDesignName>MBD_semana5</ownerDesignName>
<indexState>Foreign Key</indexState>
<isSurrogateKey>false</isSurrogateKey>
<indexColumnUsage>
<colUsage columnID="9996804D-654E-0580-531D-8E64F6047B2D"/>
</indexColumnUsage>
</ind_PK_UK>
<ind_PK_UK id="C4F70470-46C3-9F38-9618-6BBC961650EB" name="MEDICO_AFP_FK">
<createdBy>Lenovo</createdBy>
<createdTime>2025-09-15 01:46:45 UTC</createdTime>
<generatorID>64BE6AB8-4638-4167-A0EC-D19D9C6BB1CA</generatorID>
<ownerDesignName>MBD_semana5</ownerDesignName>
<indexState>Foreign Key</indexState>
<isSurrogateKey>false</isSurrogateKey>
<indexColumnUsage>
<colUsage columnID="6F08FA38-3090-A474-966B-72743EEEC8C7"/>
</indexColumnUsage>
</ind_PK_UK>
<ind_PK_UK id="5AC67968-407D-1CBB-C288-EB6EC14CCF47" name="MEDICO_MEDICO_FK">
<createdBy>Lenovo</createdBy>
<createdTime>2025-09-15 01:46:45 UTC</createdTime>
<generatorID>397A22A5-D3D1-DCB2-8143-9DDE27BEA213</generatorID>
<ownerDesignName>MBD_semana5</ownerDesignName>
<indexState>Foreign Key</indexState>
<isSurrogateKey>false</isSurrogateKey>
<indexColumnUsage>
<colUsage columnID="E674747F-CC48-531A-033D-2E5A7344E173"/>
</indexColumnUsage>
</ind_PK_UK>
</indexes>
</Table>
