<?xml version = '1.0' encoding = 'UTF-8'?>
<Table class="oracle.dbtools.crest.model.design.relational.Table" directorySegmentName="seg_0" id="640F6863-5CA2-1BFB-8FB7-0F656360429B" name="ESPECIALIDAD">
<createdBy>Lenovo</createdBy>
<createdTime>2025-09-15 01:46:45 UTC</createdTime>
<generatorID>FFE85502-DB98-DC73-79C1-0B9EB9C111B2</generatorID>
<ownerDesignName>MBD_semana5</ownerDesignName>
<allowColumnReorder>false</allowColumnReorder>
<existDependencyGenerateInDDl>true</existDependencyGenerateInDDl>
<parsed>true</parsed>
<columns itemClass="oracle.dbtools.crest.model.design.relational.Column">
<Column name="id_especialidad" id="78708A88-D6A8-9D45-C52E-FEEBEA19DA6F">
<createdBy>Lenovo</createdBy>
<createdTime>2025-09-15 01:46:45 UTC</createdTime>
<generatorID>7328C7FF-811C-58ED-557E-294A576768A8</generatorID>
<ownerDesignName>MBD_semana5</ownerDesignName>
<useDomainConstraints>false</useDomainConstraints>
<use>1</use>
<logicalDatatype>LOGDT019</logicalDatatype>
<dataTypePrecision>3</dataTypePrecision>
<ownDataTypeParameters>,3,</ownDataTypeParameters>
<autoIncrementCycle>false</autoIncrementCycle>
</Column>
<Column name="nombre_especialidad" id="152962BA-06C9-1F4C-D76B-FB8F4B4B09A6">
<createdBy>Lenovo</createdBy>
<createdTime>2025-09-15 01:46:45 UTC</createdTime>
<generatorID>5156A597-CAA5-9194-D6B1-351A2457E091</generatorID>
<ownerDesignName>MBD_semana5</ownerDesignName>
<useDomainConstraints>false</useDomainConstraints>
<use>1</use>
<logicalDatatype>LOGDT024</logicalDatatype>
<dataTypeSize>30</dataTypeSize>
<ownDataTypeParameters>30,,</ownDataTypeParameters>
<autoIncrementCycle>false</autoIncrementCycle>
</Column>
</columns>
<indexes itemClass="oracle.dbtools.crest.model.design.relational.Index">
<ind_PK_UK id="C2C6DB70-7561-E2E6-E88C-4BD2CA49F43F" name="ESPECIALIDAD_PK">
<createdBy>Lenovo</createdBy>
<createdTime>2025-09-15 01:46:45 UTC</createdTime>
<generatorID>6C5D9C39-5FA6-A281-89B7-CE02E42DB89B</generatorID>
<ownerDesignName>MBD_semana5</ownerDesignName>
<pk>true</pk>
<indexState>Primary Constraint</indexState>
<isSurrogateKey>false</isSurrogateKey>
<indexColumnUsage>
<colUsage columnID="78708A88-D6A8-9D45-C52E-FEEBEA19DA6F"/>
</indexColumnUsage>
</ind_PK_UK>
</indexes>
</Table>
