<?xml version = '1.0' encoding = 'UTF-8'?>
<Table class="oracle.dbtools.crest.model.design.relational.Table" directorySegmentName="seg_0" id="7DF9A914-F843-54C0-0609-48817706FC86" name="PACIENTE">
<createdBy>Lenovo</createdBy>
<createdTime>2025-09-15 01:46:45 UTC</createdTime>
<generatorID>34CF7C78-D5F3-673E-76F6-20CEE0015C43</generatorID>
<ownerDesignName>MBD_semana5</ownerDesignName>
<allowColumnReorder>false</allowColumnReorder>
<existDependencyGenerateInDDl>true</existDependencyGenerateInDDl>
<parsed>true</parsed>
<columns itemClass="oracle.dbtools.crest.model.design.relational.Column">
<Column name="id_paciente" id="CE1E02BC-F4BF-6454-4518-26697439541C">
<createdBy>Lenovo</createdBy>
<createdTime>2025-09-15 01:46:45 UTC</createdTime>
<generatorID>B5431B68-411C-CB27-4BD0-F012A4A6C650</generatorID>
<ownerDesignName>MBD_semana5</ownerDesignName>
<useDomainConstraints>false</useDomainConstraints>
<use>1</use>
<logicalDatatype>LOGDT019</logicalDatatype>
<dataTypePrecision>7</dataTypePrecision>
<ownDataTypeParameters>,7,</ownDataTypeParameters>
<autoIncrementCycle>false</autoIncrementCycle>
</Column>
<Column name="rut_paciente" id="AE76C9F1-5ABE-4ABE-C2F1-0B5C5CFED760">
<createdBy>Lenovo</createdBy>
<createdTime>2025-09-15 01:46:45 UTC</createdTime>
<generatorID>4531EBC7-C4F7-3533-E278-53DD1F92D466</generatorID>
<ownerDesignName>MBD_semana5</ownerDesignName>
<useDomainConstraints>false</useDomainConstraints>
<use>1</use>
<logicalDatatype>LOGDT024</logicalDatatype>
<dataTypeSize>10</dataTypeSize>
<ownDataTypeParameters>10,,</ownDataTypeParameters>
<autoIncrementCycle>false</autoIncrementCycle>
</Column>
<Column name="nombre_paciente" id="87F2D43D-9284-404B-75E0-3AFAF418B921">
<createdBy>Lenovo</createdBy>
<createdTime>2025-09-15 01:46:45 UTC</createdTime>
<generatorID>4D2E8ECD-1E8F-560C-19FB-0228C0B7E851</generatorID>
<ownerDesignName>MBD_semana5</ownerDesignName>
<useDomainConstraints>false</useDomainConstraints>
<use>1</use>
<logicalDatatype>LOGDT024</logicalDatatype>
<dataTypeSize>30</dataTypeSize>
<ownDataTypeParameters>30,,</ownDataTypeParameters>
<autoIncrementCycle>false</autoIncrementCycle>
</Column>
<Column name="fecha_nacimiento" id="BBAF585D-80C6-BE53-E11B-78339565B9AB">
<createdBy>Lenovo</createdBy>
<createdTime>2025-09-15 01:46:45 UTC</createdTime>
<generatorID>E6A4DBED-0BC6-9473-893E-B8BB9E6E629A</generatorID>
<ownerDesignName>MBD_semana5</ownerDesignName>
<useDomainConstraints>false</useDomainConstraints>
<use>1</use>
<logicalDatatype>LOGDT007</logicalDatatype>
<ownDataTypeParameters>,,</ownDataTypeParameters>
<autoIncrementCycle>false</autoIncrementCycle>
</Column>
<Column name="direccion" id="B2BF2480-C9CB-EB08-E799-23FC1A908DE6">
<createdBy>Lenovo</createdBy>
<createdTime>2025-09-15 01:46:45 UTC</createdTime>
<generatorID>C36C0548-902B-79E1-48CB-4379661F3239</generatorID>
<ownerDesignName>MBD_semana5</ownerDesignName>
<useDomainConstraints>false</useDomainConstraints>
<use>1</use>
<logicalDatatype>LOGDT024</logicalDatatype>
<dataTypeSize>40</dataTypeSize>
<ownDataTypeParameters>40,,</ownDataTypeParameters>
<autoIncrementCycle>false</autoIncrementCycle>
</Column>
<Column name="telefono" id="0D3ADF83-C487-98B5-4F6B-38E2D249FE6B">
<createdBy>Lenovo</createdBy>
<createdTime>2025-09-15 01:46:45 UTC</createdTime>
<generatorID>9E21F06F-DEA6-9AD2-739D-38412E54BD57</generatorID>
<ownerDesignName>MBD_semana5</ownerDesignName>
<useDomainConstraints>false</useDomainConstraints>
<use>1</use>
<logicalDatatype>LOGDT019</logicalDatatype>
<dataTypePrecision>9</dataTypePrecision>
<ownDataTypeParameters>,9,</ownDataTypeParameters>
<autoIncrementCycle>false</autoIncrementCycle>
</Column>
<Column name="mail" id="CFBF97F6-A3FF-3E6C-A7C8-F321F4E2F556">
<createdBy>Lenovo</createdBy>
<createdTime>2025-09-15 01:46:45 UTC</createdTime>
<generatorID>BF8FFB47-C0A5-4A94-E77F-FF6A88C4523F</generatorID>
<ownerDesignName>MBD_semana5</ownerDesignName>
<nullsAllowed>true</nullsAllowed>
<useDomainConstraints>false</useDomainConstraints>
<use>1</use>
<logicalDatatype>LOGDT024</logicalDatatype>
<dataTypeSize>30</dataTypeSize>
<ownDataTypeParameters>30,,</ownDataTypeParameters>
<autoIncrementCycle>false</autoIncrementCycle>
</Column>
<Column name="historial_atenciones" id="3009F310-830F-36E0-4899-E8F6AAB39F53">
<createdBy>Lenovo</createdBy>
<createdTime>2025-09-15 01:46:45 UTC</createdTime>
<generatorID>C495E177-E539-DD18-DE82-F468474220C4</generatorID>
<ownerDesignName>MBD_semana5</ownerDesignName>
<nullsAllowed>true</nullsAllowed>
<useDomainConstraints>false</useDomainConstraints>
<use>1</use>
<logicalDatatype>LOGDT024</logicalDatatype>
<dataTypeSize>30</dataTypeSize>
<ownDataTypeParameters>30,,</ownDataTypeParameters>
<autoIncrementCycle>false</autoIncrementCycle>
</Column>
<Column name="COMUNA_id_comuna" id="D3829218-A495-A1EC-7F70-BF273129A153">
<createdBy>Lenovo</createdBy>
<createdTime>2025-09-15 01:46:45 UTC</createdTime>
<generatorID>F9DDC9C9-AC93-3819-37E2-F2A56C2044B2</generatorID>
<ownerDesignName>MBD_semana5</ownerDesignName>
<useDomainConstraints>false</useDomainConstraints>
<use>1</use>
<logicalDatatype>LOGDT019</logicalDatatype>
<dataTypePrecision>3</dataTypePrecision>
<ownDataTypeParameters>,,</ownDataTypeParameters>
<previousColumn>false</previousColumn>
<autoIncrementCycle>false</autoIncrementCycle>
<associations>
<colAssociation fkAssociation="84D3B774-C105-80EA-24FA-FB1B32AEB6CA" referredColumn="BB8A6702-20FF-3C61-BC51-50A1E6197CCD"/>
</associations>
</Column>
<Column name="GENERO_id_genero" id="99BFCC1E-ABE6-7DFA-8EC4-49D8B0A72E24">
<createdBy>Lenovo</createdBy>
<createdTime>2025-09-15 01:46:45 UTC</createdTime>
<generatorID>6966F213-F8E2-9845-2911-CE3479BA2C01</generatorID>
<ownerDesignName>MBD_semana5</ownerDesignName>
<useDomainConstraints>false</useDomainConstraints>
<use>1</use>
<logicalDatatype>LOGDT019</logicalDatatype>
<dataTypePrecision>1</dataTypePrecision>
<ownDataTypeParameters>,,</ownDataTypeParameters>
<previousColumn>false</previousColumn>
<autoIncrementCycle>false</autoIncrementCycle>
<associations>
<colAssociation fkAssociation="98F502BB-6B52-147B-60DB-60331C2562E3" referredColumn="E30A4B85-0EF6-4BCE-655C-86F5DD53E1A8"/>
</associations>
</Column>
<Column name="TIPO_USUARIO_id_usuario" id="D2C5E28D-56EB-FD42-E5B8-825E2547AA00">
<createdBy>Lenovo</createdBy>
<createdTime>2025-09-15 01:46:45 UTC</createdTime>
<generatorID>02ACC9FA-1D35-5393-78C2-E403028847F4</generatorID>
<ownerDesignName>MBD_semana5</ownerDesignName>
<useDomainConstraints>false</useDomainConstraints>
<use>1</use>
<logicalDatatype>LOGDT019</logicalDatatype>
<dataTypePrecision>1</dataTypePrecision>
<ownDataTypeParameters>,,</ownDataTypeParameters>
<previousColumn>false</previousColumn>
<autoIncrementCycle>false</autoIncrementCycle>
<associations>
<colAssociation fkAssociation="C9E5C826-1BB5-9CD4-72FF-CDB6720402F3" referredColumn="6B910689-5526-B8C9-E27E-FDA922BA3659"/>
</associations>
</Column>
</columns>
<indexes itemClass="oracle.dbtools.crest.model.design.relational.Index">
<ind_PK_UK id="6E6EE0FC-FF2D-C1F8-971B-98A59878C8B4" name="PACIENTE_PK">
<createdBy>Lenovo</createdBy>
<createdTime>2025-09-15 01:46:45 UTC</createdTime>
<generatorID>87BE3837-D773-F25A-2A32-18B39B3AAE01</generatorID>
<ownerDesignName>MBD_semana5</ownerDesignName>
<pk>true</pk>
<indexState>Primary Constraint</indexState>
<isSurrogateKey>false</isSurrogateKey>
<indexColumnUsage>
<colUsage columnID="CE1E02BC-F4BF-6454-4518-26697439541C"/>
</indexColumnUsage>
</ind_PK_UK>
<ind_PK_UK id="14A216F4-C11F-2EC3-2461-56AF048177F0" name="PACIENTE_rut_paciente_UN">
<createdBy>Lenovo</createdBy>
<createdTime>2025-09-15 01:46:45 UTC</createdTime>
<generatorID>40AE206D-FF1E-F28D-6E07-D9F1D40C9108</generatorID>
<ownerDesignName>MBD_semana5</ownerDesignName>
<indexState>Unique Constraint</indexState>
<isSurrogateKey>false</isSurrogateKey>
<indexColumnUsage>
<colUsage columnID="AE76C9F1-5ABE-4ABE-C2F1-0B5C5CFED760"/>
</indexColumnUsage>
</ind_PK_UK>
<ind_PK_UK id="0F4BE191-DA7C-075A-D680-B1E3E6D1B63D" name="PACIENTE_fecha_nacimiento_UN">
<createdBy>Lenovo</createdBy>
<createdTime>2025-09-15 01:46:45 UTC</createdTime>
<generatorID>21E6A690-E338-92B0-4CE8-5BF33D5E6C74</generatorID>
<ownerDesignName>MBD_semana5</ownerDesignName>
<indexState>Unique Constraint</indexState>
<isSurrogateKey>false</isSurrogateKey>
<indexColumnUsage>
<colUsage columnID="BBAF585D-80C6-BE53-E11B-78339565B9AB"/>
</indexColumnUsage>
</ind_PK_UK>
<ind_PK_UK id="CC8F776F-59A1-74BA-8BBB-785DAB83636C" name="PACIENTE_GENERO_FK">
<createdBy>Lenovo</createdBy>
<createdTime>2025-09-15 01:46:45 UTC</createdTime>
<generatorID>72DEBB16-2139-E062-8154-714D56A6A9F4</generatorID>
<ownerDesignName>MBD_semana5</ownerDesignName>
<indexState>Foreign Key</indexState>
<isSurrogateKey>false</isSurrogateKey>
<indexColumnUsage>
<colUsage columnID="99BFCC1E-ABE6-7DFA-8EC4-49D8B0A72E24"/>
</indexColumnUsage>
</ind_PK_UK>
<ind_PK_UK id="0318A2F0-D91A-6852-0C9E-B24E867AF7CF" name="PACIENTE_TIPO_USUARIO_FK">
<createdBy>Lenovo</createdBy>
<createdTime>2025-09-15 01:46:45 UTC</createdTime>
<generatorID>8A677B89-59D7-841C-6784-BDEDDC800089</generatorID>
<ownerDesignName>MBD_semana5</ownerDesignName>
<indexState>Foreign Key</indexState>
<isSurrogateKey>false</isSurrogateKey>
<indexColumnUsage>
<colUsage columnID="D2C5E28D-56EB-FD42-E5B8-825E2547AA00"/>
</indexColumnUsage>
</ind_PK_UK>
<ind_PK_UK id="3D5C332E-B27A-6EE9-60CB-937E1F494010" name="PACIENTE_COMUNA_FK">
<createdBy>Lenovo</createdBy>
<createdTime>2025-09-15 01:46:45 UTC</createdTime>
<generatorID>644FFDD7-7D17-C730-595D-F42729BBB5D0</generatorID>
<ownerDesignName>MBD_semana5</ownerDesignName>
<indexState>Foreign Key</indexState>
<isSurrogateKey>false</isSurrogateKey>
<indexColumnUsage>
<colUsage columnID="D3829218-A495-A1EC-7F70-BF273129A153"/>
</indexColumnUsage>
</ind_PK_UK>
</indexes>
</Table>
