<?xml version = '1.0' encoding = 'UTF-8'?>
<Table class="oracle.dbtools.crest.model.design.relational.Table" directorySegmentName="seg_0" id="B127ED2B-9855-6FB2-E6FE-A5F3A8838473" name="ATENCION">
<createdBy>Lenovo</createdBy>
<createdTime>2025-09-15 01:46:45 UTC</createdTime>
<generatorID>5A0B3C5C-96C9-1D0D-F5F8-8F66F30B9730</generatorID>
<ownerDesignName>MBD_semana5</ownerDesignName>
<ordsAlias>atencion_medica</ordsAlias>
<allowColumnReorder>false</allowColumnReorder>
<existDependencyGenerateInDDl>true</existDependencyGenerateInDDl>
<parsed>true</parsed>
<columns itemClass="oracle.dbtools.crest.model.design.relational.Column">
<Column name="id_atencion" id="20327109-D23B-8D33-144A-2D9F6B57BFA5">
<createdBy>Lenovo</createdBy>
<createdTime>2025-09-15 01:46:45 UTC</createdTime>
<generatorID>A61C5472-DCBB-4B21-9DAE-D240916143F8</generatorID>
<ownerDesignName>MBD_semana5</ownerDesignName>
<useDomainConstraints>false</useDomainConstraints>
<use>1</use>
<logicalDatatype>LOGDT019</logicalDatatype>
<dataTypePrecision>7</dataTypePrecision>
<ownDataTypeParameters>,7,</ownDataTypeParameters>
<autoIncrementCycle>false</autoIncrementCycle>
</Column>
<Column name="fecha_atencion" id="6504A5B0-702B-EB45-2671-42FD03FF88EF">
<createdBy>Lenovo</createdBy>
<createdTime>2025-09-15 01:46:45 UTC</createdTime>
<generatorID>78679082-BFEC-D4EA-B8B1-A210EF871944</generatorID>
<ownerDesignName>MBD_semana5</ownerDesignName>
<useDomainConstraints>false</useDomainConstraints>
<use>1</use>
<logicalDatatype>LOGDT007</logicalDatatype>
<ownDataTypeParameters>,,</ownDataTypeParameters>
<autoIncrementCycle>false</autoIncrementCycle>
</Column>
<Column name="hora_atencion" id="42E0DFDF-B762-88C1-3118-04C5C259B0F4">
<createdBy>Lenovo</createdBy>
<createdTime>2025-09-15 01:46:45 UTC</createdTime>
<generatorID>57299429-8C61-7D2F-27E1-A9EE1F47920A</generatorID>
<ownerDesignName>MBD_semana5</ownerDesignName>
<useDomainConstraints>false</useDomainConstraints>
<use>1</use>
<logicalDatatype>LOGDT024</logicalDatatype>
<dataTypeSize>5</dataTypeSize>
<ownDataTypeParameters>5,,</ownDataTypeParameters>
<autoIncrementCycle>false</autoIncrementCycle>
</Column>
<Column name="diagnostico" id="5FF7A3D1-5D62-F26B-58BA-87D0E710CEE4">
<createdBy>Lenovo</createdBy>
<createdTime>2025-09-15 01:46:45 UTC</createdTime>
<generatorID>9431F13B-4673-4958-253E-8866B15A3E3D</generatorID>
<ownerDesignName>MBD_semana5</ownerDesignName>
<nullsAllowed>true</nullsAllowed>
<useDomainConstraints>false</useDomainConstraints>
<use>1</use>
<logicalDatatype>LOGDT024</logicalDatatype>
<dataTypeSize>30</dataTypeSize>
<ownDataTypeParameters>30,,</ownDataTypeParameters>
<autoIncrementCycle>false</autoIncrementCycle>
</Column>
<Column name="PACIENTE_id_paciente" id="89EDD89C-21CD-B7D3-B42C-E5B971C700C4">
<createdBy>Lenovo</createdBy>
<createdTime>2025-09-15 01:46:45 UTC</createdTime>
<generatorID>236BF2A0-D6A1-C6FF-5046-74BB848E3398</generatorID>
<ownerDesignName>MBD_semana5</ownerDesignName>
<useDomainConstraints>false</useDomainConstraints>
<use>1</use>
<logicalDatatype>LOGDT019</logicalDatatype>
<dataTypePrecision>7</dataTypePrecision>
<ownDataTypeParameters>,,</ownDataTypeParameters>
<previousColumn>false</previousColumn>
<autoIncrementCycle>false</autoIncrementCycle>
<associations>
<colAssociation fkAssociation="6D74361F-E3EE-5841-1973-D82C67F77DCF" referredColumn="CE1E02BC-F4BF-6454-4518-26697439541C"/>
</associations>
</Column>
<Column name="MEDICO_id_medico" id="D0E9C360-6D7C-9430-952F-43FA430172AD">
<createdBy>Lenovo</createdBy>
<createdTime>2025-09-15 01:46:45 UTC</createdTime>
<generatorID>4FC69EF2-B586-3414-173B-6354DB9C42F4</generatorID>
<ownerDesignName>MBD_semana5</ownerDesignName>
<useDomainConstraints>false</useDomainConstraints>
<use>1</use>
<logicalDatatype>LOGDT019</logicalDatatype>
<dataTypePrecision>4</dataTypePrecision>
<ownDataTypeParameters>,,</ownDataTypeParameters>
<previousColumn>false</previousColumn>
<autoIncrementCycle>false</autoIncrementCycle>
<associations>
<colAssociation fkAssociation="A81BE0D1-4CFC-D034-16BC-BED6DF0296AC" referredColumn="1499EFF9-AB7F-262D-DF12-98F844B53ED1"/>
</associations>
</Column>
<Column name="PAGO_ATENCION_id_pago" id="A069980F-3362-27D1-0388-C72413C6B991">
<createdBy>Lenovo</createdBy>
<createdTime>2025-09-15 01:46:45 UTC</createdTime>
<generatorID>B807A8EA-BB5A-1A54-31AC-1B02784ADE77</generatorID>
<ownerDesignName>MBD_semana5</ownerDesignName>
<useDomainConstraints>false</useDomainConstraints>
<use>1</use>
<logicalDatatype>LOGDT019</logicalDatatype>
<dataTypePrecision>6</dataTypePrecision>
<ownDataTypeParameters>,,</ownDataTypeParameters>
<previousColumn>false</previousColumn>
<autoIncrementCycle>false</autoIncrementCycle>
<associations>
<colAssociation fkAssociation="3EF161CB-9A9E-B521-D393-53CEA169C0BA" referredColumn="2B203622-0618-D693-E14E-F55B4D1DA619"/>
</associations>
</Column>
<Column name="TIPO_ATENCION_id_atencion" id="E87CDAE0-90F5-1422-AE16-8FCF77B43022">
<createdBy>Lenovo</createdBy>
<createdTime>2025-09-15 01:46:45 UTC</createdTime>
<generatorID>98B81BAC-5A4C-A353-AC60-1A94ED0A78E1</generatorID>
<ownerDesignName>MBD_semana5</ownerDesignName>
<useDomainConstraints>false</useDomainConstraints>
<use>1</use>
<logicalDatatype>LOGDT019</logicalDatatype>
<dataTypePrecision>1</dataTypePrecision>
<ownDataTypeParameters>,,</ownDataTypeParameters>
<previousColumn>false</previousColumn>
<autoIncrementCycle>false</autoIncrementCycle>
<associations>
<colAssociation fkAssociation="31F37BA6-01D6-47CC-4967-D920CD245BC7" referredColumn="5A1B008A-D8C6-1B20-D9CA-240EE6E0FE5F"/>
</associations>
</Column>
<Column name="EXAMEN_id_examen" id="16DBE6AA-FB98-097F-A3AB-F11EB25DDE81">
<createdBy>Lenovo</createdBy>
<createdTime>2025-09-15 01:51:38 UTC</createdTime>
<generatorID>05C01118-D50B-68FF-80A8-32601B4CFC78</generatorID>
<ownerDesignName>MBD_semana5</ownerDesignName>
<useDomainConstraints>false</useDomainConstraints>
<use>1</use>
<logicalDatatype>LOGDT019</logicalDatatype>
<dataTypePrecision>3</dataTypePrecision>
<ownDataTypeParameters>,,</ownDataTypeParameters>
<previousColumn>false</previousColumn>
<autoIncrementCycle>false</autoIncrementCycle>
<associations>
<colAssociation fkAssociation="99E29A80-12AD-90F7-4FCA-C7F0B023D7E4" referredColumn="93859CA7-D5BB-3C85-02A0-11D2593DB861"/>
</associations>
</Column>
</columns>
<indexes itemClass="oracle.dbtools.crest.model.design.relational.Index">
<ind_PK_UK id="80AA30D2-3F52-1031-F765-92BCC742B7A3" name="ATENCION_MEDICA_PK">
<createdBy>Lenovo</createdBy>
<createdTime>2025-09-15 01:46:45 UTC</createdTime>
<generatorID>36A06598-D519-A010-36AA-97A9A714A9F2</generatorID>
<ownerDesignName>MBD_semana5</ownerDesignName>
<pk>true</pk>
<indexState>Primary Constraint</indexState>
<isSurrogateKey>false</isSurrogateKey>
<indexColumnUsage>
<colUsage columnID="20327109-D23B-8D33-144A-2D9F6B57BFA5"/>
</indexColumnUsage>
</ind_PK_UK>
<ind_PK_UK id="C1C87FE9-8B52-3108-8A9E-D45F24BE1C80" name="ATENCION_PAGO_ATENCION_FK">
<createdBy>Lenovo</createdBy>
<createdTime>2025-09-15 01:46:45 UTC</createdTime>
<generatorID>A4B3ECBC-FE35-18CF-7644-E1077595E113</generatorID>
<ownerDesignName>MBD_semana5</ownerDesignName>
<indexState>Foreign Key</indexState>
<isSurrogateKey>false</isSurrogateKey>
<indexColumnUsage>
<colUsage columnID="A069980F-3362-27D1-0388-C72413C6B991"/>
</indexColumnUsage>
</ind_PK_UK>
<ind_PK_UK id="382EA68B-05B7-E29F-5C03-67EC97E502B4" name="ATENCION_TIPO_ATENCION_FK">
<createdBy>Lenovo</createdBy>
<createdTime>2025-09-15 01:46:45 UTC</createdTime>
<generatorID>ECFFB00A-B45D-3E4F-45C6-6E32541D8C5C</generatorID>
<ownerDesignName>MBD_semana5</ownerDesignName>
<indexState>Foreign Key</indexState>
<isSurrogateKey>false</isSurrogateKey>
<indexColumnUsage>
<colUsage columnID="E87CDAE0-90F5-1422-AE16-8FCF77B43022"/>
</indexColumnUsage>
</ind_PK_UK>
<ind_PK_UK id="9E6EEDA6-B63D-0CF3-C903-74974F2524C2" name="ATENCION_PACIENTE_FK">
<createdBy>Lenovo</createdBy>
<createdTime>2025-09-15 01:46:45 UTC</createdTime>
<generatorID>E3815E76-629A-D50C-7091-BFBCBF5B2DF6</generatorID>
<ownerDesignName>MBD_semana5</ownerDesignName>
<indexState>Foreign Key</indexState>
<isSurrogateKey>false</isSurrogateKey>
<indexColumnUsage>
<colUsage columnID="89EDD89C-21CD-B7D3-B42C-E5B971C700C4"/>
</indexColumnUsage>
</ind_PK_UK>
<ind_PK_UK id="EE226C03-5CF4-674A-B2DF-4A4557E04F20" name="ATENCION_MEDICO_FK">
<createdBy>Lenovo</createdBy>
<createdTime>2025-09-15 01:46:45 UTC</createdTime>
<generatorID>56810E3F-2016-7DA2-F60B-9CF4CBDC15F8</generatorID>
<ownerDesignName>MBD_semana5</ownerDesignName>
<indexState>Foreign Key</indexState>
<isSurrogateKey>false</isSurrogateKey>
<indexColumnUsage>
<colUsage columnID="D0E9C360-6D7C-9430-952F-43FA430172AD"/>
</indexColumnUsage>
</ind_PK_UK>
<ind_PK_UK id="413B7967-C34C-9CC7-DB99-DEFFBBB33EAB" name="ATENCION_EXAMEN_FK">
<createdBy>Lenovo</createdBy>
<createdTime>2025-09-15 01:51:38 UTC</createdTime>
<generatorID>712DD03F-58A8-60F0-E2F2-1400F6AE81F4</generatorID>
<ownerDesignName>MBD_semana5</ownerDesignName>
<indexState>Foreign Key</indexState>
<isSurrogateKey>false</isSurrogateKey>
<indexColumnUsage>
<colUsage columnID="16DBE6AA-FB98-097F-A3AB-F11EB25DDE81"/>
</indexColumnUsage>
</ind_PK_UK>
</indexes>
</Table>
