<?xml version = '1.0' encoding = 'UTF-8'?>
<Table class="oracle.dbtools.crest.model.design.relational.Table" directorySegmentName="seg_0" id="DAB20BBC-BFDC-9C81-1B1E-207E88D65EC0" name="INST_SALUD">
<createdBy>Lenovo</createdBy>
<createdTime>2025-09-15 01:46:45 UTC</createdTime>
<generatorID>B8363FD3-771D-2A88-4DFA-B11ABC799C93</generatorID>
<ownerDesignName>MBD_semana5</ownerDesignName>
<ordsAlias>institucion_salud</ordsAlias>
<allowColumnReorder>false</allowColumnReorder>
<existDependencyGenerateInDDl>true</existDependencyGenerateInDDl>
<parsed>true</parsed>
<columns itemClass="oracle.dbtools.crest.model.design.relational.Column">
<Column name="id_institucion" id="A4376D9E-7551-A64A-73E6-AAE0021A1B7E">
<createdBy>Lenovo</createdBy>
<createdTime>2025-09-15 01:46:45 UTC</createdTime>
<generatorID>63EC4013-8678-139D-31D6-DD0CAEFBC168</generatorID>
<ownerDesignName>MBD_semana5</ownerDesignName>
<useDomainConstraints>false</useDomainConstraints>
<use>1</use>
<logicalDatatype>LOGDT019</logicalDatatype>
<dataTypePrecision>2</dataTypePrecision>
<ownDataTypeParameters>,2,</ownDataTypeParameters>
<autoIncrementCycle>false</autoIncrementCycle>
</Column>
<Column name="nombre_institucion" id="F8EF1E32-6785-F32B-E4B2-49DCEA89C83B">
<createdBy>Lenovo</createdBy>
<createdTime>2025-09-15 01:46:45 UTC</createdTime>
<generatorID>C1EBBD5E-9BF1-F987-DA2D-DEFB5A5A344C</generatorID>
<ownerDesignName>MBD_semana5</ownerDesignName>
<useDomainConstraints>false</useDomainConstraints>
<use>1</use>
<logicalDatatype>LOGDT024</logicalDatatype>
<dataTypeSize>10</dataTypeSize>
<ownDataTypeParameters>10,,</ownDataTypeParameters>
<autoIncrementCycle>false</autoIncrementCycle>
</Column>
</columns>
<indexes itemClass="oracle.dbtools.crest.model.design.relational.Index">
<ind_PK_UK id="646B6D6F-3EB8-C776-6865-C8E0755B404C" name="INSTITUCION_SALUD_PK">
<createdBy>Lenovo</createdBy>
<createdTime>2025-09-15 01:46:45 UTC</createdTime>
<generatorID>7F60A46D-92CD-6F3B-5049-38B031992965</generatorID>
<ownerDesignName>MBD_semana5</ownerDesignName>
<pk>true</pk>
<indexState>Primary Constraint</indexState>
<isSurrogateKey>false</isSurrogateKey>
<indexColumnUsage>
<colUsage columnID="A4376D9E-7551-A64A-73E6-AAE0021A1B7E"/>
</indexColumnUsage>
</ind_PK_UK>
</indexes>
</Table>
