<?xml version = '1.0' encoding = 'UTF-8'?>
<Table class="oracle.dbtools.crest.model.design.relational.Table" directorySegmentName="seg_0" id="F12FD811-3961-4A6F-FE5B-D9FAE4B9FF8D" name="TIPO_USUARIO">
<createdBy>Lenovo</createdBy>
<createdTime>2025-09-15 01:46:45 UTC</createdTime>
<generatorID>06CAAA22-CBDA-B8C1-2CF3-53B47DA6A9E2</generatorID>
<ownerDesignName>MBD_semana5</ownerDesignName>
<allowColumnReorder>false</allowColumnReorder>
<existDependencyGenerateInDDl>true</existDependencyGenerateInDDl>
<parsed>true</parsed>
<columns itemClass="oracle.dbtools.crest.model.design.relational.Column">
<Column name="id_usuario" id="6B910689-5526-B8C9-E27E-FDA922BA3659">
<createdBy>Lenovo</createdBy>
<createdTime>2025-09-15 01:46:45 UTC</createdTime>
<generatorID>0023522A-476F-01E2-72F0-6BE996E27147</generatorID>
<ownerDesignName>MBD_semana5</ownerDesignName>
<useDomainConstraints>false</useDomainConstraints>
<use>1</use>
<logicalDatatype>LOGDT019</logicalDatatype>
<dataTypePrecision>1</dataTypePrecision>
<ownDataTypeParameters>,1,</ownDataTypeParameters>
<autoIncrementCycle>false</autoIncrementCycle>
</Column>
<Column name="nombre_usuario" id="C60928F1-E20D-7AEA-956C-209BAEE975E4">
<createdBy>Lenovo</createdBy>
<createdTime>2025-09-15 01:46:45 UTC</createdTime>
<generatorID>3872D5F2-7543-B56A-F797-27B195D8756A</generatorID>
<ownerDesignName>MBD_semana5</ownerDesignName>
<useDomainConstraints>false</useDomainConstraints>
<use>1</use>
<logicalDatatype>LOGDT024</logicalDatatype>
<dataTypeSize>11</dataTypeSize>
<ownDataTypeParameters>11,,</ownDataTypeParameters>
<autoIncrementCycle>false</autoIncrementCycle>
</Column>
</columns>
<indexes itemClass="oracle.dbtools.crest.model.design.relational.Index">
<ind_PK_UK id="8343B4CC-5139-DFF2-39A2-7927E9DDAB45" name="TIPO_USUARIO_PK">
<createdBy>Lenovo</createdBy>
<createdTime>2025-09-15 01:46:45 UTC</createdTime>
<generatorID>0D648A49-DE37-2405-EC18-5D3807FFEACA</generatorID>
<ownerDesignName>MBD_semana5</ownerDesignName>
<pk>true</pk>
<indexState>Primary Constraint</indexState>
<isSurrogateKey>false</isSurrogateKey>
<indexColumnUsage>
<colUsage columnID="6B910689-5526-B8C9-E27E-FDA922BA3659"/>
</indexColumnUsage>
</ind_PK_UK>
</indexes>
</Table>
