<?xml version = '1.0' encoding = 'UTF-8'?>
<Diagram class="oracle.dbtools.crest.swingui.relational.DPVRelational" name="Relational_1" id="A68BFB7E-5073-885D-7045-656D17119531">
<createdBy>Lenovo</createdBy>
<modifiedBy>Lenovo</modifiedBy>
<createdTime>2025-10-10 23:31:30 UTC</createdTime>
<autoRoute>false</autoRoute>
<boxInbox>true</boxInbox>
<showLegend>false</showLegend>
<showLabels>false</showLabels>
<showRelAttributes>false</showRelAttributes>
<gridEnabled>false</gridEnabled>
<showGrid>false</showGrid>
<diagramColor>-1</diagramColor>
<display>false</display>
<notation>1</notation>
<objectViews>
<OView class="oracle.dbtools.crest.swingui.relational.TVTable" oid="0041A042-ED74-EB5A-3166-FC1CB8090479" otype="Table" vid="CAF69097-F15B-ABCC-A597-0CD81B283FB6">
<hideElementsInCurrentOnly>false</hideElementsInCurrentOnly>
<bounds x="1016" y="142" width="187" height="74"/>
</OView>
<OView class="oracle.dbtools.crest.swingui.relational.TVTable" oid="00F3DB2A-EC51-4CC0-03A3-D51063AC4386" otype="Table" vid="D5140CBA-D52B-D745-EF3E-E32A9146BA0B">
<hideElementsInCurrentOnly>false</hideElementsInCurrentOnly>
<bounds x="18" y="562" width="189" height="102"/>
</OView>
<OView class="oracle.dbtools.crest.swingui.relational.TVTable" oid="0E681819-7BAC-246F-FEDB-AA837B882ADA" otype="Table" vid="BEBC70DA-961F-866D-0F40-22AE971546C1">
<hideElementsInCurrentOnly>false</hideElementsInCurrentOnly>
<bounds x="960" y="505" width="234" height="122"/>
</OView>
<OView class="oracle.dbtools.crest.swingui.relational.TVTable" oid="49A0ACEB-13C5-A16E-403C-628F4544DB10" otype="Table" vid="F1E0EF2C-E3B5-BE84-EECA-2183DF67A5A5">
<hideElementsInCurrentOnly>false</hideElementsInCurrentOnly>
<bounds x="1036" y="43" width="177" height="74"/>
</OView>
<OView class="oracle.dbtools.crest.swingui.relational.TVTable" oid="560C18A0-4857-A888-57B6-0D91D5B74FF5" otype="Table" vid="1815F930-FEF8-1000-011A-1FBD5E710AB9">
<hideElementsInCurrentOnly>false</hideElementsInCurrentOnly>
<bounds x="0" y="377" width="456" height="164"/>
</OView>
<OView class="oracle.dbtools.crest.swingui.relational.TVTable" oid="6BB7E6E9-6137-A1AD-F96C-A890205624A6" otype="Table" vid="4D44C21A-15CF-ED37-5068-5C50B62EAACC">
<hideElementsInCurrentOnly>false</hideElementsInCurrentOnly>
<bounds x="269" y="548" width="412" height="164"/>
</OView>
<OView class="oracle.dbtools.crest.swingui.relational.TVTable" oid="7E47F198-03DE-8A6D-ECF9-4FD9ABAE39A1" otype="Table" vid="A2F802B2-8289-D0A3-E15F-B907967188A5">
<hideElementsInCurrentOnly>false</hideElementsInCurrentOnly>
<bounds x="692" y="378" width="247" height="108"/>
</OView>
<OView class="oracle.dbtools.crest.swingui.relational.TVTable" oid="8609D237-30BA-CCFA-A117-F5B45FB62FAC" otype="Table" vid="440DD574-97DC-5314-F676-16E797154BD1">
<hideElementsInCurrentOnly>false</hideElementsInCurrentOnly>
<bounds x="646" y="1" width="298" height="276"/>
</OView>
<OView class="oracle.dbtools.crest.swingui.relational.TVTable" oid="86A9208A-2EFF-619E-6994-D07BE54FA2E9" otype="Table" vid="3A2AB88D-7293-0B9E-B0F8-8C255C5E73BF">
<hideElementsInCurrentOnly>false</hideElementsInCurrentOnly>
<bounds x="0" y="5" width="192" height="74"/>
</OView>
<OView class="oracle.dbtools.crest.swingui.relational.TVTable" oid="97687235-822F-BF3E-35C9-CFF0445738A4" otype="Table" vid="7E4A65D6-9255-3410-9523-95328299AD8B">
<hideElementsInCurrentOnly>false</hideElementsInCurrentOnly>
<bounds x="0" y="163" width="245" height="108"/>
</OView>
<OView class="oracle.dbtools.crest.swingui.relational.TVTable" oid="BC73E3BA-C650-B4B0-DCDD-6EB52F47539E" otype="Table" vid="3D2F761D-25C9-CED1-899C-0F3EFF28816D">
<hideElementsInCurrentOnly>false</hideElementsInCurrentOnly>
<bounds x="1014" y="275" width="283" height="122"/>
</OView>
<OView class="oracle.dbtools.crest.swingui.relational.TVTable" oid="BD3C0176-B491-6502-8A19-E8D55325D536" otype="Table" vid="843AFE7F-4BCE-07D8-0EC9-6348B4531F19">
<hideElementsInCurrentOnly>false</hideElementsInCurrentOnly>
<bounds x="348" y="174" width="279" height="136"/>
</OView>
<OView class="oracle.dbtools.crest.swingui.relational.TVTable" oid="D75DCDCE-BCA9-8273-5823-EE4864B15ED6" otype="Table" vid="B8221817-950F-8504-263A-AC35198B440B">
<hideElementsInCurrentOnly>false</hideElementsInCurrentOnly>
<bounds x="279" y="0" width="260" height="122"/>
</OView>
</objectViews>
<connectors>
<Connector class="oracle.dbtools.crest.swingui.relational.TVFKRelation" oid="072D1C1B-DDA0-F1C4-5948-50288FECCBFC" otype="FKIndexAssociation" vid_source="3A2AB88D-7293-0B9E-B0F8-8C255C5E73BF" vid_target="7E4A65D6-9255-3410-9523-95328299AD8B">
<hideElementsInCurrentOnly>false</hideElementsInCurrentOnly>
<backgroundColor>-16777216</backgroundColor>
<lineWidth>1</lineWidth>
<points>
<point x="96" y="79"/>
<point x="96" y="163"/>
</points>
</Connector>
<Connector class="oracle.dbtools.crest.swingui.relational.TVFKRelation" oid="226EF4D6-E8B0-67FE-213C-3BED83F2A563" otype="FKIndexAssociation" vid_source="440DD574-97DC-5314-F676-16E797154BD1" vid_target="4D44C21A-15CF-ED37-5068-5C50B62EAACC">
<hideElementsInCurrentOnly>false</hideElementsInCurrentOnly>
<backgroundColor>-16777216</backgroundColor>
<lineWidth>1</lineWidth>
<points>
<point x="663" y="277"/>
<point x="663" y="548"/>
</points>
</Connector>
<Connector class="oracle.dbtools.crest.swingui.relational.TVFKRelation" oid="529906C5-AAC6-E2B1-36FE-2CF1F8D0455C" otype="FKIndexAssociation" vid_source="440DD574-97DC-5314-F676-16E797154BD1" vid_target="BEBC70DA-961F-866D-0F40-22AE971546C1">
<hideElementsInCurrentOnly>false</hideElementsInCurrentOnly>
<backgroundColor>-16777216</backgroundColor>
<lineWidth>1</lineWidth>
<points>
<point x="886" y="277"/>
<point x="1036" y="505"/>
</points>
</Connector>
<Connector class="oracle.dbtools.crest.swingui.relational.TVFKRelation" oid="57A5B9BF-F023-567E-4FF6-33C967499D56" otype="FKIndexAssociation" vid_source="F1E0EF2C-E3B5-BE84-EECA-2183DF67A5A5" vid_target="440DD574-97DC-5314-F676-16E797154BD1">
<hideElementsInCurrentOnly>false</hideElementsInCurrentOnly>
<backgroundColor>-16777216</backgroundColor>
<lineWidth>1</lineWidth>
<points>
<point x="1036" y="80"/>
<point x="944" y="80"/>
</points>
</Connector>
<Connector class="oracle.dbtools.crest.swingui.relational.TVFKRelation" oid="637827C9-3EEF-2C4D-E96D-EA92F308709A" otype="FKIndexAssociation" vid_source="440DD574-97DC-5314-F676-16E797154BD1" vid_target="440DD574-97DC-5314-F676-16E797154BD1">
<hideElementsInCurrentOnly>false</hideElementsInCurrentOnly>
<backgroundColor>-16777216</backgroundColor>
<lineWidth>1</lineWidth>
<points>
<point x="944" y="8"/>
<point x="989" y="8"/>
<point x="989" y="45"/>
<point x="948" y="44"/>
<point x="944" y="44"/>
</points>
</Connector>
<Connector class="oracle.dbtools.crest.swingui.relational.TVFKRelation" oid="7EDF7FED-39C2-F5E1-0F62-DDBF50B23B9F" otype="FKIndexAssociation" vid_source="CAF69097-F15B-ABCC-A597-0CD81B283FB6" vid_target="440DD574-97DC-5314-F676-16E797154BD1">
<hideElementsInCurrentOnly>false</hideElementsInCurrentOnly>
<backgroundColor>-16777216</backgroundColor>
<lineWidth>1</lineWidth>
<points>
<point x="1016" y="179"/>
<point x="944" y="179"/>
</points>
</Connector>
<Connector class="oracle.dbtools.crest.swingui.relational.TVFKRelation" oid="80B8BA86-C934-7836-6332-E3729C3CFE4C" otype="FKIndexAssociation" vid_source="440DD574-97DC-5314-F676-16E797154BD1" vid_target="A2F802B2-8289-D0A3-E15F-B907967188A5">
<hideElementsInCurrentOnly>false</hideElementsInCurrentOnly>
<backgroundColor>-16777216</backgroundColor>
<lineWidth>1</lineWidth>
<points>
<point x="815" y="277"/>
<point x="815" y="378"/>
</points>
</Connector>
<Connector class="oracle.dbtools.crest.swingui.relational.TVFKRelation" oid="9FEE51C1-D424-8DD7-CC4F-4702BCB7361A" otype="FKIndexAssociation" vid_source="B8221817-950F-8504-263A-AC35198B440B" vid_target="440DD574-97DC-5314-F676-16E797154BD1">
<hideElementsInCurrentOnly>false</hideElementsInCurrentOnly>
<backgroundColor>-16777216</backgroundColor>
<lineWidth>1</lineWidth>
<points>
<point x="539" y="61"/>
<point x="646" y="61"/>
</points>
</Connector>
<Connector class="oracle.dbtools.crest.swingui.relational.TVFKRelation" oid="9FF50FE8-6384-232A-1D31-5F5B2C5D6744" otype="FKIndexAssociation" vid_source="B8221817-950F-8504-263A-AC35198B440B" vid_target="843AFE7F-4BCE-07D8-0EC9-6348B4531F19">
<hideElementsInCurrentOnly>false</hideElementsInCurrentOnly>
<backgroundColor>-16777216</backgroundColor>
<lineWidth>1</lineWidth>
<points>
<point x="443" y="122"/>
<point x="443" y="174"/>
</points>
</Connector>
<Connector class="oracle.dbtools.crest.swingui.relational.TVFKRelation" oid="A12CD9B8-0AD3-A1C7-4335-3E2D9E9C078B" otype="FKIndexAssociation" vid_source="D5140CBA-D52B-D745-EF3E-E32A9146BA0B" vid_target="4D44C21A-15CF-ED37-5068-5C50B62EAACC">
<hideElementsInCurrentOnly>false</hideElementsInCurrentOnly>
<backgroundColor>-16777216</backgroundColor>
<lineWidth>1</lineWidth>
<points>
<point x="207" y="613"/>
<point x="269" y="613"/>
</points>
</Connector>
<Connector class="oracle.dbtools.crest.swingui.relational.TVFKRelation" oid="BD55D609-7869-79E6-DD9D-FAB3A66487BB" otype="FKIndexAssociation" vid_source="7E4A65D6-9255-3410-9523-95328299AD8B" vid_target="B8221817-950F-8504-263A-AC35198B440B">
<hideElementsInCurrentOnly>false</hideElementsInCurrentOnly>
<backgroundColor>-16777216</backgroundColor>
<lineWidth>1</lineWidth>
<points>
<point x="221" y="163"/>
<point x="296" y="122"/>
</points>
</Connector>
<Connector class="oracle.dbtools.crest.swingui.relational.TVFKRelation" oid="D3DB8135-F1C8-E513-821B-BA8F2073484D" otype="FKIndexAssociation" vid_source="843AFE7F-4BCE-07D8-0EC9-6348B4531F19" vid_target="1815F930-FEF8-1000-011A-1FBD5E710AB9">
<hideElementsInCurrentOnly>false</hideElementsInCurrentOnly>
<backgroundColor>-16777216</backgroundColor>
<lineWidth>1</lineWidth>
<points>
<point x="402" y="310"/>
<point x="402" y="377"/>
</points>
</Connector>
<Connector class="oracle.dbtools.crest.swingui.relational.TVFKRelation" oid="E361F1C1-A9DE-1548-E135-79B1927F4D87" otype="FKIndexAssociation" vid_source="843AFE7F-4BCE-07D8-0EC9-6348B4531F19" vid_target="4D44C21A-15CF-ED37-5068-5C50B62EAACC">
<hideElementsInCurrentOnly>false</hideElementsInCurrentOnly>
<backgroundColor>-16777216</backgroundColor>
<lineWidth>1</lineWidth>
<points>
<point x="487" y="310"/>
<point x="487" y="548"/>
</points>
</Connector>
<Connector class="oracle.dbtools.crest.swingui.relational.TVFKRelation" oid="E5482A70-764D-6357-7F4E-A97FBE355173" otype="FKIndexAssociation" vid_source="440DD574-97DC-5314-F676-16E797154BD1" vid_target="3D2F761D-25C9-CED1-899C-0F3EFF28816D">
<hideElementsInCurrentOnly>false</hideElementsInCurrentOnly>
<backgroundColor>-16777216</backgroundColor>
<lineWidth>1</lineWidth>
<points>
<point x="944" y="276"/>
<point x="1014" y="276"/>
</points>
</Connector>
</connectors>
<arcs>
<Arc class="oracle.dbtools.crest.swingui.relational.TVFKArc" oid="8001E196-09FC-6622-BB8F-14CFA707738A" otype="FKArc" vid="DE499687-1BC5-FFC5-D7F3-DBEB0C8952FC">
<hideElementsInCurrentOnly>false</hideElementsInCurrentOnly>
<bounds x="626" y="-19" width="338" height="316"/>
</Arc>
</arcs>
</Diagram>