<?xml version = '1.0' encoding = 'UTF-8'?>
<Relation class="oracle.dbtools.crest.model.design.logical.InheritanceRelation" name="Hierarchy_3" directorySegmentName="seg_0" id="ADA3DC23-634A-48F7-7453-BB77C46D9065">
<createdBy>Lenovo</createdBy>
<createdTime>2025-10-10 22:55:50 UTC</createdTime>
<ownerDesignName>notacionbarkerS9</ownerDesignName>
<engineerTo>
<item key="AA776637-AF4A-D775-40A3-6E40F5F8E04D" value="true"/>
</engineerTo>
<arc>2DA3DEED-769B-F434-54F6-62AD02AFBAA9</arc>
<identifying>false</identifying>
<nameOnSource>Super Type</nameOnSource>
<nameOnTarget>Sub Type</nameOnTarget>
<optionalSource>true</optionalSource>
<optionalTarget>true</optionalTarget>
<sourceEntity>4CEE6DEF-05F4-045B-B5B6-95D0FEEB584D</sourceEntity>
<targetEntity>BDA0A83F-D5DF-AE38-BE96-C387EC4CA98C</targetEntity>
<transferable>true</transferable>
<deleteRule>NO ACTION</deleteRule>
</Relation>