<?xml version = '1.0' encoding = 'UTF-8'?>
<Relation class="oracle.dbtools.crest.model.design.logical.InheritanceRelation" name="Hierarchy_1" directorySegmentName="seg_0" id="D8A10095-DC62-59D5-1613-EC6A3F6D633D">
<createdBy>Lenovo</createdBy>
<createdTime>2025-10-10 22:55:22 UTC</createdTime>
<ownerDesignName>notacionbarkerS9</ownerDesignName>
<engineerTo>
<item key="AA776637-AF4A-D775-40A3-6E40F5F8E04D" value="true"/>
</engineerTo>
<arc>2DA3DEED-769B-F434-54F6-62AD02AFBAA9</arc>
<identifying>false</identifying>
<nameOnSource>Super Type</nameOnSource>
<nameOnTarget>Sub Type</nameOnTarget>
<optionalSource>true</optionalSource>
<optionalTarget>true</optionalTarget>
<sourceEntity>4CEE6DEF-05F4-045B-B5B6-95D0FEEB584D</sourceEntity>
<targetEntity>1C6FC753-4CA4-F723-5AE2-88EB1EB4AC72</targetEntity>
<transferable>true</transferable>
<deleteRule>NO ACTION</deleteRule>
</Relation>