<?xml version = '1.0' encoding = 'UTF-8'?>
<Diagram class="oracle.dbtools.crest.swingui.logical.DPVLogical" name="Logical" id="13687E4B-32A1-5B3F-A17E-A7D7B6155300">
<createdBy>Lenovo</createdBy>
<modifiedBy>Lenovo</modifiedBy>
<createdTime>2025-10-10 21:06:22 UTC</createdTime>
<autoRoute>false</autoRoute>
<boxInbox>false</boxInbox>
<showLegend>false</showLegend>
<showLabels>false</showLabels>
<showRelAttributes>false</showRelAttributes>
<gridEnabled>false</gridEnabled>
<showGrid>false</showGrid>
<diagramColor>-1</diagramColor>
<display>false</display>
<notation>1</notation>
<objectViews>
<OView class="oracle.dbtools.crest.swingui.logical.TVEntity" oid="0697D94C-5896-2F69-1630-3E8E2C36C0DE" otype="Entity" vid="4D3AFF6D-4A66-C6C4-1566-D528267CA993">
<hideElementsInCurrentOnly>false</hideElementsInCurrentOnly>
<bounds x="364" y="332" width="217" height="151"/>
</OView>
<OView class="oracle.dbtools.crest.swingui.logical.TVEntity" oid="0CEAEEEF-3006-8F52-93B9-AA4E053F5874" otype="Entity" vid="B679D86C-AAEB-F119-5E33-C7DAA4FA6ADE">
<hideElementsInCurrentOnly>false</hideElementsInCurrentOnly>
<bounds x="0" y="232" width="238" height="145"/>
</OView>
<OView class="oracle.dbtools.crest.swingui.logical.TVEntity" oid="1BCB34DC-96EA-3C61-E781-DB4CD3165676" otype="Entity" vid="15AF054A-8453-E12C-3E36-013BB2D57869">
<hideElementsInCurrentOnly>false</hideElementsInCurrentOnly>
<bounds x="1064" y="162" width="181" height="95"/>
</OView>
<OView class="oracle.dbtools.crest.swingui.logical.TVEntity" oid="1C6FC753-4CA4-F723-5AE2-88EB1EB4AC72" otype="Entity" vid="413C4679-90BD-759D-AC8C-4FFB1DF679F9">
<hideElementsInCurrentOnly>false</hideElementsInCurrentOnly>
<bounds x="596" y="309" width="210" height="64"/>
</OView>
<OView class="oracle.dbtools.crest.swingui.logical.TVEntity" oid="2B96F064-DAA0-1855-AB20-4FAFA9B9CA8F" otype="Entity" vid="C00CB5C0-FEDA-5523-CE78-03C2C24DEFB7">
<hideElementsInCurrentOnly>false</hideElementsInCurrentOnly>
<bounds x="302" y="23" width="234" height="111"/>
</OView>
<OView class="oracle.dbtools.crest.swingui.logical.TVEntity" oid="3B29C181-D593-ED95-AB65-2BDAF6EBB479" otype="Entity" vid="5C22E1A0-BB04-CF3B-E1BB-4613687E3E1E">
<hideElementsInCurrentOnly>false</hideElementsInCurrentOnly>
<bounds x="11" y="393" width="195" height="104"/>
</OView>
<OView class="oracle.dbtools.crest.swingui.logical.TVEntity" oid="4CEE6DEF-05F4-045B-B5B6-95D0FEEB584D" otype="Entity" vid="BAC57A1D-DF46-93BF-34A3-457652E7B22D">
<hideElementsInCurrentOnly>false</hideElementsInCurrentOnly>
<bounds x="645" y="20" width="283" height="221"/>
</OView>
<OView class="oracle.dbtools.crest.swingui.logical.TVEntity" oid="6AC93B07-AAA0-3A54-805D-2C10DA0444C5" otype="Entity" vid="4DE9D73A-84C8-D67A-E5D3-4322937F83F3">
<hideElementsInCurrentOnly>false</hideElementsInCurrentOnly>
<bounds x="760" y="399" width="189" height="87"/>
</OView>
<OView class="oracle.dbtools.crest.swingui.logical.TVEntity" oid="90B6577F-01AC-A907-6DF8-047119AFB84C" otype="Entity" vid="58626B38-3057-CA59-77E3-947E2F89FF22">
<hideElementsInCurrentOnly>false</hideElementsInCurrentOnly>
<bounds x="0" y="117" width="211" height="101"/>
</OView>
<OView class="oracle.dbtools.crest.swingui.logical.TVEntity" oid="A7336FDA-FB60-9D73-36DF-25718A2DB9E2" otype="Entity" vid="D7C45793-0F14-289F-9BF2-AE2FF2548399">
<hideElementsInCurrentOnly>false</hideElementsInCurrentOnly>
<bounds x="1048" y="44" width="170" height="104"/>
</OView>
<OView class="oracle.dbtools.crest.swingui.logical.TVEntity" oid="BDA0A83F-D5DF-AE38-BE96-C387EC4CA98C" otype="Entity" vid="030E80F7-5721-277E-7DAE-B92E2A9ACF7E">
<hideElementsInCurrentOnly>false</hideElementsInCurrentOnly>
<bounds x="862" y="269" width="208" height="100"/>
</OView>
<OView class="oracle.dbtools.crest.swingui.logical.TVEntity" oid="EE60FB42-3211-5F47-CF60-848CCB992EDB" otype="Entity" vid="853C90D7-CD3B-BFAA-311D-250968BF2606">
<hideElementsInCurrentOnly>false</hideElementsInCurrentOnly>
<bounds x="0" y="5" width="196" height="87"/>
</OView>
<OView class="oracle.dbtools.crest.swingui.logical.TVEntity" oid="EE9C5AD3-D391-D189-47DD-B2F05A7F6905" otype="Entity" vid="78ADC3F8-C78C-4336-B4EA-D3D88212A3F5">
<hideElementsInCurrentOnly>false</hideElementsInCurrentOnly>
<bounds x="289" y="163" width="223" height="123"/>
</OView>
</objectViews>
<connectors>
<Connector class="oracle.dbtools.crest.swingui.logical.TVRelation" oid="2EF34F0E-A68F-E981-DDF2-CC2C58DD8FA7" otype="Relation" vid_source="D7C45793-0F14-289F-9BF2-AE2FF2548399" vid_target="BAC57A1D-DF46-93BF-34A3-457652E7B22D">
<hideElementsInCurrentOnly>false</hideElementsInCurrentOnly>
<backgroundColor>-16777216</backgroundColor>
<lineWidth>1</lineWidth>
<points>
<point x="1048" y="111"/>
<point x="928" y="111"/>
</points>
</Connector>
<Connector class="oracle.dbtools.crest.swingui.logical.TVRelation" oid="3251ECA3-0523-EFA2-90B2-5A01338D0462" otype="Relation" vid_source="58626B38-3057-CA59-77E3-947E2F89FF22" vid_target="C00CB5C0-FEDA-5523-CE78-03C2C24DEFB7">
<hideElementsInCurrentOnly>false</hideElementsInCurrentOnly>
<backgroundColor>-16777216</backgroundColor>
<lineWidth>1</lineWidth>
<points>
<point x="211" y="125"/>
<point x="302" y="125"/>
</points>
</Connector>
<Connector class="oracle.dbtools.crest.swingui.logical.TVInheritanceRelation" oid="52ACF932-4D3A-874C-9FAB-943590260D11" otype="Hierarchy relation" vid_source="BAC57A1D-DF46-93BF-34A3-457652E7B22D" vid_target="4DE9D73A-84C8-D67A-E5D3-4322937F83F3">
<hideElementsInCurrentOnly>false</hideElementsInCurrentOnly>
<backgroundColor>-65536</backgroundColor>
<lineWidth>1</lineWidth>
<points>
<point x="844" y="241"/>
<point x="844" y="399"/>
</points>
</Connector>
<Connector class="oracle.dbtools.crest.swingui.logical.TVRelation" oid="54D5530D-DA54-4C98-1C88-3108E7DEA08A" otype="Relation" vid_source="BAC57A1D-DF46-93BF-34A3-457652E7B22D" vid_target="BAC57A1D-DF46-93BF-34A3-457652E7B22D">
<hideElementsInCurrentOnly>false</hideElementsInCurrentOnly>
<backgroundColor>-16777216</backgroundColor>
<lineWidth>1</lineWidth>
<points>
<point x="928" y="25"/>
<point x="982" y="25"/>
<point x="986" y="65"/>
<point x="947" y="63"/>
<point x="928" y="63"/>
</points>
</Connector>
<Connector class="oracle.dbtools.crest.swingui.logical.TVRelation" oid="7694342E-F21C-8291-AB9C-66DD830F8A96" otype="Relation" vid_source="BAC57A1D-DF46-93BF-34A3-457652E7B22D" vid_target="4D3AFF6D-4A66-C6C4-1566-D528267CA993">
<hideElementsInCurrentOnly>false</hideElementsInCurrentOnly>
<backgroundColor>-16777216</backgroundColor>
<lineWidth>1</lineWidth>
<points>
<point x="661" y="241"/>
<point x="558" y="332"/>
</points>
</Connector>
<Connector class="oracle.dbtools.crest.swingui.logical.TVRelation" oid="78B700C5-A4E9-59EC-FC81-38E44E026105" otype="Relation" vid_source="C00CB5C0-FEDA-5523-CE78-03C2C24DEFB7" vid_target="BAC57A1D-DF46-93BF-34A3-457652E7B22D">
<hideElementsInCurrentOnly>false</hideElementsInCurrentOnly>
<backgroundColor>-16777216</backgroundColor>
<lineWidth>1</lineWidth>
<points>
<point x="536" y="78"/>
<point x="645" y="78"/>
</points>
</Connector>
<Connector class="oracle.dbtools.crest.swingui.logical.TVRelation" oid="7DFF7117-EB15-9965-A593-C33CC6FAB0C3" otype="Relation" vid_source="C00CB5C0-FEDA-5523-CE78-03C2C24DEFB7" vid_target="78ADC3F8-C78C-4336-B4EA-D3D88212A3F5">
<hideElementsInCurrentOnly>false</hideElementsInCurrentOnly>
<backgroundColor>-16777216</backgroundColor>
<lineWidth>1</lineWidth>
<points>
<point x="407" y="134"/>
<point x="407" y="163"/>
</points>
</Connector>
<Connector class="oracle.dbtools.crest.swingui.logical.TVRelation" oid="7E1B4FA2-5601-8DF0-5ADE-58074C31A4E0" otype="Relation" vid_source="5C22E1A0-BB04-CF3B-E1BB-4613687E3E1E" vid_target="4D3AFF6D-4A66-C6C4-1566-D528267CA993">
<hideElementsInCurrentOnly>false</hideElementsInCurrentOnly>
<backgroundColor>-16777216</backgroundColor>
<lineWidth>1</lineWidth>
<points>
<point x="206" y="438"/>
<point x="364" y="438"/>
</points>
</Connector>
<Connector class="oracle.dbtools.crest.swingui.logical.TVRelation" oid="81D031B7-E88B-CE14-5C32-3E2F4557D593" otype="Relation" vid_source="78ADC3F8-C78C-4336-B4EA-D3D88212A3F5" vid_target="4D3AFF6D-4A66-C6C4-1566-D528267CA993">
<hideElementsInCurrentOnly>false</hideElementsInCurrentOnly>
<backgroundColor>-16777216</backgroundColor>
<lineWidth>1</lineWidth>
<points>
<point x="438" y="286"/>
<point x="438" y="332"/>
</points>
</Connector>
<Connector class="oracle.dbtools.crest.swingui.logical.TVRelation" oid="968B3581-1A29-F341-A6F1-4CE59DDB8628" otype="Relation" vid_source="853C90D7-CD3B-BFAA-311D-250968BF2606" vid_target="58626B38-3057-CA59-77E3-947E2F89FF22">
<hideElementsInCurrentOnly>false</hideElementsInCurrentOnly>
<backgroundColor>-16777216</backgroundColor>
<lineWidth>1</lineWidth>
<points>
<point x="98" y="92"/>
<point x="98" y="117"/>
</points>
</Connector>
<Connector class="oracle.dbtools.crest.swingui.logical.TVRelation" oid="A5930017-2593-2C0D-85F0-EB15F27F654F" otype="Relation" vid_source="78ADC3F8-C78C-4336-B4EA-D3D88212A3F5" vid_target="B679D86C-AAEB-F119-5E33-C7DAA4FA6ADE">
<hideElementsInCurrentOnly>false</hideElementsInCurrentOnly>
<backgroundColor>-16777216</backgroundColor>
<lineWidth>1</lineWidth>
<points>
<point x="289" y="259"/>
<point x="238" y="259"/>
</points>
</Connector>
<Connector class="oracle.dbtools.crest.swingui.logical.TVInheritanceRelation" oid="ADA3DC23-634A-48F7-7453-BB77C46D9065" otype="Hierarchy relation" vid_source="BAC57A1D-DF46-93BF-34A3-457652E7B22D" vid_target="030E80F7-5721-277E-7DAE-B92E2A9ACF7E">
<hideElementsInCurrentOnly>false</hideElementsInCurrentOnly>
<backgroundColor>-65536</backgroundColor>
<lineWidth>1</lineWidth>
<points>
<point x="895" y="241"/>
<point x="895" y="269"/>
</points>
</Connector>
<Connector class="oracle.dbtools.crest.swingui.logical.TVInheritanceRelation" oid="D8A10095-DC62-59D5-1613-EC6A3F6D633D" otype="Hierarchy relation" vid_source="BAC57A1D-DF46-93BF-34A3-457652E7B22D" vid_target="413C4679-90BD-759D-AC8C-4FFB1DF679F9">
<hideElementsInCurrentOnly>false</hideElementsInCurrentOnly>
<backgroundColor>-65536</backgroundColor>
<lineWidth>1</lineWidth>
<points>
<point x="725" y="241"/>
<point x="725" y="309"/>
</points>
</Connector>
<Connector class="oracle.dbtools.crest.swingui.logical.TVRelation" oid="DCC65441-CF6D-6486-5941-999D74D0DC9B" otype="Relation" vid_source="15AF054A-8453-E12C-3E36-013BB2D57869" vid_target="BAC57A1D-DF46-93BF-34A3-457652E7B22D">
<hideElementsInCurrentOnly>false</hideElementsInCurrentOnly>
<backgroundColor>-16777216</backgroundColor>
<lineWidth>1</lineWidth>
<points>
<point x="1064" y="201"/>
<point x="928" y="201"/>
</points>
</Connector>
</connectors>
<arcs>
<Arc class="oracle.dbtools.crest.swingui.logical.TVArc" oid="2DA3DEED-769B-F434-54F6-62AD02AFBAA9" otype="Arc" vid="375681D4-CE6B-C22D-78E3-3D30D656B02A">
<hideElementsInCurrentOnly>false</hideElementsInCurrentOnly>
<bounds x="625" y="0" width="323" height="261"/>
</Arc>
</arcs>
</Diagram>