<?xml version = '1.0' encoding = 'UTF-8'?>
<Arc class="oracle.dbtools.crest.model.design.logical.Arc" directorySegmentName="seg_0" id="5FDEC606-F4F9-CF38-A691-5858E3D28D10" name="Arc_3">
<createdBy>Lenovo</createdBy>
<createdTime>2025-08-30 03:27:14 UTC</createdTime>
<ownerDesignName>MBD_semana3</ownerDesignName>
<engineerTo>
<item key="C8D99817-DD20-A114-F31D-FD9905DD71D1" value="true"/>
</engineerTo>
<entity>75443EAB-6662-F816-E4D1-636332491087</entity>
<relations>
<relationID>6E1B1817-43DB-20C4-D324-D33922206236</relationID>
<relationID>0465E36B-0AC6-25C6-255B-11B26F045284</relationID>
</relations>
</Arc>
