<?xml version = '1.0' encoding = 'UTF-8'?>
<Arc class="oracle.dbtools.crest.model.design.logical.Arc" directorySegmentName="seg_0" id="9B543048-1A46-C506-4A8F-3834174CD093" name="Arc_2">
<createdBy>Lenovo</createdBy>
<createdTime>2025-08-30 03:24:11 UTC</createdTime>
<ownerDesignName>MBD_semana3</ownerDesignName>
<engineerTo>
<item key="C8D99817-DD20-A114-F31D-FD9905DD71D1" value="true"/>
</engineerTo>
<entity>B71B08AB-4180-EE58-78D0-B162882114DD</entity>
<relations>
<relationID>095947D3-C3A0-DB13-78DB-0F0F42B8510D</relationID>
<relationID>FA1BCB79-E760-F4B6-2136-D490898CB6C2</relationID>
</relations>
</Arc>
