<?xml version = '1.0' encoding = 'UTF-8'?>
<Relation class="oracle.dbtools.crest.model.design.logical.Relation" name="Relation_7" directorySegmentName="seg_0" id="3BBF7A17-E3EC-896D-D0C0-81DCDADC2B40">
<createdBy>Lenovo</createdBy>
<createdTime>2025-09-08 02:54:02 UTC</createdTime>
<ownerDesignName>MBDsemana4</ownerDesignName>
<engineerTo>
<item key="C05E9530-BCE4-3EE1-BE54-884B440FE099" value="true"/>
</engineerTo>
<sourcePk>AD801265-5489-A17A-7F44-3300D6DE1768</sourcePk>
<identifying>false</identifying>
<optionalSource>false</optionalSource>
<optionalTarget>false</optionalTarget>
<sourceCardinality>1</sourceCardinality>
<sourceEntity>609BAAD2-7AD4-55A0-211B-2F2A08C015BE</sourceEntity>
<targetCardinalityString>*</targetCardinalityString>
<targetEntity>78013C0E-CEED-F1C0-98B7-5A11F40A14AE</targetEntity>
<transferable>true</transferable>
<deleteRule>NO ACTION</deleteRule>
</Relation>