<?xml version = '1.0' encoding = 'UTF-8'?>
<Relation class="oracle.dbtools.crest.model.design.logical.Relation" name="Relation_6" directorySegmentName="seg_0" id="3D343C4C-C91E-ACED-4865-182FAB7636C1">
<createdBy>Lenovo</createdBy>
<createdTime>2025-09-08 02:52:03 UTC</createdTime>
<ownerDesignName>MBDsemana4</ownerDesignName>
<engineerTo>
<item key="C05E9530-BCE4-3EE1-BE54-884B440FE099" value="true"/>
</engineerTo>
<sourcePk>E9EAF8DA-18BA-306C-5E54-2801D38D0AB5</sourcePk>
<identifying>false</identifying>
<optionalSource>false</optionalSource>
<optionalTarget>false</optionalTarget>
<sourceCardinality>1</sourceCardinality>
<sourceEntity>E4FBD106-696D-FC9D-09E5-26F261C26CA9</sourceEntity>
<targetCardinalityString>*</targetCardinalityString>
<targetEntity>609BAAD2-7AD4-55A0-211B-2F2A08C015BE</targetEntity>
<transferable>true</transferable>
<deleteRule>NO ACTION</deleteRule>
</Relation>