<?xml version = '1.0' encoding = 'UTF-8'?>
<Relation class="oracle.dbtools.crest.model.design.logical.Relation" name="Relation_19" directorySegmentName="seg_0" id="65C10FE9-75F5-C9FC-6577-B3BF5BDA6FCD">
<createdBy>Lenovo</createdBy>
<createdTime>2025-09-08 03:27:06 UTC</createdTime>
<ownerDesignName>MBDsemana4</ownerDesignName>
<engineerTo>
<item key="C05E9530-BCE4-3EE1-BE54-884B440FE099" value="true"/>
</engineerTo>
<sourcePk>AD801265-5489-A17A-7F44-3300D6DE1768</sourcePk>
<identifying>false</identifying>
<optionalSource>false</optionalSource>
<optionalTarget>false</optionalTarget>
<sourceCardinality>1</sourceCardinality>
<sourceEntity>609BAAD2-7AD4-55A0-211B-2F2A08C015BE</sourceEntity>
<targetCardinalityString>1</targetCardinalityString>
<targetEntity>DB8C21E8-1432-3882-05A1-C235709C7C7F</targetEntity>
<transferable>true</transferable>
<deleteRule>NO ACTION</deleteRule>
</Relation>