<?xml version = '1.0' encoding = 'UTF-8'?>
<Relation class="oracle.dbtools.crest.model.design.logical.Relation" name="Relation_3" directorySegmentName="seg_0" id="8AECEFA8-71F8-A604-99FE-2C96561C7F61">
<createdBy>Lenovo</createdBy>
<createdTime>2025-09-08 02:48:27 UTC</createdTime>
<ownerDesignName>MBDsemana4</ownerDesignName>
<engineerTo>
<item key="C05E9530-BCE4-3EE1-BE54-884B440FE099" value="true"/>
</engineerTo>
<sourcePk>70685BF0-5AD4-7F46-60C7-0BD233033C68</sourcePk>
<identifying>false</identifying>
<optionalSource>false</optionalSource>
<optionalTarget>false</optionalTarget>
<sourceCardinality>1</sourceCardinality>
<sourceEntity>59FE519E-DA6D-70C7-6EA8-039101C53150</sourceEntity>
<targetCardinalityString>*</targetCardinalityString>
<targetEntity>609BAAD2-7AD4-55A0-211B-2F2A08C015BE</targetEntity>
<transferable>true</transferable>
<deleteRule>NO ACTION</deleteRule>
</Relation>