<?xml version = '1.0' encoding = 'UTF-8'?>
<Relation class="oracle.dbtools.crest.model.design.logical.Relation" name="Relation_1" directorySegmentName="seg_0" id="92496757-60B4-4238-08D6-1CB8924D0D93">
<createdBy>Lenovo</createdBy>
<createdTime>2025-09-08 02:25:30 UTC</createdTime>
<ownerDesignName>MBDsemana4</ownerDesignName>
<engineerTo>
<item key="C05E9530-BCE4-3EE1-BE54-884B440FE099" value="true"/>
</engineerTo>
<sourcePk>70685BF0-5AD4-7F46-60C7-0BD233033C68</sourcePk>
<identifying>false</identifying>
<optionalSource>false</optionalSource>
<optionalTarget>false</optionalTarget>
<sourceCardinality>1</sourceCardinality>
<sourceEntity>59FE519E-DA6D-70C7-6EA8-039101C53150</sourceEntity>
<targetCardinalityString>*</targetCardinalityString>
<targetEntity>56A33134-98A4-5F52-6E07-E9C6863024B6</targetEntity>
<transferable>true</transferable>
<deleteRule>NO ACTION</deleteRule>
</Relation>