<?xml version = '1.0' encoding = 'UTF-8'?>
<Relation class="oracle.dbtools.crest.model.design.logical.Relation" name="Relation_11" directorySegmentName="seg_0" id="9CF004AF-246C-1D7E-4C9E-7E56FD830CEF">
<createdBy>Lenovo</createdBy>
<createdTime>2025-09-08 03:12:06 UTC</createdTime>
<ownerDesignName>MBDsemana4</ownerDesignName>
<engineerTo>
<item key="C05E9530-BCE4-3EE1-BE54-884B440FE099" value="true"/>
</engineerTo>
<sourcePk>F7284E3B-3236-33EE-BD64-1DA0559D41DB</sourcePk>
<identifying>false</identifying>
<optionalSource>false</optionalSource>
<optionalTarget>false</optionalTarget>
<sourceCardinality>1</sourceCardinality>
<sourceEntity>56A33134-98A4-5F52-6E07-E9C6863024B6</sourceEntity>
<targetCardinalityString>*</targetCardinalityString>
<targetEntity>C0FFD377-F388-92ED-52DB-EFC329517372</targetEntity>
<transferable>true</transferable>
<deleteRule>NO ACTION</deleteRule>
</Relation>