<?xml version = '1.0' encoding = 'UTF-8'?>
<Relation class="oracle.dbtools.crest.model.design.logical.Relation" name="Relation_8" directorySegmentName="seg_0" id="A8F1F444-E81B-D1B6-2BE8-F77A9A45FB5C">
<createdBy>Lenovo</createdBy>
<createdTime>2025-09-08 02:55:53 UTC</createdTime>
<ownerDesignName>MBDsemana4</ownerDesignName>
<engineerTo>
<item key="C05E9530-BCE4-3EE1-BE54-884B440FE099" value="true"/>
</engineerTo>
<sourcePk>F3642CBB-F500-81C3-5196-0C393C6056D6</sourcePk>
<identifying>false</identifying>
<optionalSource>false</optionalSource>
<optionalTarget>false</optionalTarget>
<sourceCardinality>1</sourceCardinality>
<sourceEntity>F4A44A86-27B0-FB58-E022-19640DCE6D13</sourceEntity>
<targetCardinalityString>*</targetCardinalityString>
<targetEntity>609BAAD2-7AD4-55A0-211B-2F2A08C015BE</targetEntity>
<transferable>true</transferable>
<deleteRule>NO ACTION</deleteRule>
</Relation>