<?xml version = '1.0' encoding = 'UTF-8'?>
<Relation class="oracle.dbtools.crest.model.design.logical.Relation" name="Relation_9" directorySegmentName="seg_0" id="B4AD7407-2D9C-F367-EBEB-7ABD079EED02">
<createdBy>Lenovo</createdBy>
<createdTime>2025-09-08 03:02:37 UTC</createdTime>
<ownerDesignName>MBDsemana4</ownerDesignName>
<engineerTo>
<item key="C05E9530-BCE4-3EE1-BE54-884B440FE099" value="true"/>
</engineerTo>
<sourcePk>7D00350F-347D-2013-85C3-11226F3A9C12</sourcePk>
<identifying>false</identifying>
<optionalSource>true</optionalSource>
<optionalTarget>false</optionalTarget>
<sourceCardinality>1</sourceCardinality>
<sourceEntity>006A8E46-1705-A43D-D12C-B0EC50FB15E9</sourceEntity>
<targetCardinalityString>*</targetCardinalityString>
<targetEntity>609BAAD2-7AD4-55A0-211B-2F2A08C015BE</targetEntity>
<transferable>true</transferable>
<deleteRule>NO ACTION</deleteRule>
</Relation>