<?xml version = '1.0' encoding = 'UTF-8'?>
<Relation class="oracle.dbtools.crest.model.design.logical.Relation" name="Relation_20" directorySegmentName="seg_0" id="EDFB2916-2322-AEBB-1B05-1387717AFC5F">
<createdBy>Lenovo</createdBy>
<createdTime>2025-09-08 03:30:10 UTC</createdTime>
<ownerDesignName>MBDsemana4</ownerDesignName>
<engineerTo>
<item key="C05E9530-BCE4-3EE1-BE54-884B440FE099" value="true"/>
</engineerTo>
<sourcePk>288B52B2-D8B8-D01D-5C05-C6FA23A46F65</sourcePk>
<identifying>false</identifying>
<optionalSource>false</optionalSource>
<optionalTarget>false</optionalTarget>
<sourceCardinality>1</sourceCardinality>
<sourceEntity>C0FFD377-F388-92ED-52DB-EFC329517372</sourceEntity>
<targetCardinalityString>*</targetCardinalityString>
<targetEntity>DB8C21E8-1432-3882-05A1-C235709C7C7F</targetEntity>
<transferable>true</transferable>
<deleteRule>NO ACTION</deleteRule>
</Relation>