<?xml version = '1.0' encoding = 'UTF-8'?>
<Relation class="oracle.dbtools.crest.model.design.logical.Relation" name="Relation_14" directorySegmentName="seg_0" id="F390ACE8-1DA3-7CB2-B27F-45E55688AABD">
<createdBy>Lenovo</createdBy>
<createdTime>2025-09-08 03:15:13 UTC</createdTime>
<ownerDesignName>MBDsemana4</ownerDesignName>
<engineerTo>
<item key="C05E9530-BCE4-3EE1-BE54-884B440FE099" value="true"/>
</engineerTo>
<sourcePk>5EA19FEC-D4BE-5D6D-7173-4A7DF5C0BEFE</sourcePk>
<targetPk>7D00350F-347D-2013-85C3-11226F3A9C12</targetPk>
<identifying>false</identifying>
<optionalSource>false</optionalSource>
<optionalTarget>false</optionalTarget>
<sourceCardinality>1</sourceCardinality>
<sourceEntity>3D69B745-9BDA-5C89-E00D-B76A017AA74B</sourceEntity>
<targetCardinalityString>1</targetCardinalityString>
<targetEntity>006A8E46-1705-A43D-D12C-B0EC50FB15E9</targetEntity>
<transferable>true</transferable>
<deleteRule>NO ACTION</deleteRule>
</Relation>