<?xml version = '1.0' encoding = 'UTF-8'?>
<relationalModel class="oracle.dbtools.crest.model.design.relational.RelationalDesign" name="Relational_1" id="D389809A-514F-62E5-0C83-C3974BD4FC04" mainViewID="72BF81F6-F7C5-AAB7-F47A-CAA1F2787DA9">
<createdBy>Lenovo</createdBy>
<createdTime>2025-08-15 20:01:00 UTC</createdTime>
<ownerDesignName>MBD_Semana1</ownerDesignName>
<shouldBeOpen>false</shouldBeOpen>
<selectedRDBMSSite>32076570-2523-435C-2E92-BF29817DFF70</selectedRDBMSSite>
</relationalModel>
