<?xml version = '1.0' encoding = 'UTF-8'?>
<Entity class="oracle.dbtools.crest.model.design.logical.Entity" directorySegmentName="seg_0" id="0697D94C-5896-2F69-1630-3E8E2C36C0DE" name="ASIG_TURNO">
<createdBy>Lenovo</createdBy>
<createdTime>2025-10-10 23:24:07 UTC</createdTime>
<ownerDesignName>notacionbarkerS9</ownerDesignName>
<engineerTo>
<item key="AA776637-AF4A-D775-40A3-6E40F5F8E04D" value="true"/>
</engineerTo>
<adequatelyNormalized>NO</adequatelyNormalized>
<expectedVolumes>0</expectedVolumes>
<fwdEngineeringStrategyName>Single Table</fwdEngineeringStrategyName>
<growthPercent>0</growthPercent>
<growthType>Year</growthType>
<maxVolumes>9999999</maxVolumes>
<minVolumes>0</minVolumes>
<normalForm>Third</normalForm>
<attributes itemClass="oracle.dbtools.crest.model.design.logical.Attribute">
<Attribute name="id_personal" id="F11F693E-D390-BE3F-957D-B9B60283F4FB">
<createdBy>Lenovo</createdBy>
<createdTime>2025-10-10 23:24:48 UTC</createdTime>
<generatorID>7694342E-F21C-8291-AB9C-66DD830F8A96</generatorID>
<ownerDesignName>notacionbarkerS9</ownerDesignName>
<engineerTo>
<item key="AA776637-AF4A-D775-40A3-6E40F5F8E04D" value="true"/>
</engineerTo>
<referedAttribute>3283B69F-426F-776E-B050-FEE410210E46</referedAttribute>
<useDomainConstraints>false</useDomainConstraints>
<use>1</use>
<logicalDatatype>LOGDT019</logicalDatatype>
<dataTypePrecision>3</dataTypePrecision>
<ownDataTypeParameters>,,</ownDataTypeParameters>
</Attribute>
<Attribute name="id_turno" id="E58380D5-8F7C-19BA-4C0A-B96FF7B7879A">
<createdBy>Lenovo</createdBy>
<createdTime>2025-10-10 23:25:14 UTC</createdTime>
<generatorID>7E1B4FA2-5601-8DF0-5ADE-58074C31A4E0</generatorID>
<ownerDesignName>notacionbarkerS9</ownerDesignName>
<engineerTo>
<item key="AA776637-AF4A-D775-40A3-6E40F5F8E04D" value="true"/>
</engineerTo>
<referedAttribute>42639F4A-DF22-68B0-E0DC-B2BB4FF2DFCE</referedAttribute>
<useDomainConstraints>false</useDomainConstraints>
<use>1</use>
<logicalDatatype>LOGDT019</logicalDatatype>
<dataTypePrecision>2</dataTypePrecision>
<ownDataTypeParameters>,,</ownDataTypeParameters>
</Attribute>
<Attribute name="num_maquina" id="DEBB9081-B8A3-8138-F081-0FA5492183D4">
<createdBy>Lenovo</createdBy>
<createdTime>2025-10-10 23:25:22 UTC</createdTime>
<generatorID>81D031B7-E88B-CE14-5C32-3E2F4557D593</generatorID>
<ownerDesignName>notacionbarkerS9</ownerDesignName>
<engineerTo>
<item key="AA776637-AF4A-D775-40A3-6E40F5F8E04D" value="true"/>
</engineerTo>
<referedAttribute>90EA46D4-3C4A-F15F-FBCB-81FBA8AC7850</referedAttribute>
<useDomainConstraints>false</useDomainConstraints>
<use>1</use>
<logicalDatatype>LOGDT019</logicalDatatype>
<dataTypePrecision>4</dataTypePrecision>
<ownDataTypeParameters>,,</ownDataTypeParameters>
</Attribute>
<Attribute name="rol" id="269DEC5B-BAA6-70AF-0124-523DE08B9D2A">
<createdBy>Lenovo</createdBy>
<createdTime>2025-10-10 23:25:33 UTC</createdTime>
<ownerDesignName>notacionbarkerS9</ownerDesignName>
<engineerTo>
<item key="AA776637-AF4A-D775-40A3-6E40F5F8E04D" value="true"/>
</engineerTo>
<nullsAllowed>true</nullsAllowed>
<useDomainConstraints>false</useDomainConstraints>
<use>1</use>
<logicalDatatype>LOGDT024</logicalDatatype>
<dataTypeSize>20</dataTypeSize>
<ownDataTypeParameters>20,,</ownDataTypeParameters>
</Attribute>
</attributes>
<identifiers itemClass="oracle.dbtools.crest.model.design.logical.CandidateKey">
<identifier id="14BAAD42-5AA0-3637-0E31-9A6DB3B323F7" name="ASIG_TURNO PK">
<createdBy>Lenovo</createdBy>
<createdTime>2025-10-10 23:26:15 UTC</createdTime>
<ownerDesignName>notacionbarkerS9</ownerDesignName>
<engineerTo>
<item key="AA776637-AF4A-D775-40A3-6E40F5F8E04D" value="true"/>
</engineerTo>
<pk>true</pk>
<usedAttributes>
<attributeRef>F11F693E-D390-BE3F-957D-B9B60283F4FB</attributeRef>
<attributeRef>E58380D5-8F7C-19BA-4C0A-B96FF7B7879A</attributeRef>
</usedAttributes>
</identifier>
</identifiers>
</Entity>