<?xml version = '1.0' encoding = 'UTF-8'?>
<Entity class="oracle.dbtools.crest.model.design.logical.Entity" directorySegmentName="seg_0" id="3B29C181-D593-ED95-AB65-2BDAF6EBB479" name="TURNO">
<createdBy>Lenovo</createdBy>
<createdTime>2025-10-10 22:16:49 UTC</createdTime>
<ownerDesignName>notacionbarkerS9</ownerDesignName>
<engineerTo>
<item key="AA776637-AF4A-D775-40A3-6E40F5F8E04D" value="true"/>
</engineerTo>
<adequatelyNormalized>NO</adequatelyNormalized>
<expectedVolumes>0</expectedVolumes>
<fwdEngineeringStrategyName>Single Table</fwdEngineeringStrategyName>
<growthPercent>0</growthPercent>
<growthType>Year</growthType>
<maxVolumes>9999999</maxVolumes>
<minVolumes>0</minVolumes>
<normalForm>Third</normalForm>
<attributes itemClass="oracle.dbtools.crest.model.design.logical.Attribute">
<Attribute name="id_turno" id="42639F4A-DF22-68B0-E0DC-B2BB4FF2DFCE">
<createdBy>Lenovo</createdBy>
<createdTime>2025-10-10 22:16:54 UTC</createdTime>
<ownerDesignName>notacionbarkerS9</ownerDesignName>
<engineerTo>
<item key="AA776637-AF4A-D775-40A3-6E40F5F8E04D" value="true"/>
</engineerTo>
<useDomainConstraints>false</useDomainConstraints>
<use>1</use>
<logicalDatatype>LOGDT019</logicalDatatype>
<dataTypePrecision>2</dataTypePrecision>
<ownDataTypeParameters>,2,</ownDataTypeParameters>
</Attribute>
<Attribute name="nom_turno" id="3E04416C-F54A-A6D2-407A-E36787D12F4A">
<createdBy>Lenovo</createdBy>
<createdTime>2025-10-10 22:17:53 UTC</createdTime>
<ownerDesignName>notacionbarkerS9</ownerDesignName>
<engineerTo>
<item key="AA776637-AF4A-D775-40A3-6E40F5F8E04D" value="true"/>
</engineerTo>
<useDomainConstraints>false</useDomainConstraints>
<use>1</use>
<logicalDatatype>LOGDT024</logicalDatatype>
<dataTypeSize>10</dataTypeSize>
<ownDataTypeParameters>10,,</ownDataTypeParameters>
</Attribute>
<Attribute name="hora_inicio" id="7142AD86-5F1E-EF8F-DCC5-8CF0410B1B1F">
<createdBy>Lenovo</createdBy>
<createdTime>2025-10-10 22:18:18 UTC</createdTime>
<ownerDesignName>notacionbarkerS9</ownerDesignName>
<engineerTo>
<item key="AA776637-AF4A-D775-40A3-6E40F5F8E04D" value="true"/>
</engineerTo>
<useDomainConstraints>false</useDomainConstraints>
<use>1</use>
<logicalDatatype>LOGDT025</logicalDatatype>
<dataTypeSize>5</dataTypeSize>
<ownDataTypeParameters>5,,</ownDataTypeParameters>
</Attribute>
<Attribute name="hora_fin" id="20CBBC11-659F-18FE-D388-EFDFBB39DC57">
<createdBy>Lenovo</createdBy>
<createdTime>2025-10-10 22:18:38 UTC</createdTime>
<ownerDesignName>notacionbarkerS9</ownerDesignName>
<engineerTo>
<item key="AA776637-AF4A-D775-40A3-6E40F5F8E04D" value="true"/>
</engineerTo>
<useDomainConstraints>false</useDomainConstraints>
<use>1</use>
<logicalDatatype>LOGDT025</logicalDatatype>
<dataTypeSize>5</dataTypeSize>
<ownDataTypeParameters>5,,</ownDataTypeParameters>
</Attribute>
</attributes>
<identifiers itemClass="oracle.dbtools.crest.model.design.logical.CandidateKey">
<identifier id="0C98540D-3402-96F5-1BA3-84A9711547C8" name="TURNO PK">
<createdBy>Lenovo</createdBy>
<createdTime>2025-10-10 22:17:52 UTC</createdTime>
<ownerDesignName>notacionbarkerS9</ownerDesignName>
<engineerTo>
<item key="AA776637-AF4A-D775-40A3-6E40F5F8E04D" value="true"/>
</engineerTo>
<pk>true</pk>
<usedAttributes>
<attributeRef>42639F4A-DF22-68B0-E0DC-B2BB4FF2DFCE</attributeRef>
</usedAttributes>
</identifier>
</identifiers>
</Entity>