<?xml version = '1.0' encoding = 'UTF-8'?>
<Entity class="oracle.dbtools.crest.model.design.logical.Entity" directorySegmentName="seg_0" id="BDA0A83F-D5DF-AE38-BE96-C387EC4CA98C" name="TECN_MANTENCION">
<createdBy>Lenovo</createdBy>
<createdTime>2025-10-10 22:49:40 UTC</createdTime>
<ownerDesignName>notacionbarkerS9</ownerDesignName>
<engineerTo>
<item key="AA776637-AF4A-D775-40A3-6E40F5F8E04D" value="true"/>
</engineerTo>
<adequatelyNormalized>NO</adequatelyNormalized>
<expectedVolumes>0</expectedVolumes>
<fwdEngineeringStrategyName>Single Table</fwdEngineeringStrategyName>
<growthPercent>0</growthPercent>
<growthType>Year</growthType>
<hierarchicalParent>4CEE6DEF-05F4-045B-B5B6-95D0FEEB584D</hierarchicalParent>
<maxVolumes>9999999</maxVolumes>
<minVolumes>0</minVolumes>
<normalForm>Third</normalForm>
<attributes itemClass="oracle.dbtools.crest.model.design.logical.Attribute">
<Attribute name="especialidad" id="8F59D180-2722-EA36-E7FF-600171AC77B4">
<createdBy>Lenovo</createdBy>
<createdTime>2025-10-10 22:50:44 UTC</createdTime>
<ownerDesignName>notacionbarkerS9</ownerDesignName>
<engineerTo>
<item key="AA776637-AF4A-D775-40A3-6E40F5F8E04D" value="true"/>
</engineerTo>
<useDomainConstraints>false</useDomainConstraints>
<use>1</use>
<logicalDatatype>LOGDT024</logicalDatatype>
<dataTypeSize>20</dataTypeSize>
<ownDataTypeParameters>20,,</ownDataTypeParameters>
</Attribute>
<Attribute name="niv_certificacion" id="D1B6EDFE-E471-113B-BE97-FAEE6F7B8621">
<createdBy>Lenovo</createdBy>
<createdTime>2025-10-10 22:50:53 UTC</createdTime>
<ownerDesignName>notacionbarkerS9</ownerDesignName>
<engineerTo>
<item key="AA776637-AF4A-D775-40A3-6E40F5F8E04D" value="true"/>
</engineerTo>
<nullsAllowed>true</nullsAllowed>
<useDomainConstraints>false</useDomainConstraints>
<use>1</use>
<logicalDatatype>LOGDT024</logicalDatatype>
<dataTypeSize>10</dataTypeSize>
<ownDataTypeParameters>10,,</ownDataTypeParameters>
</Attribute>
<Attribute name="t_resp_estandar" id="5177C546-D300-0400-ECE0-3F45412D2A52">
<createdBy>Lenovo</createdBy>
<createdTime>2025-10-10 22:51:47 UTC</createdTime>
<ownerDesignName>notacionbarkerS9</ownerDesignName>
<engineerTo>
<item key="AA776637-AF4A-D775-40A3-6E40F5F8E04D" value="true"/>
</engineerTo>
<useDomainConstraints>false</useDomainConstraints>
<use>1</use>
<logicalDatatype>LOGDT024</logicalDatatype>
<dataTypeSize>8</dataTypeSize>
<ownDataTypeParameters>8,,</ownDataTypeParameters>
</Attribute>
</attributes>
</Entity>