<?xml version = '1.0' encoding = 'UTF-8'?>
<Entity class="oracle.dbtools.crest.model.design.logical.Entity" directorySegmentName="seg_0" id="EE9C5AD3-D391-D189-47DD-B2F05A7F6905" name="MAQUINA">
<createdBy>Lenovo</createdBy>
<createdTime>2025-10-10 23:06:59 UTC</createdTime>
<ownerDesignName>notacionbarkerS9</ownerDesignName>
<engineerTo>
<item key="AA776637-AF4A-D775-40A3-6E40F5F8E04D" value="true"/>
</engineerTo>
<adequatelyNormalized>NO</adequatelyNormalized>
<expectedVolumes>0</expectedVolumes>
<fwdEngineeringStrategyName>Single Table</fwdEngineeringStrategyName>
<growthPercent>0</growthPercent>
<growthType>Year</growthType>
<maxVolumes>9999999</maxVolumes>
<minVolumes>0</minVolumes>
<normalForm>Third</normalForm>
<attributes itemClass="oracle.dbtools.crest.model.design.logical.Attribute">
<Attribute name="num_maquina" id="90EA46D4-3C4A-F15F-FBCB-81FBA8AC7850">
<createdBy>Lenovo</createdBy>
<createdTime>2025-10-10 23:07:05 UTC</createdTime>
<ownerDesignName>notacionbarkerS9</ownerDesignName>
<engineerTo>
<item key="AA776637-AF4A-D775-40A3-6E40F5F8E04D" value="true"/>
</engineerTo>
<useDomainConstraints>false</useDomainConstraints>
<use>1</use>
<logicalDatatype>LOGDT019</logicalDatatype>
<dataTypePrecision>4</dataTypePrecision>
<ownDataTypeParameters>,4,</ownDataTypeParameters>
</Attribute>
<Attribute name="nom_maquina" id="37CE216E-E9A5-90D7-E71C-9C632EDDF56F">
<createdBy>Lenovo</createdBy>
<createdTime>2025-10-10 23:07:43 UTC</createdTime>
<ownerDesignName>notacionbarkerS9</ownerDesignName>
<engineerTo>
<item key="AA776637-AF4A-D775-40A3-6E40F5F8E04D" value="true"/>
</engineerTo>
<useDomainConstraints>false</useDomainConstraints>
<use>1</use>
<logicalDatatype>LOGDT024</logicalDatatype>
<dataTypeSize>15</dataTypeSize>
<ownDataTypeParameters>15,,</ownDataTypeParameters>
</Attribute>
<Attribute name="estado_maquina" id="F18AE72B-BD64-78AE-302F-9EB2989F3316">
<createdBy>Lenovo</createdBy>
<createdTime>2025-10-10 23:09:00 UTC</createdTime>
<ownerDesignName>notacionbarkerS9</ownerDesignName>
<engineerTo>
<item key="AA776637-AF4A-D775-40A3-6E40F5F8E04D" value="true"/>
</engineerTo>
<useDomainConstraints>false</useDomainConstraints>
<use>1</use>
<logicalDatatype>LOGDT025</logicalDatatype>
<dataTypeSize>1</dataTypeSize>
<ownDataTypeParameters>1,,</ownDataTypeParameters>
</Attribute>
<Attribute name="tipo_maquina" id="D6555BDB-14BA-28E2-B470-36590681C975">
<createdBy>Lenovo</createdBy>
<createdTime>2025-10-10 23:09:18 UTC</createdTime>
<ownerDesignName>notacionbarkerS9</ownerDesignName>
<engineerTo>
<item key="AA776637-AF4A-D775-40A3-6E40F5F8E04D" value="true"/>
</engineerTo>
<useDomainConstraints>false</useDomainConstraints>
<use>1</use>
<logicalDatatype>LOGDT024</logicalDatatype>
<dataTypeSize>20</dataTypeSize>
<ownDataTypeParameters>20,,</ownDataTypeParameters>
</Attribute>
<Attribute name="id_planta" id="30310A26-1F3F-3F09-7436-1C3A9E82C98E">
<createdBy>Lenovo</createdBy>
<createdTime>2025-10-10 23:10:14 UTC</createdTime>
<generatorID>7DFF7117-EB15-9965-A593-C33CC6FAB0C3</generatorID>
<ownerDesignName>notacionbarkerS9</ownerDesignName>
<engineerTo>
<item key="AA776637-AF4A-D775-40A3-6E40F5F8E04D" value="true"/>
</engineerTo>
<referedAttribute>208638B0-CA7B-7337-5605-5AAD67691B4B</referedAttribute>
<useDomainConstraints>false</useDomainConstraints>
<use>1</use>
<logicalDatatype>LOGDT019</logicalDatatype>
<dataTypePrecision>3</dataTypePrecision>
<ownDataTypeParameters>,,</ownDataTypeParameters>
</Attribute>
</attributes>
<identifiers itemClass="oracle.dbtools.crest.model.design.logical.CandidateKey">
<identifier id="6C601DA8-E9C1-28BB-5B9B-1A1229774F1B" name="MAQUINA PK">
<createdBy>Lenovo</createdBy>
<createdTime>2025-10-10 23:07:40 UTC</createdTime>
<ownerDesignName>notacionbarkerS9</ownerDesignName>
<engineerTo>
<item key="AA776637-AF4A-D775-40A3-6E40F5F8E04D" value="true"/>
</engineerTo>
<pk>true</pk>
<usedAttributes>
<attributeRef>90EA46D4-3C4A-F15F-FBCB-81FBA8AC7850</attributeRef>
</usedAttributes>
</identifier>
</identifiers>
</Entity>