<?xml version = '1.0' encoding = 'UTF-8'?>
<Entity class="oracle.dbtools.crest.model.design.logical.Entity" directorySegmentName="seg_0" id="705CAA5B-C652-495E-81AF-328AF0694E5F" name="RESERVA">
<createdBy>Lenovo</createdBy>
<createdTime>2025-08-22 15:55:00 UTC</createdTime>
<ownerDesignName>MBDsemana2</ownerDesignName>
<engineerTo>
<item key="D389809A-514F-62E5-0C83-C3974BD4FC04" value="true"/>
</engineerTo>
<adequatelyNormalized>NO</adequatelyNormalized>
<expectedVolumes>0</expectedVolumes>
<fwdEngineeringStrategyName>Single Table</fwdEngineeringStrategyName>
<growthPercent>0</growthPercent>
<growthType>Year</growthType>
<maxVolumes>9999999</maxVolumes>
<minVolumes>0</minVolumes>
<normalForm>Third</normalForm>
<attributes itemClass="oracle.dbtools.crest.model.design.logical.Attribute">
<Attribute name="numero_reserva" id="3836FAC8-0F1C-4B67-80EC-1C07A21077A5">
<createdBy>Lenovo</createdBy>
<createdTime>2025-08-22 15:55:11 UTC</createdTime>
<ownerDesignName>MBDsemana2</ownerDesignName>
<engineerTo>
<item key="D389809A-514F-62E5-0C83-C3974BD4FC04" value="true"/>
</engineerTo>
<useDomainConstraints>false</useDomainConstraints>
<use>1</use>
<logicalDatatype>LOGDT019</logicalDatatype>
<ownDataTypeParameters>,,</ownDataTypeParameters>
</Attribute>
<Attribute name="fecha_reserva" id="CC03121E-16D8-408B-14BE-11C09FB48DAC">
<createdBy>Lenovo</createdBy>
<createdTime>2025-08-22 15:55:51 UTC</createdTime>
<ownerDesignName>MBDsemana2</ownerDesignName>
<engineerTo>
<item key="D389809A-514F-62E5-0C83-C3974BD4FC04" value="true"/>
</engineerTo>
<useDomainConstraints>false</useDomainConstraints>
<use>1</use>
<logicalDatatype>LOGDT007</logicalDatatype>
<ownDataTypeParameters>,,</ownDataTypeParameters>
</Attribute>
<Attribute name="fecha_viaje" id="F290A0F2-9EF2-1441-E469-85D1F68A87F4">
<createdBy>Lenovo</createdBy>
<createdTime>2025-08-22 15:55:33 UTC</createdTime>
<ownerDesignName>MBDsemana2</ownerDesignName>
<engineerTo>
<item key="D389809A-514F-62E5-0C83-C3974BD4FC04" value="true"/>
</engineerTo>
<useDomainConstraints>false</useDomainConstraints>
<use>1</use>
<logicalDatatype>LOGDT007</logicalDatatype>
<ownDataTypeParameters>,,</ownDataTypeParameters>
</Attribute>
<Attribute name="estado" id="7F9D57BD-DC69-F57B-90C1-6BE51E502D02">
<createdBy>Lenovo</createdBy>
<createdTime>2025-08-22 15:59:21 UTC</createdTime>
<ownerDesignName>MBDsemana2</ownerDesignName>
<engineerTo>
<item key="D389809A-514F-62E5-0C83-C3974BD4FC04" value="true"/>
</engineerTo>
<nullsAllowed>true</nullsAllowed>
<useDomainConstraints>false</useDomainConstraints>
<use>1</use>
<logicalDatatype>LOGDT024</logicalDatatype>
<dataTypeSize>10</dataTypeSize>
<ownDataTypeParameters>10,,</ownDataTypeParameters>
</Attribute>
<Attribute name="num_pasaporte" id="2729D839-4757-0573-94BC-EBD83424F4AC">
<createdBy>Lenovo</createdBy>
<createdTime>2025-08-22 17:03:27 UTC</createdTime>
<generatorID>EF8BB242-3551-9B61-50C2-6F9BB9423425</generatorID>
<ownerDesignName>MBDsemana2</ownerDesignName>
<engineerTo>
<item key="D389809A-514F-62E5-0C83-C3974BD4FC04" value="true"/>
</engineerTo>
<referedAttribute>D43647F5-8B61-DF49-CDB9-79D5E96EB186</referedAttribute>
<useDomainConstraints>false</useDomainConstraints>
<use>1</use>
<logicalDatatype>LOGDT019</logicalDatatype>
<ownDataTypeParameters>,,</ownDataTypeParameters>
</Attribute>
<Attribute name="num_vuelo" id="009D900C-C326-0D1B-FA9A-C45DCDC87C27">
<createdBy>Lenovo</createdBy>
<createdTime>2025-08-24 23:15:23 UTC</createdTime>
<generatorID>F592FACD-7245-BCF3-71C2-6700CBF8F10D</generatorID>
<ownerDesignName>MBDsemana2</ownerDesignName>
<engineerTo>
<item key="D389809A-514F-62E5-0C83-C3974BD4FC04" value="true"/>
</engineerTo>
<referedAttribute>7BD72ACF-1843-11AF-F265-C44C375F6967</referedAttribute>
<useDomainConstraints>false</useDomainConstraints>
<use>1</use>
<logicalDatatype>LOGDT019</logicalDatatype>
<ownDataTypeParameters>,,</ownDataTypeParameters>
</Attribute>
</attributes>
<identifiers itemClass="oracle.dbtools.crest.model.design.logical.CandidateKey">
<identifier id="C7177503-287D-C634-A2FF-48D78AA33544" name="RESERVA PK">
<createdBy>Lenovo</createdBy>
<createdTime>2025-08-22 15:55:31 UTC</createdTime>
<ownerDesignName>MBDsemana2</ownerDesignName>
<engineerTo>
<item key="D389809A-514F-62E5-0C83-C3974BD4FC04" value="true"/>
</engineerTo>
<pk>true</pk>
<usedAttributes>
<attributeRef>3836FAC8-0F1C-4B67-80EC-1C07A21077A5</attributeRef>
</usedAttributes>
</identifier>
</identifiers>
</Entity>
