<?xml version = '1.0' encoding = 'UTF-8'?>
<Entity class="oracle.dbtools.crest.model.design.logical.Entity" directorySegmentName="seg_0" id="8CF723DC-94CF-140B-5F44-8A888A3335D5" name="VUELO">
<createdBy>Lenovo</createdBy>
<createdTime>2025-08-15 20:40:37 UTC</createdTime>
<ownerDesignName>MBDsemana2</ownerDesignName>
<engineerTo>
<item key="D389809A-514F-62E5-0C83-C3974BD4FC04" value="true"/>
</engineerTo>
<adequatelyNormalized>NO</adequatelyNormalized>
<expectedVolumes>0</expectedVolumes>
<fwdEngineeringStrategyName>Single Table</fwdEngineeringStrategyName>
<growthPercent>0</growthPercent>
<growthType>Year</growthType>
<maxVolumes>9999999</maxVolumes>
<minVolumes>0</minVolumes>
<normalForm>Third</normalForm>
<attributes itemClass="oracle.dbtools.crest.model.design.logical.Attribute">
<Attribute name="num_vuelo" id="7BD72ACF-1843-11AF-F265-C44C375F6967">
<createdBy>Lenovo</createdBy>
<createdTime>2025-08-15 20:59:39 UTC</createdTime>
<ownerDesignName>MBDsemana2</ownerDesignName>
<engineerTo>
<item key="D389809A-514F-62E5-0C83-C3974BD4FC04" value="true"/>
</engineerTo>
<useDomainConstraints>false</useDomainConstraints>
<use>1</use>
<logicalDatatype>LOGDT019</logicalDatatype>
<ownDataTypeParameters>,,</ownDataTypeParameters>
</Attribute>
<Attribute name="fecha_aterrizaje" id="6F4A1616-2BB3-9387-7615-A6404E747A7D">
<createdBy>Lenovo</createdBy>
<createdTime>2025-08-15 21:00:56 UTC</createdTime>
<ownerDesignName>MBDsemana2</ownerDesignName>
<engineerTo>
<item key="D389809A-514F-62E5-0C83-C3974BD4FC04" value="true"/>
</engineerTo>
<useDomainConstraints>false</useDomainConstraints>
<use>1</use>
<logicalDatatype>LOGDT007</logicalDatatype>
<ownDataTypeParameters>,,</ownDataTypeParameters>
</Attribute>
<Attribute name="fecha_llegada_destino" id="E7DC8299-7CA0-626B-E998-10962007987F">
<createdBy>Lenovo</createdBy>
<createdTime>2025-08-15 21:00:31 UTC</createdTime>
<ownerDesignName>MBDsemana2</ownerDesignName>
<engineerTo>
<item key="D389809A-514F-62E5-0C83-C3974BD4FC04" value="true"/>
</engineerTo>
<useDomainConstraints>false</useDomainConstraints>
<use>1</use>
<logicalDatatype>LOGDT007</logicalDatatype>
<ownDataTypeParameters>,,</ownDataTypeParameters>
</Attribute>
<Attribute name="hora_salida" id="D8D9B3B5-91F7-186C-CE36-B895C682447B">
<createdBy>Lenovo</createdBy>
<createdTime>2025-08-15 21:01:23 UTC</createdTime>
<ownerDesignName>MBDsemana2</ownerDesignName>
<engineerTo>
<item key="D389809A-514F-62E5-0C83-C3974BD4FC04" value="true"/>
</engineerTo>
<useDomainConstraints>false</useDomainConstraints>
<use>1</use>
<logicalDatatype>LOGDT024</logicalDatatype>
<dataTypeSize>5</dataTypeSize>
<ownDataTypeParameters>5,,</ownDataTypeParameters>
</Attribute>
<Attribute name="matricula" id="6A2C3E2B-48B3-37EC-EBDE-FDC5C49066E5">
<createdBy>Lenovo</createdBy>
<createdTime>2025-08-22 17:11:42 UTC</createdTime>
<generatorID>AD016AFA-B819-0358-1388-438B2F7D6409</generatorID>
<ownerDesignName>MBDsemana2</ownerDesignName>
<engineerTo>
<item key="D389809A-514F-62E5-0C83-C3974BD4FC04" value="true"/>
</engineerTo>
<referedAttribute>F188BBEE-4734-FDAC-B6FB-C1EBDB5FC8E1</referedAttribute>
<useDomainConstraints>false</useDomainConstraints>
<use>1</use>
<logicalDatatype>LOGDT019</logicalDatatype>
<ownDataTypeParameters>,,</ownDataTypeParameters>
</Attribute>
<Attribute name="ciudad_destino" id="285C3172-C351-50EE-36C8-668D123E108B">
<createdBy>Lenovo</createdBy>
<createdTime>2025-08-24 23:10:58 UTC</createdTime>
<ownerDesignName>MBDsemana2</ownerDesignName>
<engineerTo>
<item key="D389809A-514F-62E5-0C83-C3974BD4FC04" value="true"/>
</engineerTo>
<useDomainConstraints>false</useDomainConstraints>
<use>1</use>
<logicalDatatype>LOGDT024</logicalDatatype>
<dataTypeSize>25</dataTypeSize>
<ownDataTypeParameters>25,,</ownDataTypeParameters>
</Attribute>
<Attribute name="ciudad_origen" id="A823E1F0-6DB1-DC42-963E-B4B596995348">
<createdBy>Lenovo</createdBy>
<createdTime>2025-08-24 23:11:24 UTC</createdTime>
<ownerDesignName>MBDsemana2</ownerDesignName>
<engineerTo>
<item key="D389809A-514F-62E5-0C83-C3974BD4FC04" value="true"/>
</engineerTo>
<useDomainConstraints>false</useDomainConstraints>
<use>1</use>
<logicalDatatype>LOGDT024</logicalDatatype>
<dataTypeSize>20</dataTypeSize>
<ownDataTypeParameters>20,,</ownDataTypeParameters>
</Attribute>
</attributes>
<identifiers itemClass="oracle.dbtools.crest.model.design.logical.CandidateKey">
<identifier id="3C5EE6C0-6D09-8393-F98A-450AB385BED3" name="VUELO PK">
<createdBy>Lenovo</createdBy>
<createdTime>2025-08-15 20:59:54 UTC</createdTime>
<ownerDesignName>MBDsemana2</ownerDesignName>
<engineerTo>
<item key="D389809A-514F-62E5-0C83-C3974BD4FC04" value="true"/>
</engineerTo>
<pk>true</pk>
<usedAttributes>
<attributeRef>7BD72ACF-1843-11AF-F265-C44C375F6967</attributeRef>
</usedAttributes>
</identifier>
</identifiers>
</Entity>
