<?xml version = '1.0' encoding = 'UTF-8'?>
<Entity class="oracle.dbtools.crest.model.design.logical.Entity" directorySegmentName="seg_0" id="98F3BA11-FC00-EF3C-A126-C506CC9DB325" name="PILOTO">
<createdBy>Lenovo</createdBy>
<createdTime>2025-08-24 22:59:56 UTC</createdTime>
<ownerDesignName>MBDsemana2</ownerDesignName>
<engineerTo>
<item key="D389809A-514F-62E5-0C83-C3974BD4FC04" value="true"/>
</engineerTo>
<adequatelyNormalized>NO</adequatelyNormalized>
<expectedVolumes>0</expectedVolumes>
<fwdEngineeringStrategyName>Single Table</fwdEngineeringStrategyName>
<growthPercent>0</growthPercent>
<growthType>Year</growthType>
<maxVolumes>9999999</maxVolumes>
<minVolumes>0</minVolumes>
<normalForm>Third</normalForm>
<attributes itemClass="oracle.dbtools.crest.model.design.logical.Attribute">
<Attribute name="horas_de_vuelo" id="273073E0-7A9C-34EB-8E59-6D0FBCF00DE8">
<createdBy>Lenovo</createdBy>
<createdTime>2025-08-24 23:02:25 UTC</createdTime>
<ownerDesignName>MBDsemana2</ownerDesignName>
<engineerTo>
<item key="D389809A-514F-62E5-0C83-C3974BD4FC04" value="true"/>
</engineerTo>
<useDomainConstraints>false</useDomainConstraints>
<use>1</use>
<logicalDatatype>LOGDT019</logicalDatatype>
<ownDataTypeParameters>,,</ownDataTypeParameters>
</Attribute>
<Attribute name="afp" id="58A14EC2-0CBF-F6E8-CE9B-026EB45EA037">
<createdBy>Lenovo</createdBy>
<createdTime>2025-08-24 23:02:44 UTC</createdTime>
<ownerDesignName>MBDsemana2</ownerDesignName>
<engineerTo>
<item key="D389809A-514F-62E5-0C83-C3974BD4FC04" value="true"/>
</engineerTo>
<useDomainConstraints>false</useDomainConstraints>
<use>1</use>
<logicalDatatype>LOGDT024</logicalDatatype>
<dataTypeSize>20</dataTypeSize>
<ownDataTypeParameters>20,,</ownDataTypeParameters>
</Attribute>
<Attribute name="id_empleado" id="3C88D415-BAAD-11D6-0528-CA8DC1E7BAD6">
<createdBy>Lenovo</createdBy>
<createdTime>2025-08-24 23:07:18 UTC</createdTime>
<generatorID>30171115-F0FE-1A37-975C-0E85E2D79245</generatorID>
<ownerDesignName>MBDsemana2</ownerDesignName>
<engineerTo>
<item key="D389809A-514F-62E5-0C83-C3974BD4FC04" value="true"/>
</engineerTo>
<referedAttribute>B99AC751-3149-3A22-9133-D51A11095305</referedAttribute>
<useDomainConstraints>false</useDomainConstraints>
<use>1</use>
<logicalDatatype>LOGDT019</logicalDatatype>
<ownDataTypeParameters>,,</ownDataTypeParameters>
</Attribute>
</attributes>
</Entity>
