<?xml version = '1.0' encoding = 'UTF-8'?>
<Diagram class="oracle.dbtools.crest.swingui.logical.DPVLogical" name="Logical" id="26D5CB83-F9F8-3E04-673E-6265DA7446A8">
<createdBy>Lenovo</createdBy>
<modifiedBy>Lenovo</modifiedBy>
<createdTime>2025-09-13 02:20:50 UTC</createdTime>
<autoRoute>false</autoRoute>
<boxInbox>true</boxInbox>
<showLegend>false</showLegend>
<showLabels>false</showLabels>
<showRelAttributes>false</showRelAttributes>
<gridEnabled>false</gridEnabled>
<showGrid>false</showGrid>
<diagramColor>-1</diagramColor>
<display>false</display>
<notation>1</notation>
<objectViews>
<OView class="oracle.dbtools.crest.swingui.logical.TVEntity" oid="01F6B6E6-1526-D757-5FC6-5F78466A1E7B" otype="Entity" vid="D7F69661-6FCB-D3F7-3468-CBC445710CB4">
<hideElementsInCurrentOnly>false</hideElementsInCurrentOnly>
<bounds x="258" y="87" width="251" height="124"/>
</OView>
<OView class="oracle.dbtools.crest.swingui.logical.TVEntity" oid="06CAAA22-CBDA-B8C1-2CF3-53B47DA6A9E2" otype="Entity" vid="FDC7AE59-A363-A2E5-5A5F-0BF21AF9254A">
<hideElementsInCurrentOnly>false</hideElementsInCurrentOnly>
<bounds x="1054" y="223" width="198" height="86"/>
</OView>
<OView class="oracle.dbtools.crest.swingui.logical.TVEntity" oid="34CF7C78-D5F3-673E-76F6-20CEE0015C43" otype="Entity" vid="18E3152A-7405-60A5-915B-1FFE4B04D4A4">
<hideElementsInCurrentOnly>false</hideElementsInCurrentOnly>
<bounds x="770" y="196" width="216" height="189"/>
</OView>
<OView class="oracle.dbtools.crest.swingui.logical.TVEntity" oid="5A0B3C5C-96C9-1D0D-F5F8-8F66F30B9730" otype="Entity" vid="748A55DB-403B-1819-5327-B0A1DE2E5CEC">
<hideElementsInCurrentOnly>false</hideElementsInCurrentOnly>
<bounds x="599" y="6" width="211" height="130"/>
</OView>
<OView class="oracle.dbtools.crest.swingui.logical.TVEntity" oid="6E9AD735-CB18-2DC7-CB9D-B8114F1DAAE7" otype="Entity" vid="1DD940FD-C994-E8E1-D752-F10729AB84E1">
<hideElementsInCurrentOnly>false</hideElementsInCurrentOnly>
<bounds x="819" y="76" width="217" height="106"/>
</OView>
<OView class="oracle.dbtools.crest.swingui.logical.TVEntity" oid="79AC3CE2-5783-3429-46EA-A54D06BD521C" otype="Entity" vid="9E24DA61-375F-6947-E419-61FE0E29728B">
<hideElementsInCurrentOnly>false</hideElementsInCurrentOnly>
<bounds x="164" y="348" width="163" height="100"/>
</OView>
<OView class="oracle.dbtools.crest.swingui.logical.TVEntity" oid="7B0E6586-AA62-D365-FCB6-BE8E60DDFCC5" otype="Entity" vid="2D94EE95-FADF-C9CC-A109-3B5DA836D212">
<hideElementsInCurrentOnly>false</hideElementsInCurrentOnly>
<bounds x="34" y="2" width="219" height="164"/>
</OView>
<OView class="oracle.dbtools.crest.swingui.logical.TVEntity" oid="86465F51-B1CF-EE05-C79F-3A3C5C90E4B8" otype="Entity" vid="9A48052A-9D94-8A47-A850-A64E1AE02D6F">
<hideElementsInCurrentOnly>false</hideElementsInCurrentOnly>
<bounds x="1059" y="0" width="202" height="106"/>
</OView>
<OView class="oracle.dbtools.crest.swingui.logical.TVEntity" oid="871D3A1B-45D7-0434-938A-44BE1E371AED" otype="Entity" vid="F3BDBF5D-3249-2A71-45A5-D2F33063964B">
<hideElementsInCurrentOnly>false</hideElementsInCurrentOnly>
<bounds x="1076" y="405" width="128" height="74"/>
</OView>
<OView class="oracle.dbtools.crest.swingui.logical.TVEntity" oid="A075F9B3-93F2-0419-7A5C-79C94771C3DD" otype="Entity" vid="0C534703-34B4-4F0D-543F-D8D7C9258B51">
<hideElementsInCurrentOnly>false</hideElementsInCurrentOnly>
<bounds x="671" y="396" width="176" height="98"/>
</OView>
<OView class="oracle.dbtools.crest.swingui.logical.TVEntity" oid="B615D359-9D30-57C1-6839-240CAB3BA6A7" otype="Entity" vid="EB52F16A-98A5-355A-7796-96C8F482C22C">
<hideElementsInCurrentOnly>false</hideElementsInCurrentOnly>
<bounds x="525" y="242" width="194" height="89"/>
</OView>
<OView class="oracle.dbtools.crest.swingui.logical.TVEntity" oid="B8363FD3-771D-2A88-4DFA-B11ABC799C93" otype="Entity" vid="287837F3-6F3D-2297-C653-FFBDB113FF3C">
<hideElementsInCurrentOnly>false</hideElementsInCurrentOnly>
<bounds x="228" y="238" width="257" height="101"/>
</OView>
<OView class="oracle.dbtools.crest.swingui.logical.TVEntity" oid="C10E5305-634E-12FC-872E-45443BFB992A" otype="Entity" vid="B32C2EB1-3867-2DBD-E346-AF3D377A3000">
<hideElementsInCurrentOnly>false</hideElementsInCurrentOnly>
<bounds x="380" y="376" width="179" height="98"/>
</OView>
<OView class="oracle.dbtools.crest.swingui.logical.TVEntity" oid="FFE85502-DB98-DC73-79C1-0B9EB9C111B2" otype="Entity" vid="C493FEE4-478F-221D-8479-0696D91A087D">
<hideElementsInCurrentOnly>false</hideElementsInCurrentOnly>
<bounds x="0" y="225" width="200" height="96"/>
</OView>
</objectViews>
<connectors>
<Connector class="oracle.dbtools.crest.swingui.logical.TVRelation" oid="04AC5615-D050-BA9A-1EAF-D38D5D2984A9" otype="Relation" vid_source="C493FEE4-478F-221D-8479-0696D91A087D" vid_target="2D94EE95-FADF-C9CC-A109-3B5DA836D212">
<hideElementsInCurrentOnly>false</hideElementsInCurrentOnly>
<backgroundColor>-16777216</backgroundColor>
<lineWidth>1</lineWidth>
<points>
<point x="117" y="225"/>
<point x="117" y="166"/>
</points>
</Connector>
<Connector class="oracle.dbtools.crest.swingui.logical.TVRelation" oid="1695F7E7-F448-BFBD-BE2B-F2E8488BB182" otype="Relation" vid_source="287837F3-6F3D-2297-C653-FFBDB113FF3C" vid_target="2D94EE95-FADF-C9CC-A109-3B5DA836D212">
<hideElementsInCurrentOnly>false</hideElementsInCurrentOnly>
<backgroundColor>-16777216</backgroundColor>
<lineWidth>1</lineWidth>
<points>
<point x="240" y="238"/>
<point x="240" y="166"/>
</points>
</Connector>
<Connector class="oracle.dbtools.crest.swingui.logical.TVRelation" oid="2DC7C7C0-669E-59EB-794F-33DA39D2C26D" otype="Relation" vid_source="1DD940FD-C994-E8E1-D752-F10729AB84E1" vid_target="9A48052A-9D94-8A47-A850-A64E1AE02D6F">
<hideElementsInCurrentOnly>false</hideElementsInCurrentOnly>
<backgroundColor>-16777216</backgroundColor>
<lineWidth>1</lineWidth>
<points>
<point x="1036" y="91"/>
<point x="1059" y="91"/>
</points>
</Connector>
<Connector class="oracle.dbtools.crest.swingui.logical.TVRelation" oid="397A22A5-D3D1-DCB2-8143-9DDE27BEA213" otype="Relation" vid_source="2D94EE95-FADF-C9CC-A109-3B5DA836D212" vid_target="2D94EE95-FADF-C9CC-A109-3B5DA836D212">
<hideElementsInCurrentOnly>false</hideElementsInCurrentOnly>
<backgroundColor>-16777216</backgroundColor>
<lineWidth>1</lineWidth>
<points>
<point x="34" y="23"/>
<point x="0" y="23"/>
<point x="0" y="73"/>
<point x="0" y="76"/>
<point x="34" y="76"/>
</points>
</Connector>
<Connector class="oracle.dbtools.crest.swingui.logical.TVRelation" oid="56810E3F-2016-7DA2-F60B-9CF4CBDC15F8" otype="Relation" vid_source="2D94EE95-FADF-C9CC-A109-3B5DA836D212" vid_target="748A55DB-403B-1819-5327-B0A1DE2E5CEC">
<hideElementsInCurrentOnly>false</hideElementsInCurrentOnly>
<backgroundColor>-16777216</backgroundColor>
<lineWidth>1</lineWidth>
<points>
<point x="253" y="71"/>
<point x="599" y="71"/>
</points>
</Connector>
<Connector class="oracle.dbtools.crest.swingui.logical.TVRelation" oid="644FFDD7-7D17-C730-595D-F42729BBB5D0" otype="Relation" vid_source="F3BDBF5D-3249-2A71-45A5-D2F33063964B" vid_target="18E3152A-7405-60A5-915B-1FFE4B04D4A4">
<hideElementsInCurrentOnly>false</hideElementsInCurrentOnly>
<backgroundColor>-16777216</backgroundColor>
<lineWidth>1</lineWidth>
<points>
<point x="1076" y="405"/>
<point x="986" y="352"/>
</points>
</Connector>
<Connector class="oracle.dbtools.crest.swingui.logical.TVRelation" oid="64BE6AB8-4638-4167-A0EC-D19D9C6BB1CA" otype="Relation" vid_source="9E24DA61-375F-6947-E419-61FE0E29728B" vid_target="2D94EE95-FADF-C9CC-A109-3B5DA836D212">
<hideElementsInCurrentOnly>false</hideElementsInCurrentOnly>
<backgroundColor>-16777216</backgroundColor>
<lineWidth>1</lineWidth>
<points>
<point x="208" y="348"/>
<point x="208" y="166"/>
</points>
</Connector>
<Connector class="oracle.dbtools.crest.swingui.logical.TVRelation" oid="712DD03F-58A8-60F0-E2F2-1400F6AE81F4" otype="Relation" vid_source="D7F69661-6FCB-D3F7-3468-CBC445710CB4" vid_target="748A55DB-403B-1819-5327-B0A1DE2E5CEC">
<hideElementsInCurrentOnly>false</hideElementsInCurrentOnly>
<backgroundColor>-16777216</backgroundColor>
<lineWidth>1</lineWidth>
<points>
<point x="509" y="111"/>
<point x="599" y="111"/>
</points>
</Connector>
<Connector class="oracle.dbtools.crest.swingui.logical.TVRelation" oid="72DEBB16-2139-E062-8154-714D56A6A9F4" otype="Relation" vid_source="B32C2EB1-3867-2DBD-E346-AF3D377A3000" vid_target="18E3152A-7405-60A5-915B-1FFE4B04D4A4">
<hideElementsInCurrentOnly>false</hideElementsInCurrentOnly>
<backgroundColor>-16777216</backgroundColor>
<lineWidth>1</lineWidth>
<points>
<point x="559" y="380"/>
<point x="770" y="380"/>
</points>
</Connector>
<Connector class="oracle.dbtools.crest.swingui.logical.TVRelation" oid="82B96DC1-AAB2-9AD8-685D-8A844CBCE8E7" otype="Relation" vid_source="0C534703-34B4-4F0D-543F-D8D7C9258B51" vid_target="F3BDBF5D-3249-2A71-45A5-D2F33063964B">
<hideElementsInCurrentOnly>false</hideElementsInCurrentOnly>
<backgroundColor>-16777216</backgroundColor>
<lineWidth>1</lineWidth>
<points>
<point x="847" y="442"/>
<point x="1076" y="442"/>
</points>
</Connector>
<Connector class="oracle.dbtools.crest.swingui.logical.TVRelation" oid="8A677B89-59D7-841C-6784-BDEDDC800089" otype="Relation" vid_source="FDC7AE59-A363-A2E5-5A5F-0BF21AF9254A" vid_target="18E3152A-7405-60A5-915B-1FFE4B04D4A4">
<hideElementsInCurrentOnly>false</hideElementsInCurrentOnly>
<backgroundColor>-16777216</backgroundColor>
<lineWidth>1</lineWidth>
<points>
<point x="1054" y="266"/>
<point x="986" y="266"/>
</points>
</Connector>
<Connector class="oracle.dbtools.crest.swingui.logical.TVRelation" oid="A4B3ECBC-FE35-18CF-7644-E1077595E113" otype="Relation" vid_source="9A48052A-9D94-8A47-A850-A64E1AE02D6F" vid_target="748A55DB-403B-1819-5327-B0A1DE2E5CEC">
<hideElementsInCurrentOnly>false</hideElementsInCurrentOnly>
<backgroundColor>-16777216</backgroundColor>
<lineWidth>1</lineWidth>
<points>
<point x="1059" y="56"/>
<point x="810" y="56"/>
</points>
</Connector>
<Connector class="oracle.dbtools.crest.swingui.logical.TVRelation" oid="E3815E76-629A-D50C-7091-BFBCBF5B2DF6" otype="Relation" vid_source="18E3152A-7405-60A5-915B-1FFE4B04D4A4" vid_target="748A55DB-403B-1819-5327-B0A1DE2E5CEC">
<hideElementsInCurrentOnly>false</hideElementsInCurrentOnly>
<backgroundColor>-16777216</backgroundColor>
<lineWidth>1</lineWidth>
<points>
<point x="790" y="196"/>
<point x="790" y="136"/>
</points>
</Connector>
<Connector class="oracle.dbtools.crest.swingui.logical.TVRelation" oid="ECFFB00A-B45D-3E4F-45C6-6E32541D8C5C" otype="Relation" vid_source="EB52F16A-98A5-355A-7796-96C8F482C22C" vid_target="748A55DB-403B-1819-5327-B0A1DE2E5CEC">
<hideElementsInCurrentOnly>false</hideElementsInCurrentOnly>
<backgroundColor>-16777216</backgroundColor>
<lineWidth>1</lineWidth>
<points>
<point x="659" y="242"/>
<point x="659" y="136"/>
</points>
</Connector>
</connectors>
</Diagram>
