<?xml version = '1.0' encoding = 'UTF-8'?>
<Diagram class="oracle.dbtools.crest.swingui.logical.DPVLogicalSubView" name="Logical - SubView_1" id="DE1C586E-D488-D398-6E56-C2CF066B9C07">
<createdBy>Lenovo</createdBy>
<modifiedBy>Lenovo</modifiedBy>
<createdTime>2025-09-15 01:58:54 UTC</createdTime>
<autoRoute>false</autoRoute>
<boxInbox>true</boxInbox>
<showLegend>false</showLegend>
<showLabels>false</showLabels>
<showRelAttributes>false</showRelAttributes>
<gridEnabled>false</gridEnabled>
<showGrid>false</showGrid>
<diagramColor>-1</diagramColor>
<display>false</display>
<notation>1</notation>
<objectViews>
<OView class="oracle.dbtools.crest.swingui.logical.TVEntity" oid="06CAAA22-CBDA-B8C1-2CF3-53B47DA6A9E2" otype="Entity" vid="42C6BA34-E52F-CEC8-0201-8F9596BC8B49">
<hideElementsInCurrentOnly>false</hideElementsInCurrentOnly>
<bounds x="1054" y="223" width="198" height="86"/>
</OView>
</objectViews>
</Diagram>
