<?xml version = '1.0' encoding = 'UTF-8'?>
<Relation class="oracle.dbtools.crest.model.design.logical.Relation" name="Relation_8" directorySegmentName="seg_0" id="54D5530D-DA54-4C98-1C88-3108E7DEA08A">
<createdBy>Lenovo</createdBy>
<createdTime>2025-10-10 23:05:24 UTC</createdTime>
<ownerDesignName>notacionbarkerS9</ownerDesignName>
<engineerTo>
<item key="AA776637-AF4A-D775-40A3-6E40F5F8E04D" value="true"/>
</engineerTo>
<targetPk>2C3B876A-6BF0-21F9-41ED-0EA1F0CE1733</targetPk>
<identifying>false</identifying>
<optionalSource>true</optionalSource>
<optionalTarget>false</optionalTarget>
<sourceCardinality>1</sourceCardinality>
<sourceEntity>4CEE6DEF-05F4-045B-B5B6-95D0FEEB584D</sourceEntity>
<targetCardinalityString>*</targetCardinalityString>
<targetEntity>4CEE6DEF-05F4-045B-B5B6-95D0FEEB584D</targetEntity>
<transferable>true</transferable>
<deleteRule>NO ACTION</deleteRule>
</Relation>