<?xml version = '1.0' encoding = 'UTF-8'?>
<Relation class="oracle.dbtools.crest.model.design.logical.Relation" name="Relation_11" directorySegmentName="seg_0" id="7694342E-F21C-8291-AB9C-66DD830F8A96">
<createdBy>Lenovo</createdBy>
<createdTime>2025-10-10 23:24:48 UTC</createdTime>
<ownerDesignName>notacionbarkerS9</ownerDesignName>
<engineerTo>
<item key="AA776637-AF4A-D775-40A3-6E40F5F8E04D" value="true"/>
</engineerTo>
<sourcePk>2C3B876A-6BF0-21F9-41ED-0EA1F0CE1733</sourcePk>
<identifying>false</identifying>
<optionalSource>false</optionalSource>
<optionalTarget>false</optionalTarget>
<sourceCardinality>1</sourceCardinality>
<sourceEntity>4CEE6DEF-05F4-045B-B5B6-95D0FEEB584D</sourceEntity>
<targetCardinalityString>*</targetCardinalityString>
<targetEntity>0697D94C-5896-2F69-1630-3E8E2C36C0DE</targetEntity>
<transferable>true</transferable>
<deleteRule>NO ACTION</deleteRule>
</Relation>