<?xml version = '1.0' encoding = 'UTF-8'?>
<Relation class="oracle.dbtools.crest.model.design.logical.Relation" name="Relation_12" directorySegmentName="seg_0" id="7E1B4FA2-5601-8DF0-5ADE-58074C31A4E0">
<createdBy>Lenovo</createdBy>
<createdTime>2025-10-10 23:25:14 UTC</createdTime>
<ownerDesignName>notacionbarkerS9</ownerDesignName>
<engineerTo>
<item key="AA776637-AF4A-D775-40A3-6E40F5F8E04D" value="true"/>
</engineerTo>
<sourcePk>0C98540D-3402-96F5-1BA3-84A9711547C8</sourcePk>
<identifying>false</identifying>
<optionalSource>false</optionalSource>
<optionalTarget>false</optionalTarget>
<sourceCardinality>1</sourceCardinality>
<sourceEntity>3B29C181-D593-ED95-AB65-2BDAF6EBB479</sourceEntity>
<targetCardinalityString>*</targetCardinalityString>
<targetEntity>0697D94C-5896-2F69-1630-3E8E2C36C0DE</targetEntity>
<transferable>true</transferable>
<deleteRule>NO ACTION</deleteRule>
</Relation>