<?xml version = '1.0' encoding = 'UTF-8'?>
<Relation class="oracle.dbtools.crest.model.design.logical.Relation" name="Relation_5" directorySegmentName="seg_0" id="DCC65441-CF6D-6486-5941-999D74D0DC9B">
<createdBy>Lenovo</createdBy>
<createdTime>2025-10-10 22:43:38 UTC</createdTime>
<ownerDesignName>notacionbarkerS9</ownerDesignName>
<engineerTo>
<item key="AA776637-AF4A-D775-40A3-6E40F5F8E04D" value="true"/>
</engineerTo>
<sourcePk>2A140FD6-9FF9-1F27-7DE7-F70F41854612</sourcePk>
<identifying>false</identifying>
<optionalSource>false</optionalSource>
<optionalTarget>false</optionalTarget>
<sourceCardinality>1</sourceCardinality>
<sourceEntity>1BCB34DC-96EA-3C61-E781-DB4CD3165676</sourceEntity>
<targetCardinalityString>*</targetCardinalityString>
<targetEntity>4CEE6DEF-05F4-045B-B5B6-95D0FEEB584D</targetEntity>
<transferable>true</transferable>
<deleteRule>NO ACTION</deleteRule>
</Relation>