<?xml version = '1.0' encoding = 'UTF-8'?>
<Arc class="oracle.dbtools.crest.model.design.logical.Arc" directorySegmentName="seg_0" id="8B4E443C-FEB5-FDD1-AEB5-ECBE6C73DC01" name="Arc_2">
<createdBy>Lenovo</createdBy>
<createdTime>2025-09-08 03:26:33 UTC</createdTime>
<ownerDesignName>MBDsemana4</ownerDesignName>
<engineerTo>
<item key="C05E9530-BCE4-3EE1-BE54-884B440FE099" value="true"/>
</engineerTo>
<entity>DB8C21E8-1432-3882-05A1-C235709C7C7F</entity>
<relations>
<relationID>4E13D357-29BD-F808-2B9A-211DB130C30E</relationID>
<relationID>68463175-448E-9A08-D3C7-F3110606CE36</relationID>
</relations>
</Arc>