<?xml version = '1.0' encoding = 'UTF-8'?>
<InheritanceRelation class="oracle.dbtools.crest.model.design.logical.InheritanceRelation" name="Hierarchy_4" directorySegmentName="seg_0" id="0465E36B-0AC6-25C6-255B-11B26F045284">
<createdBy>Lenovo</createdBy>
<createdTime>2025-08-30 03:25:37 UTC</createdTime>
<ownerDesignName>MBD_semana3</ownerDesignName>
<engineerTo>
<item key="C8D99817-DD20-A114-F31D-FD9905DD71D1" value="true"/>
</engineerTo>
<arc>5FDEC606-F4F9-CF38-A691-5858E3D28D10</arc>
<identifying>false</identifying>
<nameOnSource>Super Type</nameOnSource>
<nameOnTarget>Sub Type</nameOnTarget>
<optionalSource>true</optionalSource>
<optionalTarget>true</optionalTarget>
<sourceEntity>75443EAB-6662-F816-E4D1-636332491087</sourceEntity>
<targetEntity>7540812B-6DE3-DC95-1DE0-4AC345610FB8</targetEntity>
<transferable>true</transferable>
<deleteRule>NO ACTION</deleteRule>
</InheritanceRelation>
