<?xml version = '1.0' encoding = 'UTF-8'?>
<InheritanceRelation class="oracle.dbtools.crest.model.design.logical.InheritanceRelation" name="Hierarchy_2" directorySegmentName="seg_0" id="095947D3-C3A0-DB13-78DB-0F0F42B8510D">
<createdBy>Lenovo</createdBy>
<createdTime>2025-08-30 03:19:59 UTC</createdTime>
<ownerDesignName>MBD_semana3</ownerDesignName>
<engineerTo>
<item key="C8D99817-DD20-A114-F31D-FD9905DD71D1" value="true"/>
</engineerTo>
<arc>9B543048-1A46-C506-4A8F-3834174CD093</arc>
<identifying>false</identifying>
<nameOnSource>Super Type</nameOnSource>
<nameOnTarget>Sub Type</nameOnTarget>
<optionalSource>true</optionalSource>
<optionalTarget>true</optionalTarget>
<sourceEntity>B71B08AB-4180-EE58-78D0-B162882114DD</sourceEntity>
<targetEntity>447E9FDA-755A-48B7-CC5A-43DE5C5BB9F2</targetEntity>
<transferable>true</transferable>
<deleteRule>NO ACTION</deleteRule>
</InheritanceRelation>
