<?xml version = '1.0' encoding = 'UTF-8'?>
<InheritanceRelation class="oracle.dbtools.crest.model.design.logical.InheritanceRelation" name="Hierarchy_1" directorySegmentName="seg_0" id="FA1BCB79-E760-F4B6-2136-D490898CB6C2">
<createdBy>Lenovo</createdBy>
<createdTime>2025-08-30 03:19:50 UTC</createdTime>
<ownerDesignName>MBD_semana3</ownerDesignName>
<engineerTo>
<item key="C8D99817-DD20-A114-F31D-FD9905DD71D1" value="true"/>
</engineerTo>
<arc>9B543048-1A46-C506-4A8F-3834174CD093</arc>
<identifying>false</identifying>
<nameOnSource>Super Type</nameOnSource>
<nameOnTarget>Sub Type</nameOnTarget>
<optionalSource>true</optionalSource>
<optionalTarget>true</optionalTarget>
<sourceEntity>B71B08AB-4180-EE58-78D0-B162882114DD</sourceEntity>
<targetEntity>1CD4164B-5AAE-D4E8-29AF-F284E1C59C36</targetEntity>
<transferable>true</transferable>
<deleteRule>NO ACTION</deleteRule>
</InheritanceRelation>
