<?xml version = '1.0' encoding = 'UTF-8'?>
<Entity class="oracle.dbtools.crest.model.design.logical.Entity" directorySegmentName="seg_0" id="0CEAEEEF-3006-8F52-93B9-AA4E053F5874" name="ORDEN_MANTENCION">
<createdBy>Lenovo</createdBy>
<createdTime>2025-10-10 23:13:48 UTC</createdTime>
<ownerDesignName>notacionrelacionalS9</ownerDesignName>
<engineerTo>
<item key="AA776637-AF4A-D775-40A3-6E40F5F8E04D" value="true"/>
</engineerTo>
<adequatelyNormalized>NO</adequatelyNormalized>
<expectedVolumes>0</expectedVolumes>
<fwdEngineeringStrategyName>Single Table</fwdEngineeringStrategyName>
<growthPercent>0</growthPercent>
<growthType>Year</growthType>
<maxVolumes>9999999</maxVolumes>
<minVolumes>0</minVolumes>
<normalForm>Third</normalForm>
<attributes itemClass="oracle.dbtools.crest.model.design.logical.Attribute">
<Attribute name="id_mantencion" id="D90EB7FD-EE8B-0C2D-1189-023D6C710D28">
<createdBy>Lenovo</createdBy>
<createdTime>2025-10-10 23:14:02 UTC</createdTime>
<ownerDesignName>notacionrelacionalS9</ownerDesignName>
<engineerTo>
<item key="AA776637-AF4A-D775-40A3-6E40F5F8E04D" value="true"/>
</engineerTo>
<useDomainConstraints>false</useDomainConstraints>
<use>1</use>
<logicalDatatype>LOGDT019</logicalDatatype>
<ownDataTypeParameters>,,</ownDataTypeParameters>
</Attribute>
<Attribute name="tecnico_resp" id="B42BAD4C-002C-EB0A-07DD-73FF21B37DC1">
<createdBy>Lenovo</createdBy>
<createdTime>2025-10-10 23:14:38 UTC</createdTime>
<ownerDesignName>notacionrelacionalS9</ownerDesignName>
<engineerTo>
<item key="AA776637-AF4A-D775-40A3-6E40F5F8E04D" value="true"/>
</engineerTo>
<useDomainConstraints>false</useDomainConstraints>
<use>1</use>
<logicalDatatype>LOGDT024</logicalDatatype>
<dataTypeSize>25</dataTypeSize>
<ownDataTypeParameters>25,,</ownDataTypeParameters>
</Attribute>
<Attribute name="fecha_inicio" id="0917FE95-A812-D222-FC87-D7F1E40821D5">
<createdBy>Lenovo</createdBy>
<createdTime>2025-10-10 23:15:51 UTC</createdTime>
<ownerDesignName>notacionrelacionalS9</ownerDesignName>
<engineerTo>
<item key="AA776637-AF4A-D775-40A3-6E40F5F8E04D" value="true"/>
</engineerTo>
<useDomainConstraints>false</useDomainConstraints>
<use>1</use>
<logicalDatatype>LOGDT007</logicalDatatype>
<ownDataTypeParameters>,,</ownDataTypeParameters>
</Attribute>
<Attribute name="fecha_termino" id="3A6D3548-09E3-1BD4-16B6-869257F9040B">
<createdBy>Lenovo</createdBy>
<createdTime>2025-10-10 23:16:05 UTC</createdTime>
<ownerDesignName>notacionrelacionalS9</ownerDesignName>
<engineerTo>
<item key="AA776637-AF4A-D775-40A3-6E40F5F8E04D" value="true"/>
</engineerTo>
<nullsAllowed>true</nullsAllowed>
<useDomainConstraints>false</useDomainConstraints>
<use>1</use>
<logicalDatatype>LOGDT007</logicalDatatype>
<ownDataTypeParameters>,,</ownDataTypeParameters>
</Attribute>
<Attribute name="descripcion" id="62810EBD-2C3B-F485-D166-23D8E3431617">
<createdBy>Lenovo</createdBy>
<createdTime>2025-10-10 23:17:06 UTC</createdTime>
<ownerDesignName>notacionrelacionalS9</ownerDesignName>
<engineerTo>
<item key="AA776637-AF4A-D775-40A3-6E40F5F8E04D" value="true"/>
</engineerTo>
<useDomainConstraints>false</useDomainConstraints>
<use>1</use>
<logicalDatatype>LOGDT024</logicalDatatype>
<dataTypeSize>50</dataTypeSize>
<ownDataTypeParameters>50,,</ownDataTypeParameters>
</Attribute>
<Attribute name="num_maquina" id="AD40EBA4-D2E0-31AF-53CE-A596AE29EF04">
<createdBy>Lenovo</createdBy>
<createdTime>2025-10-10 23:18:23 UTC</createdTime>
<generatorID>A5930017-2593-2C0D-85F0-EB15F27F654F</generatorID>
<ownerDesignName>notacionrelacionalS9</ownerDesignName>
<engineerTo>
<item key="AA776637-AF4A-D775-40A3-6E40F5F8E04D" value="true"/>
</engineerTo>
<referedAttribute>90EA46D4-3C4A-F15F-FBCB-81FBA8AC7850</referedAttribute>
<useDomainConstraints>false</useDomainConstraints>
<use>1</use>
<logicalDatatype>LOGDT019</logicalDatatype>
<dataTypePrecision>4</dataTypePrecision>
<ownDataTypeParameters>,,</ownDataTypeParameters>
</Attribute>
</attributes>
<identifiers itemClass="oracle.dbtools.crest.model.design.logical.CandidateKey">
<identifier id="9873212D-E633-DF95-D69C-296B13FF2D2C" name="ORDEN_MANTENCION PK">
<createdBy>Lenovo</createdBy>
<createdTime>2025-10-10 23:15:25 UTC</createdTime>
<ownerDesignName>notacionrelacionalS9</ownerDesignName>
<engineerTo>
<item key="AA776637-AF4A-D775-40A3-6E40F5F8E04D" value="true"/>
</engineerTo>
<pk>true</pk>
<usedAttributes>
<attributeRef>D90EB7FD-EE8B-0C2D-1189-023D6C710D28</attributeRef>
</usedAttributes>
</identifier>
</identifiers>
</Entity>
