<?xml version = '1.0' encoding = 'UTF-8'?>
<Entity class="oracle.dbtools.crest.model.design.logical.Entity" directorySegmentName="seg_0" id="2B96F064-DAA0-1855-AB20-4FAFA9B9CA8F" name="PLANTA">
<createdBy>Lenovo</createdBy>
<createdTime>2025-10-10 22:12:43 UTC</createdTime>
<ownerDesignName>notacionrelacionalS9</ownerDesignName>
<engineerTo>
<item key="AA776637-AF4A-D775-40A3-6E40F5F8E04D" value="true"/>
</engineerTo>
<adequatelyNormalized>NO</adequatelyNormalized>
<expectedVolumes>0</expectedVolumes>
<fwdEngineeringStrategyName>Single Table</fwdEngineeringStrategyName>
<growthPercent>0</growthPercent>
<growthType>Year</growthType>
<maxVolumes>9999999</maxVolumes>
<minVolumes>0</minVolumes>
<normalForm>Third</normalForm>
<attributes itemClass="oracle.dbtools.crest.model.design.logical.Attribute">
<Attribute name="id_planta" id="208638B0-CA7B-7337-5605-5AAD67691B4B">
<createdBy>Lenovo</createdBy>
<createdTime>2025-10-10 22:12:56 UTC</createdTime>
<ownerDesignName>notacionrelacionalS9</ownerDesignName>
<engineerTo>
<item key="AA776637-AF4A-D775-40A3-6E40F5F8E04D" value="true"/>
</engineerTo>
<useDomainConstraints>false</useDomainConstraints>
<use>1</use>
<logicalDatatype>LOGDT019</logicalDatatype>
<dataTypePrecision>3</dataTypePrecision>
<ownDataTypeParameters>,3,</ownDataTypeParameters>
</Attribute>
<Attribute name="nom_planta" id="E51DD7A6-69E0-3177-6A47-720A06665F89">
<createdBy>Lenovo</createdBy>
<createdTime>2025-10-10 22:13:04 UTC</createdTime>
<ownerDesignName>notacionrelacionalS9</ownerDesignName>
<engineerTo>
<item key="AA776637-AF4A-D775-40A3-6E40F5F8E04D" value="true"/>
</engineerTo>
<useDomainConstraints>false</useDomainConstraints>
<use>1</use>
<logicalDatatype>LOGDT024</logicalDatatype>
<dataTypeSize>20</dataTypeSize>
<ownDataTypeParameters>20,,</ownDataTypeParameters>
</Attribute>
<Attribute name="direccion" id="0CA19658-2B61-6DBF-EC50-64443D1EEB8C">
<createdBy>Lenovo</createdBy>
<createdTime>2025-10-10 22:13:13 UTC</createdTime>
<ownerDesignName>notacionrelacionalS9</ownerDesignName>
<engineerTo>
<item key="AA776637-AF4A-D775-40A3-6E40F5F8E04D" value="true"/>
</engineerTo>
<useDomainConstraints>false</useDomainConstraints>
<use>1</use>
<logicalDatatype>LOGDT024</logicalDatatype>
<dataTypeSize>40</dataTypeSize>
<ownDataTypeParameters>40,,</ownDataTypeParameters>
</Attribute>
<Attribute name="id_comuna" id="CA6DA4D9-919D-FAEE-EC1C-806F9FEA051E">
<createdBy>Lenovo</createdBy>
<createdTime>2025-10-10 22:16:35 UTC</createdTime>
<generatorID>3251ECA3-0523-EFA2-90B2-5A01338D0462</generatorID>
<ownerDesignName>notacionrelacionalS9</ownerDesignName>
<engineerTo>
<item key="AA776637-AF4A-D775-40A3-6E40F5F8E04D" value="true"/>
</engineerTo>
<referedAttribute>039BAF18-753B-EB5A-ECC8-739B5B32A1E8</referedAttribute>
<useDomainConstraints>false</useDomainConstraints>
<use>1</use>
<logicalDatatype>LOGDT019</logicalDatatype>
<dataTypePrecision>3</dataTypePrecision>
<ownDataTypeParameters>,,</ownDataTypeParameters>
</Attribute>
</attributes>
<identifiers itemClass="oracle.dbtools.crest.model.design.logical.CandidateKey">
<identifier id="E8DE7D5B-D955-FB7A-CCE7-BAC34175A84C" name="PLANTA PK">
<createdBy>Lenovo</createdBy>
<createdTime>2025-10-10 22:13:45 UTC</createdTime>
<ownerDesignName>notacionrelacionalS9</ownerDesignName>
<engineerTo>
<item key="AA776637-AF4A-D775-40A3-6E40F5F8E04D" value="true"/>
</engineerTo>
<pk>true</pk>
<usedAttributes>
<attributeRef>208638B0-CA7B-7337-5605-5AAD67691B4B</attributeRef>
</usedAttributes>
</identifier>
</identifiers>
</Entity>
