<?xml version = '1.0' encoding = 'UTF-8'?>
<FKArc class="oracle.dbtools.crest.model.design.relational.FKArc" directorySegmentName="seg_0" id="8001E196-09FC-6622-BB8F-14CFA707738A" name="FKArc_1">
<createdBy>Lenovo</createdBy>
<createdTime>2025-10-10 23:31:30 UTC</createdTime>
<ownerDesignName>notacionbarkerS9</ownerDesignName>
<mandatory>false</mandatory>
<reverseArc>true</reverseArc>
<table>8609D237-30BA-CCFA-A117-F5B45FB62FAC</table>
<fkeys>
<fkeyID>80B8BA86-C934-7836-6332-E3729C3CFE4C</fkeyID>
<fkeyID>529906C5-AAC6-E2B1-36FE-2CF1F8D0455C</fkeyID>
<fkeyID>E5482A70-764D-6357-7F4E-A97FBE355173</fkeyID>
</fkeys>
</FKArc>