<?xml version = '1.0' encoding = 'UTF-8'?>
<Relation class="oracle.dbtools.crest.model.design.logical.Relation" name="Relation_4" directorySegmentName="seg_0" id="2EF34F0E-A68F-E981-DDF2-CC2C58DD8FA7">
<createdBy>Lenovo</createdBy>
<createdTime>2025-10-10 22:41:26 UTC</createdTime>
<ownerDesignName>notacionrelacionalS9</ownerDesignName>
<engineerTo>
<item key="AA776637-AF4A-D775-40A3-6E40F5F8E04D" value="true"/>
</engineerTo>
<sourcePk>9C9D76F7-2371-57D1-E6E9-83C019602E13</sourcePk>
<identifying>false</identifying>
<optionalSource>false</optionalSource>
<optionalTarget>false</optionalTarget>
<sourceCardinality>1</sourceCardinality>
<sourceEntity>A7336FDA-FB60-9D73-36DF-25718A2DB9E2</sourceEntity>
<targetCardinalityString>*</targetCardinalityString>
<targetEntity>4CEE6DEF-05F4-045B-B5B6-95D0FEEB584D</targetEntity>
<transferable>true</transferable>
<deleteRule>NO ACTION</deleteRule>
</Relation>
