<?xml version = '1.0' encoding = 'UTF-8'?>
<Relation class="oracle.dbtools.crest.model.design.logical.Relation" name="Relation_2" directorySegmentName="seg_0" id="3251ECA3-0523-EFA2-90B2-5A01338D0462">
<createdBy>Lenovo</createdBy>
<createdTime>2025-10-10 22:16:35 UTC</createdTime>
<ownerDesignName>notacionrelacionalS9</ownerDesignName>
<engineerTo>
<item key="AA776637-AF4A-D775-40A3-6E40F5F8E04D" value="true"/>
</engineerTo>
<sourcePk>E6CF7FE9-F900-6AAF-314D-90EECC1A9782</sourcePk>
<identifying>false</identifying>
<optionalSource>false</optionalSource>
<optionalTarget>false</optionalTarget>
<sourceCardinality>1</sourceCardinality>
<sourceEntity>90B6577F-01AC-A907-6DF8-047119AFB84C</sourceEntity>
<targetCardinalityString>*</targetCardinalityString>
<targetEntity>2B96F064-DAA0-1855-AB20-4FAFA9B9CA8F</targetEntity>
<transferable>true</transferable>
<deleteRule>NO ACTION</deleteRule>
</Relation>
