<?xml version = '1.0' encoding = 'UTF-8'?>
<Relation class="oracle.dbtools.crest.model.design.logical.Relation" name="Relation_9" directorySegmentName="seg_0" id="7DFF7117-EB15-9965-A593-C33CC6FAB0C3">
<createdBy>Lenovo</createdBy>
<createdTime>2025-10-10 23:10:14 UTC</createdTime>
<ownerDesignName>notacionrelacionalS9</ownerDesignName>
<engineerTo>
<item key="AA776637-AF4A-D775-40A3-6E40F5F8E04D" value="true"/>
</engineerTo>
<sourcePk>E8DE7D5B-D955-FB7A-CCE7-BAC34175A84C</sourcePk>
<identifying>false</identifying>
<optionalSource>false</optionalSource>
<optionalTarget>false</optionalTarget>
<sourceCardinality>1</sourceCardinality>
<sourceEntity>2B96F064-DAA0-1855-AB20-4FAFA9B9CA8F</sourceEntity>
<targetCardinalityString>*</targetCardinalityString>
<targetEntity>EE9C5AD3-D391-D189-47DD-B2F05A7F6905</targetEntity>
<transferable>true</transferable>
<deleteRule>NO ACTION</deleteRule>
</Relation>
