<?xml version = '1.0' encoding = 'UTF-8'?>
<Relation class="oracle.dbtools.crest.model.design.logical.Relation" name="Relation_13" directorySegmentName="seg_0" id="81D031B7-E88B-CE14-5C32-3E2F4557D593">
<createdBy>Lenovo</createdBy>
<createdTime>2025-10-10 23:25:22 UTC</createdTime>
<ownerDesignName>notacionrelacionalS9</ownerDesignName>
<engineerTo>
<item key="AA776637-AF4A-D775-40A3-6E40F5F8E04D" value="true"/>
</engineerTo>
<sourcePk>6C601DA8-E9C1-28BB-5B9B-1A1229774F1B</sourcePk>
<identifying>false</identifying>
<optionalSource>false</optionalSource>
<optionalTarget>false</optionalTarget>
<sourceCardinality>1</sourceCardinality>
<sourceEntity>EE9C5AD3-D391-D189-47DD-B2F05A7F6905</sourceEntity>
<targetCardinalityString>*</targetCardinalityString>
<targetEntity>0697D94C-5896-2F69-1630-3E8E2C36C0DE</targetEntity>
<transferable>true</transferable>
<deleteRule>NO ACTION</deleteRule>
</Relation>
