<?xml version = '1.0' encoding = 'UTF-8'?>
<Relation class="oracle.dbtools.crest.model.design.logical.Relation" name="Relation_1" directorySegmentName="seg_0" id="968B3581-1A29-F341-A6F1-4CE59DDB8628">
<createdBy>Lenovo</createdBy>
<createdTime>2025-10-10 22:12:25 UTC</createdTime>
<ownerDesignName>notacionrelacionalS9</ownerDesignName>
<engineerTo>
<item key="AA776637-AF4A-D775-40A3-6E40F5F8E04D" value="true"/>
</engineerTo>
<sourcePk>A7E73BC3-7FCE-3880-7AB5-64F8B0490965</sourcePk>
<identifying>false</identifying>
<optionalSource>false</optionalSource>
<optionalTarget>false</optionalTarget>
<sourceCardinality>1</sourceCardinality>
<sourceEntity>EE60FB42-3211-5F47-CF60-848CCB992EDB</sourceEntity>
<targetCardinalityString>*</targetCardinalityString>
<targetEntity>90B6577F-01AC-A907-6DF8-047119AFB84C</targetEntity>
<transferable>true</transferable>
<deleteRule>NO ACTION</deleteRule>
</Relation>
