<?xml version = '1.0' encoding = 'UTF-8'?>
<Relation class="oracle.dbtools.crest.model.design.logical.Relation" name="Relation_10" directorySegmentName="seg_0" id="A5930017-2593-2C0D-85F0-EB15F27F654F">
<createdBy>Lenovo</createdBy>
<createdTime>2025-10-10 23:18:23 UTC</createdTime>
<ownerDesignName>notacionrelacionalS9</ownerDesignName>
<engineerTo>
<item key="AA776637-AF4A-D775-40A3-6E40F5F8E04D" value="true"/>
</engineerTo>
<sourcePk>6C601DA8-E9C1-28BB-5B9B-1A1229774F1B</sourcePk>
<identifying>false</identifying>
<optionalSource>false</optionalSource>
<optionalTarget>false</optionalTarget>
<sourceCardinality>1</sourceCardinality>
<sourceEntity>EE9C5AD3-D391-D189-47DD-B2F05A7F6905</sourceEntity>
<targetCardinalityString>*</targetCardinalityString>
<targetEntity>0CEAEEEF-3006-8F52-93B9-AA4E053F5874</targetEntity>
<transferable>true</transferable>
<deleteRule>NO ACTION</deleteRule>
</Relation>
