<?xml version = '1.0' encoding = 'UTF-8'?>
<Diagram class="oracle.dbtools.crest.swingui.logical.DPVLogical" name="Logical" id="15BDD34F-4096-0AA6-7D55-EECB40E31009">
<createdBy>Lenovo</createdBy>
<modifiedBy>Lenovo</modifiedBy>
<createdTime>2025-08-29 23:53:34 UTC</createdTime>
<autoRoute>false</autoRoute>
<boxInbox>false</boxInbox>
<showLegend>false</showLegend>
<showLabels>false</showLabels>
<showRelAttributes>false</showRelAttributes>
<gridEnabled>false</gridEnabled>
<showGrid>false</showGrid>
<diagramColor>-1</diagramColor>
<display>false</display>
<notation>0</notation>
<objectViews>
<OView class="oracle.dbtools.crest.swingui.logical.TVEntity" oid="1CD4164B-5AAE-D4E8-29AF-F284E1C59C36" otype="Entity" vid="55DCFB81-20CC-BEB7-2B9F-241E5191D6A9">
<hideElementsInCurrentOnly>false</hideElementsInCurrentOnly>
<bounds x="238" y="343" width="127" height="55"/>
</OView>
<OView class="oracle.dbtools.crest.swingui.logical.TVEntity" oid="3367BFD3-FB54-5267-E4B1-DFD25B19D3BF" otype="Entity" vid="726705A4-8F8F-AD62-07CB-F869AF4889CF">
<hideElementsInCurrentOnly>false</hideElementsInCurrentOnly>
<bounds x="422" y="18" width="198" height="126"/>
</OView>
<OView class="oracle.dbtools.crest.swingui.logical.TVEntity" oid="447E9FDA-755A-48B7-CC5A-43DE5C5BB9F2" otype="Entity" vid="81CCA8C2-C08A-A9A1-3E45-94EB5F9B83E2">
<hideElementsInCurrentOnly>false</hideElementsInCurrentOnly>
<bounds x="0" y="332" width="188" height="75"/>
</OView>
<OView class="oracle.dbtools.crest.swingui.logical.TVEntity" oid="5D54346A-DD6C-76EF-CF76-7FE9168DE288" otype="Entity" vid="47D8DC25-B8C1-E093-C6D9-D40EF087DC6B">
<hideElementsInCurrentOnly>false</hideElementsInCurrentOnly>
<bounds x="299" y="415" width="171" height="56"/>
</OView>
<OView class="oracle.dbtools.crest.swingui.logical.TVEntity" oid="69F18A28-DDAD-0A25-D689-8F0D1AC0F6AB" otype="Entity" vid="F686E31D-F488-911E-BEA8-02FE75950F0B">
<hideElementsInCurrentOnly>false</hideElementsInCurrentOnly>
<bounds x="752" y="348" width="224" height="105"/>
</OView>
<OView class="oracle.dbtools.crest.swingui.logical.TVEntity" oid="7540812B-6DE3-DC95-1DE0-4AC345610FB8" otype="Entity" vid="3488C1BB-5A87-9894-0064-619CB7829426">
<hideElementsInCurrentOnly>false</hideElementsInCurrentOnly>
<bounds x="493" y="416" width="200" height="53"/>
</OView>
<OView class="oracle.dbtools.crest.swingui.logical.TVEntity" oid="75443EAB-6662-F816-E4D1-636332491087" otype="Entity" vid="93273933-124A-6702-12A4-EF5F85CFF646">
<hideElementsInCurrentOnly>false</hideElementsInCurrentOnly>
<bounds x="396" y="190" width="211" height="174"/>
</OView>
<OView class="oracle.dbtools.crest.swingui.logical.TVEntity" oid="8CD2E131-3A0E-684F-D4DD-BF9890C2FBC8" otype="Entity" vid="1FB300B5-7961-4EA5-1EEB-9649AD4BA962">
<hideElementsInCurrentOnly>false</hideElementsInCurrentOnly>
<bounds x="1064" y="22" width="188" height="158"/>
</OView>
<OView class="oracle.dbtools.crest.swingui.logical.TVEntity" oid="B71B08AB-4180-EE58-78D0-B162882114DD" otype="Entity" vid="AE45BA8B-D071-925D-7FA6-EA9F0A354F31">
<hideElementsInCurrentOnly>false</hideElementsInCurrentOnly>
<bounds x="29" y="122" width="260" height="126"/>
</OView>
<OView class="oracle.dbtools.crest.swingui.logical.TVEntity" oid="D282CFD3-46D2-E3C4-9C30-E75D20875E0A" otype="Entity" vid="D10640FD-D539-8419-52C6-86D43AE76DA4">
<hideElementsInCurrentOnly>false</hideElementsInCurrentOnly>
<bounds x="739" y="26" width="209" height="131"/>
</OView>
<OView class="oracle.dbtools.crest.swingui.logical.TVEntity" oid="E2006AD0-D1E7-47B1-FA57-E1DC576895C5" otype="Entity" vid="92EF1574-31FF-A266-C404-72B6C040A0B5">
<hideElementsInCurrentOnly>false</hideElementsInCurrentOnly>
<bounds x="1025" y="234" width="224" height="143"/>
</OView>
</objectViews>
<connectors>
<Connector class="oracle.dbtools.crest.swingui.logical.TVRelation" oid="00498D82-6753-4790-B9BD-EE12A14CC7A3" otype="Relation" vid_source="F686E31D-F488-911E-BEA8-02FE75950F0B" vid_target="92EF1574-31FF-A266-C404-72B6C040A0B5">
<hideElementsInCurrentOnly>false</hideElementsInCurrentOnly>
<backgroundColor>-16777216</backgroundColor>
<lineWidth>1</lineWidth>
<points>
<point x="976" y="362"/>
<point x="1025" y="362"/>
</points>
</Connector>
<Connector class="oracle.dbtools.crest.swingui.logical.TVInheritanceRelation" oid="0465E36B-0AC6-25C6-255B-11B26F045284" otype="Hierarchy relation" vid_source="93273933-124A-6702-12A4-EF5F85CFF646" vid_target="3488C1BB-5A87-9894-0064-619CB7829426">
<hideElementsInCurrentOnly>false</hideElementsInCurrentOnly>
<backgroundColor>-65536</backgroundColor>
<lineWidth>1</lineWidth>
<points>
<point x="550" y="364"/>
<point x="601" y="416"/>
</points>
</Connector>
<Connector class="oracle.dbtools.crest.swingui.logical.TVInheritanceRelation" oid="095947D3-C3A0-DB13-78DB-0F0F42B8510D" otype="Hierarchy relation" vid_source="AE45BA8B-D071-925D-7FA6-EA9F0A354F31" vid_target="81CCA8C2-C08A-A9A1-3E45-94EB5F9B83E2">
<hideElementsInCurrentOnly>false</hideElementsInCurrentOnly>
<backgroundColor>-65536</backgroundColor>
<lineWidth>1</lineWidth>
<points>
<point x="108" y="248"/>
<point x="108" y="332"/>
</points>
</Connector>
<Connector class="oracle.dbtools.crest.swingui.logical.TVRelation" oid="15978B93-5125-4667-0043-1149E4E36820" otype="Relation" vid_source="93273933-124A-6702-12A4-EF5F85CFF646" vid_target="1FB300B5-7961-4EA5-1EEB-9649AD4BA962">
<hideElementsInCurrentOnly>false</hideElementsInCurrentOnly>
<backgroundColor>-16777216</backgroundColor>
<lineWidth>1</lineWidth>
<points>
<point x="607" y="248"/>
<point x="1064" y="126"/>
</points>
</Connector>
<Connector class="oracle.dbtools.crest.swingui.logical.TVInheritanceRelation" oid="6E1B1817-43DB-20C4-D324-D33922206236" otype="Hierarchy relation" vid_source="93273933-124A-6702-12A4-EF5F85CFF646" vid_target="47D8DC25-B8C1-E093-C6D9-D40EF087DC6B">
<hideElementsInCurrentOnly>false</hideElementsInCurrentOnly>
<backgroundColor>-65536</backgroundColor>
<lineWidth>1</lineWidth>
<points>
<point x="433" y="364"/>
<point x="433" y="415"/>
</points>
</Connector>
<Connector class="oracle.dbtools.crest.swingui.logical.TVRelation" oid="995ACD37-2BF4-6A40-7387-F9689B8E45E5" otype="Relation" vid_source="726705A4-8F8F-AD62-07CB-F869AF4889CF" vid_target="D10640FD-D539-8419-52C6-86D43AE76DA4">
<hideElementsInCurrentOnly>false</hideElementsInCurrentOnly>
<backgroundColor>-16777216</backgroundColor>
<lineWidth>1</lineWidth>
<points>
<point x="620" y="85"/>
<point x="739" y="85"/>
</points>
</Connector>
<Connector class="oracle.dbtools.crest.swingui.logical.TVRelation" oid="AC0199CE-89BE-8BD6-7EEB-9A004ACA6333" otype="Relation" vid_source="D10640FD-D539-8419-52C6-86D43AE76DA4" vid_target="93273933-124A-6702-12A4-EF5F85CFF646">
<hideElementsInCurrentOnly>false</hideElementsInCurrentOnly>
<backgroundColor>-16777216</backgroundColor>
<lineWidth>1</lineWidth>
<points>
<point x="739" y="148"/>
<point x="607" y="201"/>
</points>
</Connector>
<Connector class="oracle.dbtools.crest.swingui.logical.TVRelation" oid="BBBFD11D-FABC-FC49-B3E6-AD3CC677B6B1" otype="Relation" vid_source="726705A4-8F8F-AD62-07CB-F869AF4889CF" vid_target="AE45BA8B-D071-925D-7FA6-EA9F0A354F31">
<hideElementsInCurrentOnly>false</hideElementsInCurrentOnly>
<backgroundColor>-16777216</backgroundColor>
<lineWidth>1</lineWidth>
<points>
<point x="422" y="133"/>
<point x="289" y="133"/>
</points>
</Connector>
<Connector class="oracle.dbtools.crest.swingui.logical.TVRelation" oid="DF81B377-D68A-EFF2-A920-7002A37EBD84" otype="Relation" vid_source="81CCA8C2-C08A-A9A1-3E45-94EB5F9B83E2" vid_target="81CCA8C2-C08A-A9A1-3E45-94EB5F9B83E2">
<hideElementsInCurrentOnly>false</hideElementsInCurrentOnly>
<backgroundColor>-16777216</backgroundColor>
<lineWidth>1</lineWidth>
<points>
<point x="188" y="376"/>
<point x="192" y="376"/>
<point x="192" y="432"/>
<point x="98" y="432"/>
<point x="98" y="407"/>
</points>
</Connector>
<Connector class="oracle.dbtools.crest.swingui.logical.TVRelation" oid="E6DF6D83-373B-84B4-DA5E-174E7A9E40F6" otype="Relation" vid_source="92EF1574-31FF-A266-C404-72B6C040A0B5" vid_target="1FB300B5-7961-4EA5-1EEB-9649AD4BA962">
<hideElementsInCurrentOnly>false</hideElementsInCurrentOnly>
<backgroundColor>-16777216</backgroundColor>
<lineWidth>1</lineWidth>
<points>
<point x="1156" y="234"/>
<point x="1156" y="180"/>
</points>
</Connector>
<Connector class="oracle.dbtools.crest.swingui.logical.TVInheritanceRelation" oid="FA1BCB79-E760-F4B6-2136-D490898CB6C2" otype="Hierarchy relation" vid_source="AE45BA8B-D071-925D-7FA6-EA9F0A354F31" vid_target="55DCFB81-20CC-BEB7-2B9F-241E5191D6A9">
<hideElementsInCurrentOnly>false</hideElementsInCurrentOnly>
<backgroundColor>-65536</backgroundColor>
<lineWidth>1</lineWidth>
<points>
<point x="263" y="248"/>
<point x="263" y="343"/>
</points>
</Connector>
</connectors>
<arcs>
<Arc class="oracle.dbtools.crest.swingui.logical.TVArc" oid="5FDEC606-F4F9-CF38-A691-5858E3D28D10" otype="Arc" vid="9708B207-946C-036C-07F3-5CE277EF55BD">
<hideElementsInCurrentOnly>false</hideElementsInCurrentOnly>
<bounds x="376" y="170" width="251" height="214"/>
</Arc>
<Arc class="oracle.dbtools.crest.swingui.logical.TVArc" oid="9B543048-1A46-C506-4A8F-3834174CD093" otype="Arc" vid="29DA3A2E-2867-3905-EF24-8CBE5987A5DE">
<hideElementsInCurrentOnly>false</hideElementsInCurrentOnly>
<bounds x="9" y="102" width="300" height="166"/>
</Arc>
</arcs>
</Diagram>
