<?xml version = '1.0' encoding = 'UTF-8'?>
<Entity class="oracle.dbtools.crest.model.design.logical.Entity" directorySegmentName="seg_0" id="8263BAAE-26F9-5F96-64F9-108BDE8554EE" name="EMPLEADO">
<createdBy>Lenovo</createdBy>
<createdTime>2025-08-15 20:02:02 UTC</createdTime>
<ownerDesignName>MBD_Semana1</ownerDesignName>
<engineerTo>
<item key="D389809A-514F-62E5-0C83-C3974BD4FC04" value="true"/>
</engineerTo>
<adequatelyNormalized>NO</adequatelyNormalized>
<expectedVolumes>0</expectedVolumes>
<fwdEngineeringStrategyName>Single Table</fwdEngineeringStrategyName>
<growthPercent>0</growthPercent>
<growthType>Year</growthType>
<maxVolumes>9999999</maxVolumes>
<minVolumes>0</minVolumes>
<normalForm>Third</normalForm>
<attributes itemClass="oracle.dbtools.crest.model.design.logical.Attribute">
<Attribute name="id_empleado" id="B99AC751-3149-3A22-9133-D51A11095305">
<createdBy>Lenovo</createdBy>
<createdTime>2025-08-15 20:53:46 UTC</createdTime>
<ownerDesignName>MBD_Semana1</ownerDesignName>
<engineerTo>
<item key="D389809A-514F-62E5-0C83-C3974BD4FC04" value="true"/>
</engineerTo>
<useDomainConstraints>false</useDomainConstraints>
<use>1</use>
<logicalDatatype>LOGDT019</logicalDatatype>
<ownDataTypeParameters>,,</ownDataTypeParameters>
</Attribute>
<Attribute name="rut" id="A85EACCA-C485-204A-0D88-3A8AFCD1A867">
<createdBy>Lenovo</createdBy>
<createdTime>2025-08-15 20:44:45 UTC</createdTime>
<ownerDesignName>MBD_Semana1</ownerDesignName>
<engineerTo>
<item key="D389809A-514F-62E5-0C83-C3974BD4FC04" value="true"/>
</engineerTo>
<useDomainConstraints>false</useDomainConstraints>
<use>1</use>
<logicalDatatype>LOGDT024</logicalDatatype>
<dataTypeSize>8</dataTypeSize>
<ownDataTypeParameters>8,,</ownDataTypeParameters>
</Attribute>
<Attribute name="nombre_completo" id="4E83EF52-6395-96EF-4764-265A8905ED28">
<createdBy>Lenovo</createdBy>
<createdTime>2025-08-15 20:45:32 UTC</createdTime>
<ownerDesignName>MBD_Semana1</ownerDesignName>
<engineerTo>
<item key="D389809A-514F-62E5-0C83-C3974BD4FC04" value="true"/>
</engineerTo>
<useDomainConstraints>false</useDomainConstraints>
<use>1</use>
<logicalDatatype>LOGDT024</logicalDatatype>
<dataTypeSize>50</dataTypeSize>
<ownDataTypeParameters>50,,</ownDataTypeParameters>
</Attribute>
<Attribute name="dirección" id="1F169418-A030-4A4F-C68C-54B2B256871B">
<createdBy>Lenovo</createdBy>
<createdTime>2025-08-15 20:46:09 UTC</createdTime>
<ownerDesignName>MBD_Semana1</ownerDesignName>
<engineerTo>
<item key="D389809A-514F-62E5-0C83-C3974BD4FC04" value="true"/>
</engineerTo>
<useDomainConstraints>false</useDomainConstraints>
<use>1</use>
<logicalDatatype>LOGDT024</logicalDatatype>
<dataTypeSize>100</dataTypeSize>
<ownDataTypeParameters>100,,</ownDataTypeParameters>
</Attribute>
<Attribute name="sueldo_base" id="BFE046DE-399F-F4B5-9D61-353FEC41A0C5">
<createdBy>Lenovo</createdBy>
<createdTime>2025-08-15 20:54:30 UTC</createdTime>
<ownerDesignName>MBD_Semana1</ownerDesignName>
<engineerTo>
<item key="D389809A-514F-62E5-0C83-C3974BD4FC04" value="true"/>
</engineerTo>
<useDomainConstraints>false</useDomainConstraints>
<use>1</use>
<logicalDatatype>LOGDT019</logicalDatatype>
<ownDataTypeParameters>,,</ownDataTypeParameters>
</Attribute>
<Attribute name="fecha_ingreso" id="043A14CA-7B3A-F7DD-0644-96A0FE70806B">
<createdBy>Lenovo</createdBy>
<createdTime>2025-08-15 20:55:05 UTC</createdTime>
<ownerDesignName>MBD_Semana1</ownerDesignName>
<engineerTo>
<item key="D389809A-514F-62E5-0C83-C3974BD4FC04" value="true"/>
</engineerTo>
<useDomainConstraints>false</useDomainConstraints>
<use>1</use>
<logicalDatatype>LOGDT007</logicalDatatype>
<ownDataTypeParameters>,,</ownDataTypeParameters>
</Attribute>
<Attribute name="género" id="80AF8468-CF10-40A2-1A2D-133B708F6CF4">
<createdBy>Lenovo</createdBy>
<createdTime>2025-08-15 20:55:33 UTC</createdTime>
<ownerDesignName>MBD_Semana1</ownerDesignName>
<engineerTo>
<item key="D389809A-514F-62E5-0C83-C3974BD4FC04" value="true"/>
</engineerTo>
<useDomainConstraints>false</useDomainConstraints>
<use>1</use>
<logicalDatatype>LOGDT024</logicalDatatype>
<dataTypeSize>10</dataTypeSize>
<ownDataTypeParameters>10,,</ownDataTypeParameters>
</Attribute>
<Attribute name="telefono" id="3147996E-180B-D4F9-A579-ECF73D642E39">
<createdBy>Lenovo</createdBy>
<createdTime>2025-08-15 20:57:45 UTC</createdTime>
<ownerDesignName>MBD_Semana1</ownerDesignName>
<engineerTo>
<item key="D389809A-514F-62E5-0C83-C3974BD4FC04" value="true"/>
</engineerTo>
<nullsAllowed>true</nullsAllowed>
<useDomainConstraints>false</useDomainConstraints>
<use>1</use>
<logicalDatatype>LOGDT019</logicalDatatype>
<ownDataTypeParameters>,,</ownDataTypeParameters>
</Attribute>
<Attribute name="telefono_contacto" id="71C83C43-D29C-7C1C-BC18-043F97D312D2">
<createdBy>Lenovo</createdBy>
<createdTime>2025-08-15 20:58:19 UTC</createdTime>
<ownerDesignName>MBD_Semana1</ownerDesignName>
<engineerTo>
<item key="D389809A-514F-62E5-0C83-C3974BD4FC04" value="true"/>
</engineerTo>
<nullsAllowed>true</nullsAllowed>
<useDomainConstraints>false</useDomainConstraints>
<use>1</use>
<logicalDatatype>LOGDT019</logicalDatatype>
<ownDataTypeParameters>,,</ownDataTypeParameters>
</Attribute>
</attributes>
<identifiers itemClass="oracle.dbtools.crest.model.design.logical.CandidateKey">
<identifier id="D463EABD-57A7-390B-973C-F4EF474D596D" name="EMPLEADO PK">
<createdBy>Lenovo</createdBy>
<createdTime>2025-08-15 20:45:05 UTC</createdTime>
<ownerDesignName>MBD_Semana1</ownerDesignName>
<engineerTo>
<item key="D389809A-514F-62E5-0C83-C3974BD4FC04" value="true"/>
</engineerTo>
<pk>true</pk>
<usedAttributes>
<attributeRef>B99AC751-3149-3A22-9133-D51A11095305</attributeRef>
</usedAttributes>
</identifier>
</identifiers>
</Entity>
