<?xml version = '1.0' encoding = 'UTF-8'?>
<FKIndexAssociation class="oracle.dbtools.crest.model.design.relational.FKIndexAssociation" directorySegmentName="seg_0" id="31F37BA6-01D6-47CC-4967-D920CD245BC7" containerWithKeyObject="B127ED2B-9855-6FB2-E6FE-A5F3A8838473" localFKIndex="382EA68B-05B7-E29F-5C03-67EC97E502B4" name="ATENCION_TIPO_ATENCION_FK">
<createdBy>Lenovo</createdBy>
<createdTime>2025-09-15 01:46:45 UTC</createdTime>
<generatorID>ECFFB00A-B45D-3E4F-45C6-6E32541D8C5C</generatorID>
<ownerDesignName>MBD_semana5</ownerDesignName>
<referredTableLongName>TIPO_ATENCION</referredTableLongName>
<deleteRule>NO ACTION</deleteRule>
<referredTableID>B779E58B-C862-CDDF-B3AD-C2A6C4DFAD58</referredTableID>
<keyObject>E0B5313F-BE95-C12C-EABE-BA0AB6F39A88</keyObject>
<referredKeyID>E0B5313F-BE95-C12C-EABE-BA0AB6F39A88</referredKeyID>
<mandatory>true</mandatory>
<refColNames>id_atencion</refColNames>
<transferable>true</transferable>
<rely>false</rely>
<columnDependencyConstraintGenerateInDDL>true</columnDependencyConstraintGenerateInDDL>
</FKIndexAssociation>
