<?xml version = '1.0' encoding = 'UTF-8'?>
<FKIndexAssociation class="oracle.dbtools.crest.model.design.relational.FKIndexAssociation" directorySegmentName="seg_0" id="3EF161CB-9A9E-B521-D393-53CEA169C0BA" containerWithKeyObject="B127ED2B-9855-6FB2-E6FE-A5F3A8838473" localFKIndex="C1C87FE9-8B52-3108-8A9E-D45F24BE1C80" name="ATENCION_PAGO_ATENCION_FK">
<createdBy>Lenovo</createdBy>
<createdTime>2025-09-15 01:46:45 UTC</createdTime>
<generatorID>A4B3ECBC-FE35-18CF-7644-E1077595E113</generatorID>
<ownerDesignName>MBD_semana5</ownerDesignName>
<referredTableLongName>PAGO_ATENCION</referredTableLongName>
<deleteRule>NO ACTION</deleteRule>
<referredTableID>1A285FCB-95CC-5131-3E11-C5DCE757E4A1</referredTableID>
<keyObject>07117827-275F-D777-F955-67089890FB8A</keyObject>
<referredKeyID>07117827-275F-D777-F955-67089890FB8A</referredKeyID>
<mandatory>true</mandatory>
<refColNames>id_pago</refColNames>
<transferable>true</transferable>
<rely>false</rely>
<columnDependencyConstraintGenerateInDDL>true</columnDependencyConstraintGenerateInDDL>
</FKIndexAssociation>
