<?xml version = '1.0' encoding = 'UTF-8'?>
<FKIndexAssociation class="oracle.dbtools.crest.model.design.relational.FKIndexAssociation" directorySegmentName="seg_0" id="648C2DC2-B1B0-CD60-DEDB-2B22FB7C4ADA" containerWithKeyObject="560C62C0-0953-D822-C7EE-6C797F32F62B" localFKIndex="49690E4B-5392-C384-C193-EB807690AD2F" name="MEDICO_INST_SALUD_FK">
<createdBy>Lenovo</createdBy>
<createdTime>2025-09-15 01:46:45 UTC</createdTime>
<generatorID>1695F7E7-F448-BFBD-BE2B-F2E8488BB182</generatorID>
<ownerDesignName>MBD_semana5</ownerDesignName>
<referredTableLongName>INST_SALUD</referredTableLongName>
<deleteRule>NO ACTION</deleteRule>
<referredTableID>DAB20BBC-BFDC-9C81-1B1E-207E88D65EC0</referredTableID>
<keyObject>646B6D6F-3EB8-C776-6865-C8E0755B404C</keyObject>
<referredKeyID>646B6D6F-3EB8-C776-6865-C8E0755B404C</referredKeyID>
<mandatory>true</mandatory>
<refColNames>id_institucion</refColNames>
<transferable>true</transferable>
<rely>false</rely>
<columnDependencyConstraintGenerateInDDL>true</columnDependencyConstraintGenerateInDDL>
</FKIndexAssociation>
