<?xml version = '1.0' encoding = 'UTF-8'?>
<FKIndexAssociation class="oracle.dbtools.crest.model.design.relational.FKIndexAssociation" directorySegmentName="seg_0" id="6D29EBA6-0459-385B-F6A7-4EED2C7AE248" containerWithKeyObject="B363BC9E-9FC0-6098-0652-DBDF5C1396DC" localFKIndex="41BCD7E4-C04D-86CB-C217-A999EC92DA51" name="COMUNA_REGION_FK">
<createdBy>Lenovo</createdBy>
<createdTime>2025-09-15 01:46:45 UTC</createdTime>
<generatorID>82B96DC1-AAB2-9AD8-685D-8A844CBCE8E7</generatorID>
<ownerDesignName>MBD_semana5</ownerDesignName>
<referredTableLongName>REGION</referredTableLongName>
<deleteRule>NO ACTION</deleteRule>
<referredTableID>987524AF-48B3-D2E5-4DD0-F1048B74E640</referredTableID>
<keyObject>13FED99E-3FCF-D50B-2FBC-6C6C08EC26A2</keyObject>
<referredKeyID>13FED99E-3FCF-D50B-2FBC-6C6C08EC26A2</referredKeyID>
<mandatory>true</mandatory>
<refColNames>id_region</refColNames>
<transferable>true</transferable>
<rely>false</rely>
<columnDependencyConstraintGenerateInDDL>true</columnDependencyConstraintGenerateInDDL>
</FKIndexAssociation>
