<?xml version = '1.0' encoding = 'UTF-8'?>
<FKIndexAssociation class="oracle.dbtools.crest.model.design.relational.FKIndexAssociation" directorySegmentName="seg_0" id="6D74361F-E3EE-5841-1973-D82C67F77DCF" containerWithKeyObject="B127ED2B-9855-6FB2-E6FE-A5F3A8838473" localFKIndex="9E6EEDA6-B63D-0CF3-C903-74974F2524C2" name="ATENCION_PACIENTE_FK">
<createdBy>Lenovo</createdBy>
<createdTime>2025-09-15 01:46:45 UTC</createdTime>
<generatorID>E3815E76-629A-D50C-7091-BFBCBF5B2DF6</generatorID>
<ownerDesignName>MBD_semana5</ownerDesignName>
<referredTableLongName>PACIENTE</referredTableLongName>
<deleteRule>NO ACTION</deleteRule>
<referredTableID>7DF9A914-F843-54C0-0609-48817706FC86</referredTableID>
<keyObject>6E6EE0FC-FF2D-C1F8-971B-98A59878C8B4</keyObject>
<referredKeyID>6E6EE0FC-FF2D-C1F8-971B-98A59878C8B4</referredKeyID>
<mandatory>true</mandatory>
<refColNames>id_paciente</refColNames>
<transferable>true</transferable>
<rely>false</rely>
<columnDependencyConstraintGenerateInDDL>true</columnDependencyConstraintGenerateInDDL>
</FKIndexAssociation>
