<?xml version = '1.0' encoding = 'UTF-8'?>
<FKIndexAssociation class="oracle.dbtools.crest.model.design.relational.FKIndexAssociation" directorySegmentName="seg_0" id="84D3B774-C105-80EA-24FA-FB1B32AEB6CA" containerWithKeyObject="7DF9A914-F843-54C0-0609-48817706FC86" localFKIndex="3D5C332E-B27A-6EE9-60CB-937E1F494010" name="PACIENTE_COMUNA_FK">
<createdBy>Lenovo</createdBy>
<createdTime>2025-09-15 01:46:45 UTC</createdTime>
<generatorID>644FFDD7-7D17-C730-595D-F42729BBB5D0</generatorID>
<ownerDesignName>MBD_semana5</ownerDesignName>
<referredTableLongName>COMUNA</referredTableLongName>
<deleteRule>NO ACTION</deleteRule>
<referredTableID>B363BC9E-9FC0-6098-0652-DBDF5C1396DC</referredTableID>
<keyObject>A3AF7EEC-5E4C-58DC-EF32-E342A6FB13A7</keyObject>
<referredKeyID>A3AF7EEC-5E4C-58DC-EF32-E342A6FB13A7</referredKeyID>
<mandatory>true</mandatory>
<refColNames>id_comuna</refColNames>
<transferable>true</transferable>
<rely>false</rely>
<columnDependencyConstraintGenerateInDDL>true</columnDependencyConstraintGenerateInDDL>
</FKIndexAssociation>
