<?xml version = '1.0' encoding = 'UTF-8'?>
<FKIndexAssociation class="oracle.dbtools.crest.model.design.relational.FKIndexAssociation" directorySegmentName="seg_0" id="8E8031AE-70A4-D1E5-B5BB-F16D28B84994" containerWithKeyObject="560C62C0-0953-D822-C7EE-6C797F32F62B" localFKIndex="4CB0A5F3-4F28-EF2E-0285-B59DBBF66BE4" name="MEDICO_ESPECIALIDAD_FK">
<createdBy>Lenovo</createdBy>
<createdTime>2025-09-15 01:46:45 UTC</createdTime>
<generatorID>04AC5615-D050-BA9A-1EAF-D38D5D2984A9</generatorID>
<ownerDesignName>MBD_semana5</ownerDesignName>
<referredTableLongName>ESPECIALIDAD</referredTableLongName>
<deleteRule>NO ACTION</deleteRule>
<referredTableID>640F6863-5CA2-1BFB-8FB7-0F656360429B</referredTableID>
<keyObject>C2C6DB70-7561-E2E6-E88C-4BD2CA49F43F</keyObject>
<referredKeyID>C2C6DB70-7561-E2E6-E88C-4BD2CA49F43F</referredKeyID>
<mandatory>true</mandatory>
<refColNames>id_especialidad</refColNames>
<transferable>true</transferable>
<rely>false</rely>
<columnDependencyConstraintGenerateInDDL>true</columnDependencyConstraintGenerateInDDL>
</FKIndexAssociation>
