<?xml version = '1.0' encoding = 'UTF-8'?>
<FKIndexAssociation class="oracle.dbtools.crest.model.design.relational.FKIndexAssociation" directorySegmentName="seg_0" id="98F502BB-6B52-147B-60DB-60331C2562E3" containerWithKeyObject="7DF9A914-F843-54C0-0609-48817706FC86" localFKIndex="CC8F776F-59A1-74BA-8BBB-785DAB83636C" name="PACIENTE_GENERO_FK">
<createdBy>Lenovo</createdBy>
<createdTime>2025-09-15 01:46:45 UTC</createdTime>
<generatorID>72DEBB16-2139-E062-8154-714D56A6A9F4</generatorID>
<ownerDesignName>MBD_semana5</ownerDesignName>
<referredTableLongName>GENERO</referredTableLongName>
<deleteRule>NO ACTION</deleteRule>
<referredTableID>0C568B6B-5F86-8182-B544-627573B77204</referredTableID>
<keyObject>273F48A3-C960-75E7-F476-17E04FBD4024</keyObject>
<referredKeyID>273F48A3-C960-75E7-F476-17E04FBD4024</referredKeyID>
<mandatory>true</mandatory>
<refColNames>id_genero</refColNames>
<transferable>true</transferable>
<rely>false</rely>
<columnDependencyConstraintGenerateInDDL>true</columnDependencyConstraintGenerateInDDL>
</FKIndexAssociation>
