<?xml version = '1.0' encoding = 'UTF-8'?>
<FKIndexAssociation class="oracle.dbtools.crest.model.design.relational.FKIndexAssociation" directorySegmentName="seg_0" id="99E29A80-12AD-90F7-4FCA-C7F0B023D7E4" containerWithKeyObject="B127ED2B-9855-6FB2-E6FE-A5F3A8838473" localFKIndex="413B7967-C34C-9CC7-DB99-DEFFBBB33EAB" name="ATENCION_EXAMEN_FK">
<createdBy>Lenovo</createdBy>
<createdTime>2025-09-15 01:51:38 UTC</createdTime>
<generatorID>712DD03F-58A8-60F0-E2F2-1400F6AE81F4</generatorID>
<ownerDesignName>MBD_semana5</ownerDesignName>
<referredTableLongName>EXAMEN</referredTableLongName>
<deleteRule>NO ACTION</deleteRule>
<referredTableID>3CF6FA94-C184-2217-9407-D98BD4ACC7C4</referredTableID>
<keyObject>87359DEE-26CD-3406-A008-EF6DDE42E39D</keyObject>
<referredKeyID>87359DEE-26CD-3406-A008-EF6DDE42E39D</referredKeyID>
<mandatory>true</mandatory>
<refColNames>id_examen</refColNames>
<transferable>true</transferable>
<rely>false</rely>
<columnDependencyConstraintGenerateInDDL>true</columnDependencyConstraintGenerateInDDL>
</FKIndexAssociation>
