<?xml version = '1.0' encoding = 'UTF-8'?>
<FKIndexAssociation class="oracle.dbtools.crest.model.design.relational.FKIndexAssociation" directorySegmentName="seg_0" id="A81AAA00-9C48-F2FF-2E93-F020CCE23599" containerWithKeyObject="1A285FCB-95CC-5131-3E11-C5DCE757E4A1" localFKIndex="FBEF0536-9199-C5DE-64A5-D8921E3568FC" name="PAGO_ATENCION_METODO_PAGO_FK">
<createdBy>Lenovo</createdBy>
<createdTime>2025-09-15 01:46:45 UTC</createdTime>
<generatorID>2DC7C7C0-669E-59EB-794F-33DA39D2C26D</generatorID>
<ownerDesignName>MBD_semana5</ownerDesignName>
<referredTableLongName>METODO_PAGO</referredTableLongName>
<deleteRule>NO ACTION</deleteRule>
<referredTableID>215DE979-4CF8-0CBA-EEA7-A190B38F0A3B</referredTableID>
<keyObject>FEB3118F-BD6D-52DF-E201-96C5394A4364</keyObject>
<referredKeyID>FEB3118F-BD6D-52DF-E201-96C5394A4364</referredKeyID>
<mandatory>true</mandatory>
<refColNames>id_metodo_pago</refColNames>
<transferable>true</transferable>
<rely>false</rely>
<columnDependencyConstraintGenerateInDDL>true</columnDependencyConstraintGenerateInDDL>
</FKIndexAssociation>
