<?xml version = '1.0' encoding = 'UTF-8'?>
<FKIndexAssociation class="oracle.dbtools.crest.model.design.relational.FKIndexAssociation" directorySegmentName="seg_0" id="A81BE0D1-4CFC-D034-16BC-BED6DF0296AC" containerWithKeyObject="B127ED2B-9855-6FB2-E6FE-A5F3A8838473" localFKIndex="EE226C03-5CF4-674A-B2DF-4A4557E04F20" name="ATENCION_MEDICO_FK">
<createdBy>Lenovo</createdBy>
<createdTime>2025-09-15 01:46:45 UTC</createdTime>
<generatorID>56810E3F-2016-7DA2-F60B-9CF4CBDC15F8</generatorID>
<ownerDesignName>MBD_semana5</ownerDesignName>
<referredTableLongName>MEDICO</referredTableLongName>
<deleteRule>NO ACTION</deleteRule>
<referredTableID>560C62C0-0953-D822-C7EE-6C797F32F62B</referredTableID>
<keyObject>FF52FDDB-C25B-43A0-05F0-FD572E1BA83F</keyObject>
<referredKeyID>FF52FDDB-C25B-43A0-05F0-FD572E1BA83F</referredKeyID>
<mandatory>true</mandatory>
<refColNames>id_medico</refColNames>
<transferable>true</transferable>
<rely>false</rely>
<columnDependencyConstraintGenerateInDDL>true</columnDependencyConstraintGenerateInDDL>
</FKIndexAssociation>
