<?xml version = '1.0' encoding = 'UTF-8'?>
<FKIndexAssociation class="oracle.dbtools.crest.model.design.relational.FKIndexAssociation" directorySegmentName="seg_0" id="C9E5C826-1BB5-9CD4-72FF-CDB6720402F3" containerWithKeyObject="7DF9A914-F843-54C0-0609-48817706FC86" localFKIndex="0318A2F0-D91A-6852-0C9E-B24E867AF7CF" name="PACIENTE_TIPO_USUARIO_FK">
<createdBy>Lenovo</createdBy>
<createdTime>2025-09-15 01:46:45 UTC</createdTime>
<generatorID>8A677B89-59D7-841C-6784-BDEDDC800089</generatorID>
<ownerDesignName>MBD_semana5</ownerDesignName>
<referredTableLongName>TIPO_USUARIO</referredTableLongName>
<deleteRule>NO ACTION</deleteRule>
<referredTableID>F12FD811-3961-4A6F-FE5B-D9FAE4B9FF8D</referredTableID>
<keyObject>8343B4CC-5139-DFF2-39A2-7927E9DDAB45</keyObject>
<referredKeyID>8343B4CC-5139-DFF2-39A2-7927E9DDAB45</referredKeyID>
<mandatory>true</mandatory>
<refColNames>id_usuario</refColNames>
<transferable>true</transferable>
<rely>false</rely>
<columnDependencyConstraintGenerateInDDL>true</columnDependencyConstraintGenerateInDDL>
</FKIndexAssociation>
