<?xml version = '1.0' encoding = 'UTF-8'?>
<FKIndexAssociation class="oracle.dbtools.crest.model.design.relational.FKIndexAssociation" directorySegmentName="seg_0" id="DBD7E95C-14AF-F5D8-627A-401AB2A143F7" containerWithKeyObject="560C62C0-0953-D822-C7EE-6C797F32F62B" localFKIndex="C4F70470-46C3-9F38-9618-6BBC961650EB" name="MEDICO_AFP_FK">
<createdBy>Lenovo</createdBy>
<createdTime>2025-09-15 01:46:45 UTC</createdTime>
<generatorID>64BE6AB8-4638-4167-A0EC-D19D9C6BB1CA</generatorID>
<ownerDesignName>MBD_semana5</ownerDesignName>
<referredTableLongName>AFP</referredTableLongName>
<deleteRule>NO ACTION</deleteRule>
<referredTableID>D334CD14-6B53-F7A4-9885-BD778DF8D833</referredTableID>
<keyObject>751846D4-51D9-F7D0-1420-EEDD6FDA78CF</keyObject>
<referredKeyID>751846D4-51D9-F7D0-1420-EEDD6FDA78CF</referredKeyID>
<mandatory>true</mandatory>
<refColNames>id_afp</refColNames>
<transferable>true</transferable>
<rely>false</rely>
<columnDependencyConstraintGenerateInDDL>true</columnDependencyConstraintGenerateInDDL>
</FKIndexAssociation>
