<?xml version = '1.0' encoding = 'UTF-8'?>
<FKIndexAssociation class="oracle.dbtools.crest.model.design.relational.FKIndexAssociation" directorySegmentName="seg_0" id="EE7B3EF4-A1C5-AA89-F267-3DC337E7E73C" containerWithKeyObject="560C62C0-0953-D822-C7EE-6C797F32F62B" localFKIndex="5AC67968-407D-1CBB-C288-EB6EC14CCF47" name="MEDICO_MEDICO_FK">
<createdBy>Lenovo</createdBy>
<createdTime>2025-09-15 01:46:45 UTC</createdTime>
<generatorID>397A22A5-D3D1-DCB2-8143-9DDE27BEA213</generatorID>
<ownerDesignName>MBD_semana5</ownerDesignName>
<referredTableLongName>MEDICO</referredTableLongName>
<deleteRule>NO ACTION</deleteRule>
<referredTableID>560C62C0-0953-D822-C7EE-6C797F32F62B</referredTableID>
<keyObject>FF52FDDB-C25B-43A0-05F0-FD572E1BA83F</keyObject>
<referredKeyID>FF52FDDB-C25B-43A0-05F0-FD572E1BA83F</referredKeyID>
<mandatory>false</mandatory>
<refColNames>id_medico</refColNames>
<transferable>true</transferable>
<rely>false</rely>
<columnDependencyConstraintGenerateInDDL>true</columnDependencyConstraintGenerateInDDL>
</FKIndexAssociation>
