<?xml version = '1.0' encoding = 'UTF-8'?>
<relationalModel class="oracle.dbtools.crest.model.design.relational.RelationalDesign" name="Relational_1" id="C8D99817-DD20-A114-F31D-FD9905DD71D1" mainViewID="2E665720-50E6-91A2-2D2D-7C64A132436C">
<createdBy>Lenovo</createdBy>
<createdTime>2025-08-29 23:51:43 UTC</createdTime>
<ownerDesignName>MBD_semana3</ownerDesignName>
<shouldBeOpen>true</shouldBeOpen>
<selectedRDBMSSite>32076570-2523-435C-2E92-BF29817DFF70</selectedRDBMSSite>
</relationalModel>
