<?xml version = '1.0' encoding = 'UTF-8'?>
<Diagram class="oracle.dbtools.crest.swingui.logical.DPVLogical" name="Logical" id="99D8C62F-92BF-5F12-DE5A-53C6772E7111">
<createdBy>Lenovo</createdBy>
<modifiedBy>Lenovo</modifiedBy>
<createdTime>2025-08-15 20:02:02 UTC</createdTime>
<autoRoute>false</autoRoute>
<boxInbox>true</boxInbox>
<showLegend>false</showLegend>
<showLabels>false</showLabels>
<showRelAttributes>false</showRelAttributes>
<gridEnabled>false</gridEnabled>
<showGrid>false</showGrid>
<diagramColor>-1</diagramColor>
<display>false</display>
<notation>1</notation>
<objectViews>
<OView class="oracle.dbtools.crest.swingui.logical.TVEntity" oid="369344EC-D7CA-270E-1EC0-5457D453B4A2" otype="Entity" vid="80154C8C-E26F-1A3E-BF62-16202808FD6F">
<hideElementsInCurrentOnly>false</hideElementsInCurrentOnly>
<bounds x="128" y="223" width="242" height="207"/>
</OView>
<OView class="oracle.dbtools.crest.swingui.logical.TVEntity" oid="8263BAAE-26F9-5F96-64F9-108BDE8554EE" otype="Entity" vid="2736379C-9D4C-8669-191F-CC39AF52F3DA">
<hideElementsInCurrentOnly>false</hideElementsInCurrentOnly>
<bounds x="20" y="19" width="223" height="165"/>
</OView>
<OView class="oracle.dbtools.crest.swingui.logical.TVEntity" oid="8CF723DC-94CF-140B-5F44-8A888A3335D5" otype="Entity" vid="F04DF8FC-8A22-9DB5-8529-9DFF0EC32A92">
<hideElementsInCurrentOnly>false</hideElementsInCurrentOnly>
<bounds x="264" y="22" width="215" height="152"/>
</OView>
</objectViews>
</Diagram>
