<?xml version = '1.0' encoding = 'UTF-8'?>
<Arc class="oracle.dbtools.crest.model.design.logical.Arc" directorySegmentName="seg_0" id="2DA3DEED-769B-F434-54F6-62AD02AFBAA9" name="Arc_1">
<createdBy>Lenovo</createdBy>
<createdTime>2025-10-10 22:58:46 UTC</createdTime>
<ownerDesignName>notacionbarkerS9</ownerDesignName>
<engineerTo>
<item key="AA776637-AF4A-D775-40A3-6E40F5F8E04D" value="true"/>
</engineerTo>
<entity>4CEE6DEF-05F4-045B-B5B6-95D0FEEB584D</entity>
<relations>
<relationID>D8A10095-DC62-59D5-1613-EC6A3F6D633D</relationID>
<relationID>52ACF932-4D3A-874C-9FAB-943590260D11</relationID>
<relationID>ADA3DC23-634A-48F7-7453-BB77C46D9065</relationID>
</relations>
</Arc>