<?xml version = '1.0' encoding = 'UTF-8'?>
<Entity class="oracle.dbtools.crest.model.design.logical.Entity" directorySegmentName="seg_0" id="01F6B6E6-1526-D757-5FC6-5F78466A1E7B" name="EXAMEN">
<createdBy>Lenovo</createdBy>
<createdTime>2025-09-13 18:33:55 UTC</createdTime>
<ownerDesignName>MBD_semana5</ownerDesignName>
<engineerTo>
<item key="948F8F69-E315-61EB-C970-9F675A6787BD" value="true"/>
</engineerTo>
<adequatelyNormalized>NO</adequatelyNormalized>
<expectedVolumes>0</expectedVolumes>
<fwdEngineeringStrategyName>Single Table</fwdEngineeringStrategyName>
<growthPercent>0</growthPercent>
<growthType>Year</growthType>
<maxVolumes>9999999</maxVolumes>
<minVolumes>0</minVolumes>
<normalForm>Third</normalForm>
<attributes itemClass="oracle.dbtools.crest.model.design.logical.Attribute">
<Attribute name="id_examen" id="99801B7A-20C2-89ED-FEF5-C6D801F00303">
<createdBy>Lenovo</createdBy>
<createdTime>2025-09-13 18:34:25 UTC</createdTime>
<ownerDesignName>MBD_semana5</ownerDesignName>
<engineerTo>
<item key="948F8F69-E315-61EB-C970-9F675A6787BD" value="true"/>
</engineerTo>
<useDomainConstraints>false</useDomainConstraints>
<use>1</use>
<logicalDatatype>LOGDT019</logicalDatatype>
<dataTypePrecision>3</dataTypePrecision>
<ownDataTypeParameters>,3,</ownDataTypeParameters>
</Attribute>
<Attribute name="nombre_examen" id="09A286EB-8BC8-9FBD-EC47-C57FA8C0BB62">
<createdBy>Lenovo</createdBy>
<createdTime>2025-09-13 18:34:40 UTC</createdTime>
<ownerDesignName>MBD_semana5</ownerDesignName>
<engineerTo>
<item key="948F8F69-E315-61EB-C970-9F675A6787BD" value="true"/>
</engineerTo>
<useDomainConstraints>false</useDomainConstraints>
<use>1</use>
<logicalDatatype>LOGDT024</logicalDatatype>
<dataTypeSize>15</dataTypeSize>
<ownDataTypeParameters>15,,</ownDataTypeParameters>
</Attribute>
<Attribute name="tipo_muestra" id="7D9F16A9-8278-CE74-C90B-DE2DA239D132">
<createdBy>Lenovo</createdBy>
<createdTime>2025-09-13 18:35:17 UTC</createdTime>
<ownerDesignName>MBD_semana5</ownerDesignName>
<engineerTo>
<item key="948F8F69-E315-61EB-C970-9F675A6787BD" value="true"/>
</engineerTo>
<useDomainConstraints>false</useDomainConstraints>
<use>1</use>
<logicalDatatype>LOGDT024</logicalDatatype>
<dataTypeSize>10</dataTypeSize>
<ownDataTypeParameters>10,,</ownDataTypeParameters>
</Attribute>
<Attribute name="condiciones_preparacion" id="D9BEFA7D-D121-45E9-32DF-D894111DFE9D">
<createdBy>Lenovo</createdBy>
<createdTime>2025-09-13 18:35:38 UTC</createdTime>
<ownerDesignName>MBD_semana5</ownerDesignName>
<engineerTo>
<item key="948F8F69-E315-61EB-C970-9F675A6787BD" value="true"/>
</engineerTo>
<nullsAllowed>true</nullsAllowed>
<useDomainConstraints>false</useDomainConstraints>
<use>1</use>
<logicalDatatype>LOGDT024</logicalDatatype>
<dataTypeSize>30</dataTypeSize>
<ownDataTypeParameters>30,,</ownDataTypeParameters>
</Attribute>
</attributes>
<identifiers itemClass="oracle.dbtools.crest.model.design.logical.CandidateKey">
<identifier id="1D1DD0D5-CC98-AE7E-C13F-0F03CA020F00" name="EXAMEN_LABORATORIO PK">
<createdBy>Lenovo</createdBy>
<createdTime>2025-09-13 18:35:16 UTC</createdTime>
<ownerDesignName>MBD_semana5</ownerDesignName>
<shouldEngineer>false</shouldEngineer>
<engineerTo>
<item key="948F8F69-E315-61EB-C970-9F675A6787BD" value="false"/>
</engineerTo>
<pk>true</pk>
<usedAttributes>
<attributeRef>99801B7A-20C2-89ED-FEF5-C6D801F00303</attributeRef>
</usedAttributes>
</identifier>
</identifiers>
</Entity>
