<?xml version = '1.0' encoding = 'UTF-8'?>
<Entity class="oracle.dbtools.crest.model.design.logical.Entity" directorySegmentName="seg_0" id="06CAAA22-CBDA-B8C1-2CF3-53B47DA6A9E2" name="TIPO_USUARIO">
<createdBy>Lenovo</createdBy>
<createdTime>2025-09-15 00:14:20 UTC</createdTime>
<ownerDesignName>MBD_semana5</ownerDesignName>
<engineerTo>
<item key="948F8F69-E315-61EB-C970-9F675A6787BD" value="true"/>
</engineerTo>
<adequatelyNormalized>NO</adequatelyNormalized>
<expectedVolumes>0</expectedVolumes>
<fwdEngineeringStrategyName>Single Table</fwdEngineeringStrategyName>
<growthPercent>0</growthPercent>
<growthType>Year</growthType>
<maxVolumes>9999999</maxVolumes>
<minVolumes>0</minVolumes>
<normalForm>Third</normalForm>
<attributes itemClass="oracle.dbtools.crest.model.design.logical.Attribute">
<Attribute name="id_usuario" id="0023522A-476F-01E2-72F0-6BE996E27147">
<createdBy>Lenovo</createdBy>
<createdTime>2025-09-15 00:14:28 UTC</createdTime>
<ownerDesignName>MBD_semana5</ownerDesignName>
<engineerTo>
<item key="948F8F69-E315-61EB-C970-9F675A6787BD" value="true"/>
</engineerTo>
<useDomainConstraints>false</useDomainConstraints>
<use>1</use>
<logicalDatatype>LOGDT019</logicalDatatype>
<dataTypePrecision>1</dataTypePrecision>
<ownDataTypeParameters>,1,</ownDataTypeParameters>
</Attribute>
<Attribute name="nombre_usuario " id="3872D5F2-7543-B56A-F797-27B195D8756A">
<createdBy>Lenovo</createdBy>
<createdTime>2025-09-15 00:15:09 UTC</createdTime>
<ownerDesignName>MBD_semana5</ownerDesignName>
<engineerTo>
<item key="948F8F69-E315-61EB-C970-9F675A6787BD" value="true"/>
</engineerTo>
<useDomainConstraints>false</useDomainConstraints>
<use>1</use>
<logicalDatatype>LOGDT024</logicalDatatype>
<dataTypeSize>11</dataTypeSize>
<ownDataTypeParameters>11,,</ownDataTypeParameters>
</Attribute>
</attributes>
<identifiers itemClass="oracle.dbtools.crest.model.design.logical.CandidateKey">
<identifier id="0D648A49-DE37-2405-EC18-5D3807FFEACA" name="TIPO_USUARIO PK">
<createdBy>Lenovo</createdBy>
<createdTime>2025-09-15 00:33:49 UTC</createdTime>
<ownerDesignName>MBD_semana5</ownerDesignName>
<shouldEngineer>false</shouldEngineer>
<engineerTo>
<item key="948F8F69-E315-61EB-C970-9F675A6787BD" value="false"/>
</engineerTo>
<pk>true</pk>
<usedAttributes>
<attributeRef>0023522A-476F-01E2-72F0-6BE996E27147</attributeRef>
</usedAttributes>
</identifier>
</identifiers>
</Entity>
