<?xml version = '1.0' encoding = 'UTF-8'?>
<Entity class="oracle.dbtools.crest.model.design.logical.Entity" directorySegmentName="seg_0" id="34CF7C78-D5F3-673E-76F6-20CEE0015C43" name="PACIENTE">
<createdBy>Lenovo</createdBy>
<createdTime>2025-09-13 03:13:17 UTC</createdTime>
<ownerDesignName>MBD_semana5</ownerDesignName>
<engineerTo>
<item key="948F8F69-E315-61EB-C970-9F675A6787BD" value="true"/>
</engineerTo>
<adequatelyNormalized>NO</adequatelyNormalized>
<expectedVolumes>0</expectedVolumes>
<fwdEngineeringStrategyName>Single Table</fwdEngineeringStrategyName>
<growthPercent>0</growthPercent>
<growthType>Year</growthType>
<maxVolumes>9999999</maxVolumes>
<minVolumes>0</minVolumes>
<normalForm>Third</normalForm>
<attributes itemClass="oracle.dbtools.crest.model.design.logical.Attribute">
<Attribute name="id_paciente" id="B5431B68-411C-CB27-4BD0-F012A4A6C650">
<createdBy>Lenovo</createdBy>
<createdTime>2025-09-13 03:13:26 UTC</createdTime>
<ownerDesignName>MBD_semana5</ownerDesignName>
<engineerTo>
<item key="948F8F69-E315-61EB-C970-9F675A6787BD" value="true"/>
</engineerTo>
<useDomainConstraints>false</useDomainConstraints>
<use>1</use>
<logicalDatatype>LOGDT019</logicalDatatype>
<dataTypePrecision>7</dataTypePrecision>
<ownDataTypeParameters>,7,</ownDataTypeParameters>
</Attribute>
<Attribute name="rut_paciente" id="4531EBC7-C4F7-3533-E278-53DD1F92D466">
<createdBy>Lenovo</createdBy>
<createdTime>2025-09-13 03:13:44 UTC</createdTime>
<ownerDesignName>MBD_semana5</ownerDesignName>
<engineerTo>
<item key="948F8F69-E315-61EB-C970-9F675A6787BD" value="true"/>
</engineerTo>
<useDomainConstraints>false</useDomainConstraints>
<use>1</use>
<logicalDatatype>LOGDT024</logicalDatatype>
<dataTypeSize>10</dataTypeSize>
<ownDataTypeParameters>10,,</ownDataTypeParameters>
</Attribute>
<Attribute name="nombre_paciente" id="4D2E8ECD-1E8F-560C-19FB-0228C0B7E851">
<createdBy>Lenovo</createdBy>
<createdTime>2025-09-13 03:14:16 UTC</createdTime>
<ownerDesignName>MBD_semana5</ownerDesignName>
<engineerTo>
<item key="948F8F69-E315-61EB-C970-9F675A6787BD" value="true"/>
</engineerTo>
<useDomainConstraints>false</useDomainConstraints>
<use>1</use>
<logicalDatatype>LOGDT024</logicalDatatype>
<dataTypeSize>30</dataTypeSize>
<ownDataTypeParameters>30,,</ownDataTypeParameters>
</Attribute>
<Attribute name="fecha_nacimiento" id="E6A4DBED-0BC6-9473-893E-B8BB9E6E629A">
<createdBy>Lenovo</createdBy>
<createdTime>2025-09-13 03:14:42 UTC</createdTime>
<ownerDesignName>MBD_semana5</ownerDesignName>
<engineerTo>
<item key="948F8F69-E315-61EB-C970-9F675A6787BD" value="true"/>
</engineerTo>
<useDomainConstraints>false</useDomainConstraints>
<use>1</use>
<logicalDatatype>LOGDT007</logicalDatatype>
<ownDataTypeParameters>,,</ownDataTypeParameters>
</Attribute>
<Attribute name="direccion" id="C36C0548-902B-79E1-48CB-4379661F3239">
<createdBy>Lenovo</createdBy>
<createdTime>2025-09-13 03:15:08 UTC</createdTime>
<ownerDesignName>MBD_semana5</ownerDesignName>
<engineerTo>
<item key="948F8F69-E315-61EB-C970-9F675A6787BD" value="true"/>
</engineerTo>
<useDomainConstraints>false</useDomainConstraints>
<use>1</use>
<logicalDatatype>LOGDT024</logicalDatatype>
<dataTypeSize>40</dataTypeSize>
<ownDataTypeParameters>40,,</ownDataTypeParameters>
</Attribute>
<Attribute name="telefono" id="9E21F06F-DEA6-9AD2-739D-38412E54BD57">
<createdBy>Lenovo</createdBy>
<createdTime>2025-09-15 00:11:50 UTC</createdTime>
<ownerDesignName>MBD_semana5</ownerDesignName>
<engineerTo>
<item key="948F8F69-E315-61EB-C970-9F675A6787BD" value="true"/>
</engineerTo>
<useDomainConstraints>false</useDomainConstraints>
<use>1</use>
<logicalDatatype>LOGDT019</logicalDatatype>
<dataTypePrecision>9</dataTypePrecision>
<ownDataTypeParameters>,9,</ownDataTypeParameters>
</Attribute>
<Attribute name="mail" id="BF8FFB47-C0A5-4A94-E77F-FF6A88C4523F">
<createdBy>Lenovo</createdBy>
<createdTime>2025-09-15 00:12:36 UTC</createdTime>
<ownerDesignName>MBD_semana5</ownerDesignName>
<engineerTo>
<item key="948F8F69-E315-61EB-C970-9F675A6787BD" value="true"/>
</engineerTo>
<nullsAllowed>true</nullsAllowed>
<useDomainConstraints>false</useDomainConstraints>
<use>1</use>
<logicalDatatype>LOGDT024</logicalDatatype>
<dataTypeSize>30</dataTypeSize>
<ownDataTypeParameters>30,,</ownDataTypeParameters>
</Attribute>
<Attribute name="historial_atenciones" id="C495E177-E539-DD18-DE82-F468474220C4">
<createdBy>Lenovo</createdBy>
<createdTime>2025-09-15 00:12:19 UTC</createdTime>
<ownerDesignName>MBD_semana5</ownerDesignName>
<engineerTo>
<item key="948F8F69-E315-61EB-C970-9F675A6787BD" value="true"/>
</engineerTo>
<nullsAllowed>true</nullsAllowed>
<useDomainConstraints>false</useDomainConstraints>
<use>1</use>
<logicalDatatype>LOGDT024</logicalDatatype>
<dataTypeSize>30</dataTypeSize>
<ownDataTypeParameters>30,,</ownDataTypeParameters>
</Attribute>
<Attribute name="id_comuna" id="F9DDC9C9-AC93-3819-37E2-F2A56C2044B2">
<createdBy>Lenovo</createdBy>
<createdTime>2025-09-13 03:18:35 UTC</createdTime>
<generatorID>644FFDD7-7D17-C730-595D-F42729BBB5D0</generatorID>
<ownerDesignName>MBD_semana5</ownerDesignName>
<engineerTo>
<item key="948F8F69-E315-61EB-C970-9F675A6787BD" value="true"/>
</engineerTo>
<referedAttribute>421217FD-13EC-7AA9-0629-7E07D9036E5F</referedAttribute>
<useDomainConstraints>false</useDomainConstraints>
<use>1</use>
<logicalDatatype>LOGDT019</logicalDatatype>
<dataTypePrecision>3</dataTypePrecision>
<ownDataTypeParameters>,,</ownDataTypeParameters>
</Attribute>
<Attribute name="id_genero" id="6966F213-F8E2-9845-2911-CE3479BA2C01">
<createdBy>Lenovo</createdBy>
<createdTime>2025-09-13 19:02:37 UTC</createdTime>
<generatorID>72DEBB16-2139-E062-8154-714D56A6A9F4</generatorID>
<ownerDesignName>MBD_semana5</ownerDesignName>
<engineerTo>
<item key="948F8F69-E315-61EB-C970-9F675A6787BD" value="true"/>
</engineerTo>
<referedAttribute>6B2C584D-6AB1-207A-58D0-9A6811A9F582</referedAttribute>
<useDomainConstraints>false</useDomainConstraints>
<use>1</use>
<logicalDatatype>LOGDT019</logicalDatatype>
<dataTypePrecision>1</dataTypePrecision>
<ownDataTypeParameters>,,</ownDataTypeParameters>
</Attribute>
<Attribute name="id_usuario" id="02ACC9FA-1D35-5393-78C2-E403028847F4">
<createdBy>Lenovo</createdBy>
<createdTime>2025-09-15 00:37:02 UTC</createdTime>
<generatorID>8A677B89-59D7-841C-6784-BDEDDC800089</generatorID>
<ownerDesignName>MBD_semana5</ownerDesignName>
<engineerTo>
<item key="948F8F69-E315-61EB-C970-9F675A6787BD" value="true"/>
</engineerTo>
<referedAttribute>0023522A-476F-01E2-72F0-6BE996E27147</referedAttribute>
<useDomainConstraints>false</useDomainConstraints>
<use>1</use>
<logicalDatatype>LOGDT019</logicalDatatype>
<dataTypePrecision>1</dataTypePrecision>
<ownDataTypeParameters>,,</ownDataTypeParameters>
</Attribute>
</attributes>
<identifiers itemClass="oracle.dbtools.crest.model.design.logical.CandidateKey">
<identifier id="87BE3837-D773-F25A-2A32-18B39B3AAE01" name="PACIENTE PK">
<createdBy>Lenovo</createdBy>
<createdTime>2025-09-13 03:13:39 UTC</createdTime>
<ownerDesignName>MBD_semana5</ownerDesignName>
<shouldEngineer>false</shouldEngineer>
<engineerTo>
<item key="948F8F69-E315-61EB-C970-9F675A6787BD" value="false"/>
</engineerTo>
<pk>true</pk>
<usedAttributes>
<attributeRef>B5431B68-411C-CB27-4BD0-F012A4A6C650</attributeRef>
</usedAttributes>
</identifier>
<identifier id="40AE206D-FF1E-F28D-6E07-D9F1D40C9108" name="UK_PACIENTE_RUT">
<createdBy>Lenovo</createdBy>
<createdTime>2025-09-15 01:20:17 UTC</createdTime>
<ownerDesignName>MBD_semana5</ownerDesignName>
<shouldEngineer>false</shouldEngineer>
<engineerTo>
<item key="948F8F69-E315-61EB-C970-9F675A6787BD" value="false"/>
</engineerTo>
<newElementsIDs>4531EBC7-C4F7-3533-E278-53DD1F92D466</newElementsIDs>
<usedAttributes>
<attributeRef>4531EBC7-C4F7-3533-E278-53DD1F92D466</attributeRef>
</usedAttributes>
</identifier>
<identifier id="21E6A690-E338-92B0-4CE8-5BF33D5E6C74" name="UK_PACIENTE_FECHA_NACIMIENTO">
<createdBy>Lenovo</createdBy>
<createdTime>2025-09-15 01:22:17 UTC</createdTime>
<ownerDesignName>MBD_semana5</ownerDesignName>
<shouldEngineer>false</shouldEngineer>
<engineerTo>
<item key="948F8F69-E315-61EB-C970-9F675A6787BD" value="false"/>
</engineerTo>
<newElementsIDs>E6A4DBED-0BC6-9473-893E-B8BB9E6E629A</newElementsIDs>
<usedAttributes>
<attributeRef>E6A4DBED-0BC6-9473-893E-B8BB9E6E629A</attributeRef>
</usedAttributes>
</identifier>
</identifiers>
</Entity>
