<?xml version = '1.0' encoding = 'UTF-8'?>
<Entity class="oracle.dbtools.crest.model.design.logical.Entity" directorySegmentName="seg_0" id="5A0B3C5C-96C9-1D0D-F5F8-8F66F30B9730" name="ATENCION">
<createdBy>Lenovo</createdBy>
<createdTime>2025-09-13 02:20:50 UTC</createdTime>
<ownerDesignName>MBD_semana5</ownerDesignName>
<engineerTo>
<item key="948F8F69-E315-61EB-C970-9F675A6787BD" value="true"/>
</engineerTo>
<adequatelyNormalized>NO</adequatelyNormalized>
<expectedVolumes>0</expectedVolumes>
<fwdEngineeringStrategyName>Single Table</fwdEngineeringStrategyName>
<growthPercent>0</growthPercent>
<growthType>Year</growthType>
<maxVolumes>9999999</maxVolumes>
<minVolumes>0</minVolumes>
<normalForm>Third</normalForm>
<attributes itemClass="oracle.dbtools.crest.model.design.logical.Attribute">
<Attribute name="id_atencion" id="A61C5472-DCBB-4B21-9DAE-D240916143F8">
<createdBy>Lenovo</createdBy>
<createdTime>2025-09-13 02:20:59 UTC</createdTime>
<ownerDesignName>MBD_semana5</ownerDesignName>
<engineerTo>
<item key="948F8F69-E315-61EB-C970-9F675A6787BD" value="true"/>
</engineerTo>
<useDomainConstraints>false</useDomainConstraints>
<use>1</use>
<logicalDatatype>LOGDT019</logicalDatatype>
<dataTypePrecision>7</dataTypePrecision>
<ownDataTypeParameters>,7,</ownDataTypeParameters>
</Attribute>
<Attribute name="fecha_atencion" id="78679082-BFEC-D4EA-B8B1-A210EF871944">
<createdBy>Lenovo</createdBy>
<createdTime>2025-09-13 02:22:22 UTC</createdTime>
<ownerDesignName>MBD_semana5</ownerDesignName>
<engineerTo>
<item key="948F8F69-E315-61EB-C970-9F675A6787BD" value="true"/>
</engineerTo>
<useDomainConstraints>false</useDomainConstraints>
<use>1</use>
<logicalDatatype>LOGDT007</logicalDatatype>
<ownDataTypeParameters>,,</ownDataTypeParameters>
</Attribute>
<Attribute name="hora_atencion" id="57299429-8C61-7D2F-27E1-A9EE1F47920A">
<createdBy>Lenovo</createdBy>
<createdTime>2025-09-15 01:41:12 UTC</createdTime>
<ownerDesignName>MBD_semana5</ownerDesignName>
<engineerTo>
<item key="948F8F69-E315-61EB-C970-9F675A6787BD" value="true"/>
</engineerTo>
<useDomainConstraints>false</useDomainConstraints>
<use>1</use>
<logicalDatatype>LOGDT024</logicalDatatype>
<dataTypeSize>5</dataTypeSize>
<ownDataTypeParameters>5,,</ownDataTypeParameters>
</Attribute>
<Attribute name="diagnostico" id="9431F13B-4673-4958-253E-8866B15A3E3D">
<createdBy>Lenovo</createdBy>
<createdTime>2025-09-15 01:42:32 UTC</createdTime>
<ownerDesignName>MBD_semana5</ownerDesignName>
<engineerTo>
<item key="948F8F69-E315-61EB-C970-9F675A6787BD" value="true"/>
</engineerTo>
<nullsAllowed>true</nullsAllowed>
<useDomainConstraints>false</useDomainConstraints>
<use>1</use>
<logicalDatatype>LOGDT024</logicalDatatype>
<dataTypeSize>30</dataTypeSize>
<ownDataTypeParameters>30,,</ownDataTypeParameters>
</Attribute>
<Attribute name="id_paciente" id="236BF2A0-D6A1-C6FF-5046-74BB848E3398">
<createdBy>Lenovo</createdBy>
<createdTime>2025-09-13 03:21:10 UTC</createdTime>
<generatorID>E3815E76-629A-D50C-7091-BFBCBF5B2DF6</generatorID>
<ownerDesignName>MBD_semana5</ownerDesignName>
<engineerTo>
<item key="948F8F69-E315-61EB-C970-9F675A6787BD" value="true"/>
</engineerTo>
<referedAttribute>B5431B68-411C-CB27-4BD0-F012A4A6C650</referedAttribute>
<useDomainConstraints>false</useDomainConstraints>
<use>1</use>
<logicalDatatype>LOGDT019</logicalDatatype>
<dataTypePrecision>7</dataTypePrecision>
<ownDataTypeParameters>,,</ownDataTypeParameters>
</Attribute>
<Attribute name="id_medico" id="4FC69EF2-B586-3414-173B-6354DB9C42F4">
<createdBy>Lenovo</createdBy>
<createdTime>2025-09-13 18:33:36 UTC</createdTime>
<generatorID>56810E3F-2016-7DA2-F60B-9CF4CBDC15F8</generatorID>
<ownerDesignName>MBD_semana5</ownerDesignName>
<engineerTo>
<item key="948F8F69-E315-61EB-C970-9F675A6787BD" value="true"/>
</engineerTo>
<referedAttribute>B6E66E7B-EA74-60C4-FD90-DACAC8465680</referedAttribute>
<useDomainConstraints>false</useDomainConstraints>
<use>1</use>
<logicalDatatype>LOGDT019</logicalDatatype>
<dataTypePrecision>4</dataTypePrecision>
<ownDataTypeParameters>,,</ownDataTypeParameters>
</Attribute>
<Attribute name="id_pago" id="B807A8EA-BB5A-1A54-31AC-1B02784ADE77">
<createdBy>Lenovo</createdBy>
<createdTime>2025-09-13 18:40:13 UTC</createdTime>
<generatorID>A4B3ECBC-FE35-18CF-7644-E1077595E113</generatorID>
<ownerDesignName>MBD_semana5</ownerDesignName>
<engineerTo>
<item key="948F8F69-E315-61EB-C970-9F675A6787BD" value="true"/>
</engineerTo>
<referedAttribute>A1E0E1C3-21ED-274B-841E-4AE9C424A4CE</referedAttribute>
<useDomainConstraints>false</useDomainConstraints>
<use>1</use>
<logicalDatatype>LOGDT019</logicalDatatype>
<dataTypePrecision>6</dataTypePrecision>
<ownDataTypeParameters>,,</ownDataTypeParameters>
</Attribute>
<Attribute name="id_atencion1" id="98B81BAC-5A4C-A353-AC60-1A94ED0A78E1">
<createdBy>Lenovo</createdBy>
<createdTime>2025-09-13 19:00:51 UTC</createdTime>
<generatorID>ECFFB00A-B45D-3E4F-45C6-6E32541D8C5C</generatorID>
<ownerDesignName>MBD_semana5</ownerDesignName>
<engineerTo>
<item key="948F8F69-E315-61EB-C970-9F675A6787BD" value="true"/>
</engineerTo>
<referedAttribute>11718EC6-18E2-3412-9522-E38007CF4B89</referedAttribute>
<useDomainConstraints>false</useDomainConstraints>
<use>1</use>
<logicalDatatype>LOGDT019</logicalDatatype>
<dataTypePrecision>1</dataTypePrecision>
<ownDataTypeParameters>,,</ownDataTypeParameters>
</Attribute>
<Attribute name="id_examen" id="05C01118-D50B-68FF-80A8-32601B4CFC78">
<createdBy>Lenovo</createdBy>
<createdTime>2025-09-15 01:50:32 UTC</createdTime>
<generatorID>712DD03F-58A8-60F0-E2F2-1400F6AE81F4</generatorID>
<ownerDesignName>MBD_semana5</ownerDesignName>
<engineerTo>
<item key="948F8F69-E315-61EB-C970-9F675A6787BD" value="true"/>
</engineerTo>
<referedAttribute>99801B7A-20C2-89ED-FEF5-C6D801F00303</referedAttribute>
<useDomainConstraints>false</useDomainConstraints>
<use>1</use>
<logicalDatatype>LOGDT019</logicalDatatype>
<dataTypePrecision>3</dataTypePrecision>
<ownDataTypeParameters>,,</ownDataTypeParameters>
</Attribute>
</attributes>
<identifiers itemClass="oracle.dbtools.crest.model.design.logical.CandidateKey">
<identifier id="36A06598-D519-A010-36AA-97A9A714A9F2" name="ATENCION PK">
<createdBy>Lenovo</createdBy>
<createdTime>2025-09-13 02:22:20 UTC</createdTime>
<ownerDesignName>MBD_semana5</ownerDesignName>
<shouldEngineer>false</shouldEngineer>
<engineerTo>
<item key="948F8F69-E315-61EB-C970-9F675A6787BD" value="false"/>
</engineerTo>
<pk>true</pk>
<usedAttributes>
<attributeRef>A61C5472-DCBB-4B21-9DAE-D240916143F8</attributeRef>
</usedAttributes>
</identifier>
</identifiers>
</Entity>
