<?xml version = '1.0' encoding = 'UTF-8'?>
<Entity class="oracle.dbtools.crest.model.design.logical.Entity" directorySegmentName="seg_0" id="79AC3CE2-5783-3429-46EA-A54D06BD521C" name="AFP">
<createdBy>Lenovo</createdBy>
<createdTime>2025-09-13 02:29:11 UTC</createdTime>
<ownerDesignName>MBD_semana5</ownerDesignName>
<engineerTo>
<item key="948F8F69-E315-61EB-C970-9F675A6787BD" value="true"/>
</engineerTo>
<adequatelyNormalized>NO</adequatelyNormalized>
<expectedVolumes>0</expectedVolumes>
<fwdEngineeringStrategyName>Single Table</fwdEngineeringStrategyName>
<growthPercent>0</growthPercent>
<growthType>Year</growthType>
<maxVolumes>9999999</maxVolumes>
<minVolumes>0</minVolumes>
<normalForm>Third</normalForm>
<attributes itemClass="oracle.dbtools.crest.model.design.logical.Attribute">
<Attribute name="id_afp" id="0789D48C-A601-DA62-8D64-3304729F2F93">
<createdBy>Lenovo</createdBy>
<createdTime>2025-09-13 02:29:18 UTC</createdTime>
<ownerDesignName>MBD_semana5</ownerDesignName>
<engineerTo>
<item key="948F8F69-E315-61EB-C970-9F675A6787BD" value="true"/>
</engineerTo>
<useDomainConstraints>false</useDomainConstraints>
<use>1</use>
<logicalDatatype>LOGDT019</logicalDatatype>
<dataTypePrecision>2</dataTypePrecision>
<ownDataTypeParameters>,2,</ownDataTypeParameters>
</Attribute>
<Attribute name="nombre_afp" id="662E4AF7-2B37-AAF6-BBC2-EB40A6B285DB">
<createdBy>Lenovo</createdBy>
<createdTime>2025-09-13 02:29:26 UTC</createdTime>
<ownerDesignName>MBD_semana5</ownerDesignName>
<engineerTo>
<item key="948F8F69-E315-61EB-C970-9F675A6787BD" value="true"/>
</engineerTo>
<useDomainConstraints>false</useDomainConstraints>
<use>1</use>
<logicalDatatype>LOGDT024</logicalDatatype>
<dataTypeSize>30</dataTypeSize>
<ownDataTypeParameters>30,,</ownDataTypeParameters>
</Attribute>
</attributes>
<identifiers itemClass="oracle.dbtools.crest.model.design.logical.CandidateKey">
<identifier id="51338BB4-0EB3-BCB7-8278-38FE3E9E4358" name="AFP PK">
<createdBy>Lenovo</createdBy>
<createdTime>2025-09-13 02:29:43 UTC</createdTime>
<ownerDesignName>MBD_semana5</ownerDesignName>
<shouldEngineer>false</shouldEngineer>
<engineerTo>
<item key="948F8F69-E315-61EB-C970-9F675A6787BD" value="false"/>
</engineerTo>
<pk>true</pk>
<usedAttributes>
<attributeRef>0789D48C-A601-DA62-8D64-3304729F2F93</attributeRef>
</usedAttributes>
</identifier>
</identifiers>
</Entity>
