<?xml version = '1.0' encoding = 'UTF-8'?>
<Entity class="oracle.dbtools.crest.model.design.logical.Entity" directorySegmentName="seg_0" id="7B0E6586-AA62-D365-FCB6-BE8E60DDFCC5" name="MEDICO">
<createdBy>Lenovo</createdBy>
<createdTime>2025-09-13 02:25:24 UTC</createdTime>
<ownerDesignName>MBD_semana5</ownerDesignName>
<engineerTo>
<item key="948F8F69-E315-61EB-C970-9F675A6787BD" value="true"/>
</engineerTo>
<adequatelyNormalized>NO</adequatelyNormalized>
<expectedVolumes>0</expectedVolumes>
<fwdEngineeringStrategyName>Single Table</fwdEngineeringStrategyName>
<growthPercent>0</growthPercent>
<growthType>Year</growthType>
<maxVolumes>9999999</maxVolumes>
<minVolumes>0</minVolumes>
<normalForm>Third</normalForm>
<attributes itemClass="oracle.dbtools.crest.model.design.logical.Attribute">
<Attribute name="id_medico" id="B6E66E7B-EA74-60C4-FD90-DACAC8465680">
<createdBy>Lenovo</createdBy>
<createdTime>2025-09-13 02:25:33 UTC</createdTime>
<ownerDesignName>MBD_semana5</ownerDesignName>
<engineerTo>
<item key="948F8F69-E315-61EB-C970-9F675A6787BD" value="true"/>
</engineerTo>
<useDomainConstraints>false</useDomainConstraints>
<use>1</use>
<logicalDatatype>LOGDT019</logicalDatatype>
<dataTypePrecision>4</dataTypePrecision>
<ownDataTypeParameters>,4,</ownDataTypeParameters>
</Attribute>
<Attribute name="rut_medico" id="4E218A82-B7F0-99A3-B6CD-373442D9C581">
<createdBy>Lenovo</createdBy>
<createdTime>2025-09-13 18:32:39 UTC</createdTime>
<ownerDesignName>MBD_semana5</ownerDesignName>
<engineerTo>
<item key="948F8F69-E315-61EB-C970-9F675A6787BD" value="true"/>
</engineerTo>
<useDomainConstraints>false</useDomainConstraints>
<use>1</use>
<logicalDatatype>LOGDT024</logicalDatatype>
<dataTypeSize>10</dataTypeSize>
<ownDataTypeParameters>10,,</ownDataTypeParameters>
</Attribute>
<Attribute name="nombre_medico" id="7F72722C-E0B1-ED23-DA77-0A912C310EA5">
<createdBy>Lenovo</createdBy>
<createdTime>2025-09-13 02:25:50 UTC</createdTime>
<ownerDesignName>MBD_semana5</ownerDesignName>
<engineerTo>
<item key="948F8F69-E315-61EB-C970-9F675A6787BD" value="true"/>
</engineerTo>
<useDomainConstraints>false</useDomainConstraints>
<use>1</use>
<logicalDatatype>LOGDT024</logicalDatatype>
<dataTypeSize>30</dataTypeSize>
<ownDataTypeParameters>30,,</ownDataTypeParameters>
</Attribute>
<Attribute name="fecha_ingreso_medico" id="5B2CF5A0-C7BA-7B6D-326F-7369F87358D1">
<createdBy>Lenovo</createdBy>
<createdTime>2025-09-13 02:26:11 UTC</createdTime>
<ownerDesignName>MBD_semana5</ownerDesignName>
<engineerTo>
<item key="948F8F69-E315-61EB-C970-9F675A6787BD" value="true"/>
</engineerTo>
<useDomainConstraints>false</useDomainConstraints>
<use>1</use>
<logicalDatatype>LOGDT007</logicalDatatype>
<ownDataTypeParameters>,,</ownDataTypeParameters>
</Attribute>
<Attribute name="id_especialidad" id="EDB31E2B-4F6C-E97C-ECD5-865F9FCBD3BD">
<createdBy>Lenovo</createdBy>
<createdTime>2025-09-13 03:10:04 UTC</createdTime>
<generatorID>04AC5615-D050-BA9A-1EAF-D38D5D2984A9</generatorID>
<ownerDesignName>MBD_semana5</ownerDesignName>
<engineerTo>
<item key="948F8F69-E315-61EB-C970-9F675A6787BD" value="true"/>
</engineerTo>
<referedAttribute>7328C7FF-811C-58ED-557E-294A576768A8</referedAttribute>
<useDomainConstraints>false</useDomainConstraints>
<use>1</use>
<logicalDatatype>LOGDT019</logicalDatatype>
<dataTypePrecision>3</dataTypePrecision>
<ownDataTypeParameters>,,</ownDataTypeParameters>
</Attribute>
<Attribute name="id_afp" id="01B66AAA-0335-0199-2CC9-0341B7A9CD55">
<createdBy>Lenovo</createdBy>
<createdTime>2025-09-13 03:10:15 UTC</createdTime>
<generatorID>64BE6AB8-4638-4167-A0EC-D19D9C6BB1CA</generatorID>
<ownerDesignName>MBD_semana5</ownerDesignName>
<engineerTo>
<item key="948F8F69-E315-61EB-C970-9F675A6787BD" value="true"/>
</engineerTo>
<referedAttribute>0789D48C-A601-DA62-8D64-3304729F2F93</referedAttribute>
<useDomainConstraints>false</useDomainConstraints>
<use>1</use>
<logicalDatatype>LOGDT019</logicalDatatype>
<dataTypePrecision>2</dataTypePrecision>
<ownDataTypeParameters>,,</ownDataTypeParameters>
</Attribute>
<Attribute name="id_medico1" id="99D22420-9F13-A935-3117-E52F415AC98C">
<createdBy>Lenovo</createdBy>
<createdTime>2025-09-13 03:11:26 UTC</createdTime>
<generatorID>397A22A5-D3D1-DCB2-8143-9DDE27BEA213</generatorID>
<ownerDesignName>MBD_semana5</ownerDesignName>
<engineerTo>
<item key="948F8F69-E315-61EB-C970-9F675A6787BD" value="true"/>
</engineerTo>
<nullsAllowed>true</nullsAllowed>
<referedAttribute>B6E66E7B-EA74-60C4-FD90-DACAC8465680</referedAttribute>
<useDomainConstraints>false</useDomainConstraints>
<use>1</use>
<logicalDatatype>LOGDT019</logicalDatatype>
<dataTypePrecision>4</dataTypePrecision>
<ownDataTypeParameters>,,</ownDataTypeParameters>
</Attribute>
<Attribute name="id_institucion" id="41FAEB7B-86CA-BB78-8A08-7DDCE8338850">
<createdBy>Lenovo</createdBy>
<createdTime>2025-09-13 19:06:14 UTC</createdTime>
<generatorID>1695F7E7-F448-BFBD-BE2B-F2E8488BB182</generatorID>
<ownerDesignName>MBD_semana5</ownerDesignName>
<engineerTo>
<item key="948F8F69-E315-61EB-C970-9F675A6787BD" value="true"/>
</engineerTo>
<referedAttribute>63EC4013-8678-139D-31D6-DD0CAEFBC168</referedAttribute>
<useDomainConstraints>false</useDomainConstraints>
<use>1</use>
<logicalDatatype>LOGDT019</logicalDatatype>
<dataTypePrecision>2</dataTypePrecision>
<ownDataTypeParameters>,,</ownDataTypeParameters>
</Attribute>
</attributes>
<identifiers itemClass="oracle.dbtools.crest.model.design.logical.CandidateKey">
<identifier id="48E41E2E-082C-7C34-E54B-4C757D4414E0" name="MEDICO PK">
<createdBy>Lenovo</createdBy>
<createdTime>2025-09-13 02:26:01 UTC</createdTime>
<ownerDesignName>MBD_semana5</ownerDesignName>
<shouldEngineer>false</shouldEngineer>
<engineerTo>
<item key="948F8F69-E315-61EB-C970-9F675A6787BD" value="false"/>
</engineerTo>
<pk>true</pk>
<usedAttributes>
<attributeRef>B6E66E7B-EA74-60C4-FD90-DACAC8465680</attributeRef>
</usedAttributes>
</identifier>
<identifier id="0BA498A8-DB40-63F4-4EFC-4E9676664E41" name="UK_MEDICO_RUTv1">
<createdBy>Lenovo</createdBy>
<createdTime>2025-09-15 01:21:43 UTC</createdTime>
<ownerDesignName>MBD_semana5</ownerDesignName>
<shouldEngineer>false</shouldEngineer>
<engineerTo>
<item key="948F8F69-E315-61EB-C970-9F675A6787BD" value="false"/>
</engineerTo>
<newElementsIDs>4E218A82-B7F0-99A3-B6CD-373442D9C581</newElementsIDs>
<usedAttributes>
<attributeRef>4E218A82-B7F0-99A3-B6CD-373442D9C581</attributeRef>
</usedAttributes>
</identifier>
</identifiers>
</Entity>
