<?xml version = '1.0' encoding = 'UTF-8'?>
<Entity class="oracle.dbtools.crest.model.design.logical.Entity" directorySegmentName="seg_0" id="C10E5305-634E-12FC-872E-45443BFB992A" name="GENERO">
<createdBy>Lenovo</createdBy>
<createdTime>2025-09-13 19:01:46 UTC</createdTime>
<ownerDesignName>MBD_semana5</ownerDesignName>
<engineerTo>
<item key="948F8F69-E315-61EB-C970-9F675A6787BD" value="true"/>
</engineerTo>
<adequatelyNormalized>NO</adequatelyNormalized>
<expectedVolumes>0</expectedVolumes>
<fwdEngineeringStrategyName>Single Table</fwdEngineeringStrategyName>
<growthPercent>0</growthPercent>
<growthType>Year</growthType>
<maxVolumes>9999999</maxVolumes>
<minVolumes>0</minVolumes>
<normalForm>Third</normalForm>
<attributes itemClass="oracle.dbtools.crest.model.design.logical.Attribute">
<Attribute name="id_genero" id="6B2C584D-6AB1-207A-58D0-9A6811A9F582">
<createdBy>Lenovo</createdBy>
<createdTime>2025-09-13 19:01:57 UTC</createdTime>
<ownerDesignName>MBD_semana5</ownerDesignName>
<engineerTo>
<item key="948F8F69-E315-61EB-C970-9F675A6787BD" value="true"/>
</engineerTo>
<useDomainConstraints>false</useDomainConstraints>
<use>1</use>
<logicalDatatype>LOGDT019</logicalDatatype>
<dataTypePrecision>1</dataTypePrecision>
<ownDataTypeParameters>,1,</ownDataTypeParameters>
</Attribute>
<Attribute name="nombre_genero" id="4E1A17A0-B979-3E23-0E81-7AF1FCAA4F97">
<createdBy>Lenovo</createdBy>
<createdTime>2025-09-13 19:02:02 UTC</createdTime>
<ownerDesignName>MBD_semana5</ownerDesignName>
<engineerTo>
<item key="948F8F69-E315-61EB-C970-9F675A6787BD" value="true"/>
</engineerTo>
<useDomainConstraints>false</useDomainConstraints>
<use>1</use>
<logicalDatatype>LOGDT024</logicalDatatype>
<dataTypeSize>10</dataTypeSize>
<ownDataTypeParameters>10,,</ownDataTypeParameters>
</Attribute>
</attributes>
<identifiers itemClass="oracle.dbtools.crest.model.design.logical.CandidateKey">
<identifier id="D09111CD-FB42-F37B-850C-02D7F908370F" name="GENERO PK">
<createdBy>Lenovo</createdBy>
<createdTime>2025-09-13 19:02:18 UTC</createdTime>
<ownerDesignName>MBD_semana5</ownerDesignName>
<shouldEngineer>false</shouldEngineer>
<engineerTo>
<item key="948F8F69-E315-61EB-C970-9F675A6787BD" value="false"/>
</engineerTo>
<pk>true</pk>
<usedAttributes>
<attributeRef>6B2C584D-6AB1-207A-58D0-9A6811A9F582</attributeRef>
</usedAttributes>
</identifier>
</identifiers>
</Entity>
