<?xml version = '1.0' encoding = 'UTF-8'?>
<Relation class="oracle.dbtools.crest.model.design.logical.Relation" name="Relation_4" directorySegmentName="seg_0" id="00498D82-6753-4790-B9BD-EE12A14CC7A3">
<createdBy>Lenovo</createdBy>
<createdTime>2025-08-30 01:50:46 UTC</createdTime>
<ownerDesignName>MBDsemana3Sumativa</ownerDesignName>
<engineerTo>
<item key="C8D99817-DD20-A114-F31D-FD9905DD71D1" value="true"/>
</engineerTo>
<sourcePk>4A5B5476-0BBC-7A42-2B69-B2A08B61FC92</sourcePk>
<identifying>false</identifying>
<optionalSource>false</optionalSource>
<optionalTarget>false</optionalTarget>
<sourceCardinality>1</sourceCardinality>
<sourceEntity>69F18A28-DDAD-0A25-D689-8F0D1AC0F6AB</sourceEntity>
<targetCardinalityString>*</targetCardinalityString>
<targetEntity>E2006AD0-D1E7-47B1-FA57-E1DC576895C5</targetEntity>
<transferable>true</transferable>
<deleteRule>NO ACTION</deleteRule>
</Relation>
