<?xml version = '1.0' encoding = 'UTF-8'?>
<Relation class="oracle.dbtools.crest.model.design.logical.Relation" name="Relation_12" directorySegmentName="seg_0" id="15978B93-5125-4667-0043-1149E4E36820">
<createdBy>Lenovo</createdBy>
<createdTime>2025-08-30 03:09:37 UTC</createdTime>
<ownerDesignName>MBDsemana3Sumativa</ownerDesignName>
<engineerTo>
<item key="C8D99817-DD20-A114-F31D-FD9905DD71D1" value="true"/>
</engineerTo>
<sourcePk>00EC29F1-9249-6CC8-0179-7518CD2D97A2</sourcePk>
<identifying>false</identifying>
<optionalSource>false</optionalSource>
<optionalTarget>false</optionalTarget>
<sourceCardinality>1</sourceCardinality>
<sourceEntity>75443EAB-6662-F816-E4D1-636332491087</sourceEntity>
<targetCardinalityString>*</targetCardinalityString>
<targetEntity>8CD2E131-3A0E-684F-D4DD-BF9890C2FBC8</targetEntity>
<transferable>true</transferable>
<deleteRule>NO ACTION</deleteRule>
</Relation>
