<?xml version = '1.0' encoding = 'UTF-8'?>
<Relation class="oracle.dbtools.crest.model.design.logical.Relation" name="Relation_9" directorySegmentName="seg_0" id="995ACD37-2BF4-6A40-7387-F9689B8E45E5">
<createdBy>Lenovo</createdBy>
<createdTime>2025-08-30 02:42:11 UTC</createdTime>
<ownerDesignName>MBDsemana3Sumativa</ownerDesignName>
<engineerTo>
<item key="C8D99817-DD20-A114-F31D-FD9905DD71D1" value="true"/>
</engineerTo>
<sourcePk>61BEFBFD-7EAE-E55C-07DD-5C41538D1635</sourcePk>
<identifying>false</identifying>
<optionalSource>false</optionalSource>
<optionalTarget>false</optionalTarget>
<sourceCardinality>1</sourceCardinality>
<sourceEntity>3367BFD3-FB54-5267-E4B1-DFD25B19D3BF</sourceEntity>
<targetCardinalityString>*</targetCardinalityString>
<targetEntity>D282CFD3-46D2-E3C4-9C30-E75D20875E0A</targetEntity>
<transferable>true</transferable>
<deleteRule>NO ACTION</deleteRule>
</Relation>
