<?xml version = '1.0' encoding = 'UTF-8'?>
<Relation class="oracle.dbtools.crest.model.design.logical.Relation" name="Relation_8" directorySegmentName="seg_0" id="AC0199CE-89BE-8BD6-7EEB-9A004ACA6333">
<createdBy>Lenovo</createdBy>
<createdTime>2025-09-01 14:46:17 UTC</createdTime>
<ownerDesignName>MBDsemana3Sumativa</ownerDesignName>
<engineerTo>
<item key="C8D99817-DD20-A114-F31D-FD9905DD71D1" value="true"/>
</engineerTo>
<sourcePk>B4E6C9DE-B669-71AC-9916-2B217F0D1267</sourcePk>
<identifying>false</identifying>
<optionalSource>false</optionalSource>
<optionalTarget>false</optionalTarget>
<sourceCardinality>1</sourceCardinality>
<sourceEntity>D282CFD3-46D2-E3C4-9C30-E75D20875E0A</sourceEntity>
<targetCardinalityString>*</targetCardinalityString>
<targetEntity>75443EAB-6662-F816-E4D1-636332491087</targetEntity>
<transferable>true</transferable>
<deleteRule>NO ACTION</deleteRule>
</Relation>
