<?xml version = '1.0' encoding = 'UTF-8'?>
<Relation class="oracle.dbtools.crest.model.design.logical.Relation" name="Relation_10" directorySegmentName="seg_0" id="BBBFD11D-FABC-FC49-B3E6-AD3CC677B6B1">
<createdBy>Lenovo</createdBy>
<createdTime>2025-08-30 02:46:35 UTC</createdTime>
<ownerDesignName>MBDsemana3Sumativa</ownerDesignName>
<engineerTo>
<item key="C8D99817-DD20-A114-F31D-FD9905DD71D1" value="true"/>
</engineerTo>
<sourcePk>61BEFBFD-7EAE-E55C-07DD-5C41538D1635</sourcePk>
<identifying>false</identifying>
<optionalSource>false</optionalSource>
<optionalTarget>false</optionalTarget>
<sourceCardinality>1</sourceCardinality>
<sourceEntity>3367BFD3-FB54-5267-E4B1-DFD25B19D3BF</sourceEntity>
<targetCardinalityString>*</targetCardinalityString>
<targetEntity>B71B08AB-4180-EE58-78D0-B162882114DD</targetEntity>
<transferable>true</transferable>
<deleteRule>NO ACTION</deleteRule>
</Relation>
