<?xml version = '1.0' encoding = 'UTF-8'?>
<Relation class="oracle.dbtools.crest.model.design.logical.Relation" name="Relation_11" directorySegmentName="seg_0" id="DF81B377-D68A-EFF2-A920-7002A37EBD84">
<createdBy>Lenovo</createdBy>
<createdTime>2025-09-02 00:51:49 UTC</createdTime>
<ownerDesignName>MBDsemana3Sumativa</ownerDesignName>
<engineerTo>
<item key="C8D99817-DD20-A114-F31D-FD9905DD71D1" value="true"/>
</engineerTo>
<targetPk>507418CA-C2D0-DE6A-462E-267C7ACE10B8</targetPk>
<identifying>false</identifying>
<optionalSource>true</optionalSource>
<optionalTarget>true</optionalTarget>
<sourceCardinality>1</sourceCardinality>
<sourceEntity>447E9FDA-755A-48B7-CC5A-43DE5C5BB9F2</sourceEntity>
<targetCardinalityString>*</targetCardinalityString>
<targetEntity>447E9FDA-755A-48B7-CC5A-43DE5C5BB9F2</targetEntity>
<transferable>true</transferable>
<deleteRule>NO ACTION</deleteRule>
</Relation>
