<?xml version = '1.0' encoding = 'UTF-8'?>
<Relation class="oracle.dbtools.crest.model.design.logical.Relation" name="Relation_13" directorySegmentName="seg_0" id="E6DF6D83-373B-84B4-DA5E-174E7A9E40F6">
<createdBy>Lenovo</createdBy>
<createdTime>2025-08-30 03:12:34 UTC</createdTime>
<ownerDesignName>MBDsemana3Sumativa</ownerDesignName>
<engineerTo>
<item key="C8D99817-DD20-A114-F31D-FD9905DD71D1" value="true"/>
</engineerTo>
<sourcePk>975E2A53-9738-2721-B7F8-B0DE15D864EB</sourcePk>
<identifying>false</identifying>
<optionalSource>false</optionalSource>
<optionalTarget>false</optionalTarget>
<sourceCardinality>1</sourceCardinality>
<sourceEntity>E2006AD0-D1E7-47B1-FA57-E1DC576895C5</sourceEntity>
<targetCardinalityString>*</targetCardinalityString>
<targetEntity>8CD2E131-3A0E-684F-D4DD-BF9890C2FBC8</targetEntity>
<transferable>true</transferable>
<deleteRule>NO ACTION</deleteRule>
</Relation>
