<?xml version = '1.0' encoding = 'UTF-8'?>
<Diagram class="oracle.dbtools.crest.swingui.relational.DPVRelationalSubView" name="From_LM_Logical - SubView_1" id="614265F1-8622-7642-AE2F-D3B78691A427">
<createdBy>Lenovo</createdBy>
<modifiedBy>Lenovo</modifiedBy>
<createdTime>2025-09-15 01:59:34 UTC</createdTime>
<autoRoute>false</autoRoute>
<boxInbox>true</boxInbox>
<showLegend>false</showLegend>
<showLabels>false</showLabels>
<showRelAttributes>false</showRelAttributes>
<gridEnabled>false</gridEnabled>
<showGrid>false</showGrid>
<diagramColor>-1</diagramColor>
<display>false</display>
<generatorId>DE1C586E-D488-D398-6E56-C2CF066B9C07</generatorId>
<notation>1</notation>
<objectViews>
<OView class="oracle.dbtools.crest.swingui.relational.TVTable" oid="F12FD811-3961-4A6F-FE5B-D9FAE4B9FF8D" otype="Table" vid="16118106-5478-D3DF-849D-2040C2977A8D">
<hideElementsInCurrentOnly>false</hideElementsInCurrentOnly>
<bounds x="1054" y="223" width="198" height="86"/>
<generatorID>42C6BA34-E52F-CEC8-0201-8F9596BC8B49</generatorID>
</OView>
</objectViews>
</Diagram>
