<?xml version = '1.0' encoding = 'UTF-8'?>
<Diagram class="oracle.dbtools.crest.swingui.relational.DPVRelational" name="Relational_1" id="79000C51-BEEB-C919-C1F6-D21155E3446A">
<createdBy>Lenovo</createdBy>
<modifiedBy>Lenovo</modifiedBy>
<createdTime>2025-09-13 02:30:20 UTC</createdTime>
<autoRoute>false</autoRoute>
<boxInbox>true</boxInbox>
<showLegend>false</showLegend>
<showLabels>false</showLabels>
<showRelAttributes>false</showRelAttributes>
<gridEnabled>false</gridEnabled>
<showGrid>false</showGrid>
<diagramColor>-1</diagramColor>
<display>false</display>
<notation>1</notation>
<objectViews>
<OView class="oracle.dbtools.crest.swingui.relational.TVTable" oid="0C568B6B-5F86-8182-B544-627573B77204" otype="Table" vid="D079C83A-AD8C-E117-2AC1-901B33C4163A">
<hideElementsInCurrentOnly>false</hideElementsInCurrentOnly>
<bounds x="1156" y="322" width="179" height="98"/>
</OView>
<OView class="oracle.dbtools.crest.swingui.relational.TVTable" oid="1A285FCB-95CC-5131-3E11-C5DCE757E4A1" otype="Table" vid="02C1E995-17DD-FB35-3B36-B50B5BDE3AC3">
<hideElementsInCurrentOnly>false</hideElementsInCurrentOnly>
<bounds x="1273" y="12" width="409" height="122"/>
</OView>
<OView class="oracle.dbtools.crest.swingui.relational.TVTable" oid="215DE979-4CF8-0CBA-EEA7-A190B38F0A3B" otype="Table" vid="1040F2C4-64AD-071B-0971-BC9D7FBF9D40">
<hideElementsInCurrentOnly>false</hideElementsInCurrentOnly>
<bounds x="1335" y="176" width="243" height="74"/>
</OView>
<OView class="oracle.dbtools.crest.swingui.relational.TVTable" oid="3CF6FA94-C184-2217-9407-D98BD4ACC7C4" otype="Table" vid="4E13C997-E57E-5827-CC81-F84A4B36684B">
<hideElementsInCurrentOnly>false</hideElementsInCurrentOnly>
<bounds x="457" y="1" width="256" height="102"/>
</OView>
<OView class="oracle.dbtools.crest.swingui.relational.TVTable" oid="560C62C0-0953-D822-C7EE-6C797F32F62B" otype="Table" vid="5D693235-F323-0013-3F90-C2727DA4E480">
<hideElementsInCurrentOnly>false</hideElementsInCurrentOnly>
<bounds x="34" y="2" width="342" height="234"/>
</OView>
<OView class="oracle.dbtools.crest.swingui.relational.TVTable" oid="640F6863-5CA2-1BFB-8FB7-0F656360429B" otype="Table" vid="F5F24C2B-D818-0D75-EB8D-08700C924D31">
<hideElementsInCurrentOnly>false</hideElementsInCurrentOnly>
<bounds x="1" y="248" width="238" height="74"/>
</OView>
<OView class="oracle.dbtools.crest.swingui.relational.TVTable" oid="7DF9A914-F843-54C0-0609-48817706FC86" otype="Table" vid="210C3782-ADC2-C71D-AACF-80460A78DC9B">
<hideElementsInCurrentOnly>false</hideElementsInCurrentOnly>
<bounds x="474" y="246" width="330" height="276"/>
</OView>
<OView class="oracle.dbtools.crest.swingui.relational.TVTable" oid="987524AF-48B3-D2E5-4DD0-F1048B74E640" otype="Table" vid="6899A2BF-E5F8-89E5-08A2-CA264551CC02">
<hideElementsInCurrentOnly>false</hideElementsInCurrentOnly>
<bounds x="1083" y="429" width="176" height="98"/>
</OView>
<OView class="oracle.dbtools.crest.swingui.relational.TVTable" oid="B127ED2B-9855-6FB2-E6FE-A5F3A8838473" otype="Table" vid="CF2CEEEF-3867-3E54-0220-087994108741">
<hideElementsInCurrentOnly>false</hideElementsInCurrentOnly>
<bounds x="853" y="6" width="353" height="248"/>
</OView>
<OView class="oracle.dbtools.crest.swingui.relational.TVTable" oid="B363BC9E-9FC0-6098-0652-DBDF5C1396DC" otype="Table" vid="DD2F01DA-6BDE-D95E-A1AD-DAC7C7DDF3FA">
<hideElementsInCurrentOnly>false</hideElementsInCurrentOnly>
<bounds x="884" y="387" width="128" height="74"/>
</OView>
<OView class="oracle.dbtools.crest.swingui.relational.TVTable" oid="B779E58B-C862-CDDF-B3AD-C2A6C4DFAD58" otype="Table" vid="AD5E8E53-66AB-E576-997B-286A8895D6C9">
<hideElementsInCurrentOnly>false</hideElementsInCurrentOnly>
<bounds x="534" y="141" width="219" height="74"/>
</OView>
<OView class="oracle.dbtools.crest.swingui.relational.TVTable" oid="D334CD14-6B53-F7A4-9885-BD778DF8D833" otype="Table" vid="8AD25C77-8CB0-BD01-62DD-98ECA3A0F102">
<hideElementsInCurrentOnly>false</hideElementsInCurrentOnly>
<bounds x="265" y="261" width="192" height="74"/>
</OView>
<OView class="oracle.dbtools.crest.swingui.relational.TVTable" oid="DAB20BBC-BFDC-9C81-1B1E-207E88D65EC0" otype="Table" vid="E3D8BFF5-4A21-25F6-780A-F8C23BEC12E2">
<hideElementsInCurrentOnly>false</hideElementsInCurrentOnly>
<bounds x="117" y="340" width="234" height="74"/>
</OView>
<OView class="oracle.dbtools.crest.swingui.relational.TVTable" oid="F12FD811-3961-4A6F-FE5B-D9FAE4B9FF8D" otype="Table" vid="9DC00357-C38C-2708-599D-1D0FE97CA0B1">
<hideElementsInCurrentOnly>false</hideElementsInCurrentOnly>
<bounds x="931" y="258" width="198" height="86"/>
</OView>
</objectViews>
<connectors>
<Connector class="oracle.dbtools.crest.swingui.relational.TVFKRelation" oid="31F37BA6-01D6-47CC-4967-D920CD245BC7" otype="FKIndexAssociation" vid_source="AD5E8E53-66AB-E576-997B-286A8895D6C9" vid_target="CF2CEEEF-3867-3E54-0220-087994108741">
<hideElementsInCurrentOnly>false</hideElementsInCurrentOnly>
<backgroundColor>-16777216</backgroundColor>
<lineWidth>1</lineWidth>
<points>
<point x="753" y="178"/>
<point x="810" y="136"/>
</points>
</Connector>
<Connector class="oracle.dbtools.crest.swingui.relational.TVFKRelation" oid="3EF161CB-9A9E-B521-D393-53CEA169C0BA" otype="FKIndexAssociation" vid_source="02C1E995-17DD-FB35-3B36-B50B5BDE3AC3" vid_target="CF2CEEEF-3867-3E54-0220-087994108741">
<hideElementsInCurrentOnly>false</hideElementsInCurrentOnly>
<backgroundColor>-16777216</backgroundColor>
<lineWidth>1</lineWidth>
<points>
<point x="1273" y="65"/>
<point x="810" y="65"/>
</points>
</Connector>
<Connector class="oracle.dbtools.crest.swingui.relational.TVFKRelation" oid="648C2DC2-B1B0-CD60-DEDB-2B22FB7C4ADA" otype="FKIndexAssociation" vid_source="E3D8BFF5-4A21-25F6-780A-F8C23BEC12E2" vid_target="5D693235-F323-0013-3F90-C2727DA4E480">
<hideElementsInCurrentOnly>false</hideElementsInCurrentOnly>
<backgroundColor>-16777216</backgroundColor>
<lineWidth>1</lineWidth>
<points>
<point x="249" y="340"/>
<point x="249" y="236"/>
</points>
</Connector>
<Connector class="oracle.dbtools.crest.swingui.relational.TVFKRelation" oid="6D29EBA6-0459-385B-F6A7-4EED2C7AE248" otype="FKIndexAssociation" vid_source="6899A2BF-E5F8-89E5-08A2-CA264551CC02" vid_target="DD2F01DA-6BDE-D95E-A1AD-DAC7C7DDF3FA">
<hideElementsInCurrentOnly>false</hideElementsInCurrentOnly>
<backgroundColor>-16777216</backgroundColor>
<lineWidth>1</lineWidth>
<points>
<point x="1083" y="445"/>
<point x="1012" y="445"/>
</points>
</Connector>
<Connector class="oracle.dbtools.crest.swingui.relational.TVFKRelation" oid="6D74361F-E3EE-5841-1973-D82C67F77DCF" otype="FKIndexAssociation" vid_source="210C3782-ADC2-C71D-AACF-80460A78DC9B" vid_target="CF2CEEEF-3867-3E54-0220-087994108741">
<hideElementsInCurrentOnly>false</hideElementsInCurrentOnly>
<backgroundColor>-16777216</backgroundColor>
<lineWidth>1</lineWidth>
<points>
<point x="804" y="250"/>
<point x="810" y="136"/>
</points>
</Connector>
<Connector class="oracle.dbtools.crest.swingui.relational.TVFKRelation" oid="84D3B774-C105-80EA-24FA-FB1B32AEB6CA" otype="FKIndexAssociation" vid_source="DD2F01DA-6BDE-D95E-A1AD-DAC7C7DDF3FA" vid_target="210C3782-ADC2-C71D-AACF-80460A78DC9B">
<hideElementsInCurrentOnly>false</hideElementsInCurrentOnly>
<backgroundColor>-16777216</backgroundColor>
<lineWidth>1</lineWidth>
<points>
<point x="884" y="424"/>
<point x="804" y="424"/>
</points>
</Connector>
<Connector class="oracle.dbtools.crest.swingui.relational.TVFKRelation" oid="8E8031AE-70A4-D1E5-B5BB-F16D28B84994" otype="FKIndexAssociation" vid_source="F5F24C2B-D818-0D75-EB8D-08700C924D31" vid_target="5D693235-F323-0013-3F90-C2727DA4E480">
<hideElementsInCurrentOnly>false</hideElementsInCurrentOnly>
<backgroundColor>-16777216</backgroundColor>
<lineWidth>1</lineWidth>
<points>
<point x="136" y="248"/>
<point x="136" y="236"/>
</points>
</Connector>
<Connector class="oracle.dbtools.crest.swingui.relational.TVFKRelation" oid="98F502BB-6B52-147B-60DB-60331C2562E3" otype="FKIndexAssociation" vid_source="D079C83A-AD8C-E117-2AC1-901B33C4163A" vid_target="210C3782-ADC2-C71D-AACF-80460A78DC9B">
<hideElementsInCurrentOnly>false</hideElementsInCurrentOnly>
<backgroundColor>-16777216</backgroundColor>
<lineWidth>1</lineWidth>
<points>
<point x="1156" y="371"/>
<point x="804" y="371"/>
</points>
</Connector>
<Connector class="oracle.dbtools.crest.swingui.relational.TVFKRelation" oid="99E29A80-12AD-90F7-4FCA-C7F0B023D7E4" otype="FKIndexAssociation" vid_source="4E13C997-E57E-5827-CC81-F84A4B36684B" vid_target="CF2CEEEF-3867-3E54-0220-087994108741">
<hideElementsInCurrentOnly>false</hideElementsInCurrentOnly>
<backgroundColor>-16777216</backgroundColor>
<lineWidth>1</lineWidth>
<points>
<point x="713" y="54"/>
<point x="810" y="54"/>
</points>
</Connector>
<Connector class="oracle.dbtools.crest.swingui.relational.TVFKRelation" oid="A81AAA00-9C48-F2FF-2E93-F020CCE23599" otype="FKIndexAssociation" vid_source="1040F2C4-64AD-071B-0971-BC9D7FBF9D40" vid_target="02C1E995-17DD-FB35-3B36-B50B5BDE3AC3">
<hideElementsInCurrentOnly>false</hideElementsInCurrentOnly>
<backgroundColor>-16777216</backgroundColor>
<lineWidth>1</lineWidth>
<points>
<point x="1443" y="176"/>
<point x="1443" y="134"/>
</points>
</Connector>
<Connector class="oracle.dbtools.crest.swingui.relational.TVFKRelation" oid="A81BE0D1-4CFC-D034-16BC-BED6DF0296AC" otype="FKIndexAssociation" vid_source="5D693235-F323-0013-3F90-C2727DA4E480" vid_target="CF2CEEEF-3867-3E54-0220-087994108741">
<hideElementsInCurrentOnly>false</hideElementsInCurrentOnly>
<backgroundColor>-16777216</backgroundColor>
<lineWidth>1</lineWidth>
<points>
<point x="376" y="121"/>
<point x="810" y="121"/>
</points>
</Connector>
<Connector class="oracle.dbtools.crest.swingui.relational.TVFKRelation" oid="C9E5C826-1BB5-9CD4-72FF-CDB6720402F3" otype="FKIndexAssociation" vid_source="9DC00357-C38C-2708-599D-1D0FE97CA0B1" vid_target="210C3782-ADC2-C71D-AACF-80460A78DC9B">
<hideElementsInCurrentOnly>false</hideElementsInCurrentOnly>
<backgroundColor>-16777216</backgroundColor>
<lineWidth>1</lineWidth>
<points>
<point x="931" y="301"/>
<point x="804" y="301"/>
</points>
</Connector>
<Connector class="oracle.dbtools.crest.swingui.relational.TVFKRelation" oid="DBD7E95C-14AF-F5D8-627A-401AB2A143F7" otype="FKIndexAssociation" vid_source="8AD25C77-8CB0-BD01-62DD-98ECA3A0F102" vid_target="5D693235-F323-0013-3F90-C2727DA4E480">
<hideElementsInCurrentOnly>false</hideElementsInCurrentOnly>
<backgroundColor>-16777216</backgroundColor>
<lineWidth>1</lineWidth>
<points>
<point x="320" y="261"/>
<point x="320" y="236"/>
</points>
</Connector>
<Connector class="oracle.dbtools.crest.swingui.relational.TVFKRelation" oid="EE7B3EF4-A1C5-AA89-F267-3DC337E7E73C" otype="FKIndexAssociation" vid_source="5D693235-F323-0013-3F90-C2727DA4E480" vid_target="5D693235-F323-0013-3F90-C2727DA4E480">
<hideElementsInCurrentOnly>false</hideElementsInCurrentOnly>
<backgroundColor>-16777216</backgroundColor>
<lineWidth>1</lineWidth>
<points>
<point x="282" y="2"/>
<point x="282" y="8"/>
<point x="282" y="58"/>
<point x="282" y="61"/>
<point x="282" y="2"/>
</points>
</Connector>
</connectors>
</Diagram>
