<?xml version = '1.0' encoding = 'UTF-8'?>
<Diagram class="oracle.dbtools.crest.swingui.relational.DPVRelationalSubView" name="From_LM_Logical - SubView_2" id="D01AC1A0-173C-E335-C533-53951D7D6554">
<createdBy>Lenovo</createdBy>
<modifiedBy>Lenovo</modifiedBy>
<createdTime>2025-09-15 01:59:34 UTC</createdTime>
<autoRoute>false</autoRoute>
<boxInbox>true</boxInbox>
<showLegend>false</showLegend>
<showLabels>false</showLabels>
<showRelAttributes>false</showRelAttributes>
<gridEnabled>false</gridEnabled>
<showGrid>false</showGrid>
<diagramColor>-1</diagramColor>
<display>false</display>
<generatorId>4778D7FD-CAE4-51CF-9BE3-7FB7D91C262B</generatorId>
<notation>1</notation>
<objectViews>
<OView class="oracle.dbtools.crest.swingui.relational.TVTable" oid="F12FD811-3961-4A6F-FE5B-D9FAE4B9FF8D" otype="Table" vid="E2460312-FE81-A67D-F812-3D704A97D0AD">
<hideElementsInCurrentOnly>false</hideElementsInCurrentOnly>
<bounds x="1054" y="223" width="198" height="86"/>
<generatorID>A007491F-87A6-BCAB-F082-F6D42B61AAEA</generatorID>
</OView>
</objectViews>
</Diagram>
