<?xml version = '1.0' encoding = 'UTF-8'?>
<Table class="oracle.dbtools.crest.model.design.relational.Table" directorySegmentName="seg_0" id="0041A042-ED74-EB5A-3166-FC1CB8090479" name="SALUD">
<createdBy>Lenovo</createdBy>
<createdTime>2025-10-10 23:31:30 UTC</createdTime>
<generatorID>1BCB34DC-96EA-3C61-E781-DB4CD3165676</generatorID>
<ownerDesignName>notacionrelacionalS9</ownerDesignName>
<allowColumnReorder>false</allowColumnReorder>
<existDependencyGenerateInDDl>true</existDependencyGenerateInDDl>
<parsed>true</parsed>
<columns itemClass="oracle.dbtools.crest.model.design.relational.Column">
<Column name="id_salud" id="0236F93A-3AD3-0F53-283C-6EAE43C86FD3">
<createdBy>Lenovo</createdBy>
<createdTime>2025-10-10 23:31:30 UTC</createdTime>
<generatorID>8877160E-7ECD-2179-694F-1FC99BE15443</generatorID>
<ownerDesignName>notacionrelacionalS9</ownerDesignName>
<useDomainConstraints>false</useDomainConstraints>
<use>1</use>
<logicalDatatype>LOGDT019</logicalDatatype>
<dataTypePrecision>2</dataTypePrecision>
<ownDataTypeParameters>,2,</ownDataTypeParameters>
<autoIncrementCycle>false</autoIncrementCycle>
</Column>
<Column name="nom_salud" id="233EAC9B-A571-D2EA-4DFB-438E6BE34CAE">
<createdBy>Lenovo</createdBy>
<createdTime>2025-10-10 23:31:30 UTC</createdTime>
<generatorID>046DEDDA-1A82-2548-B0DB-333F70C96E65</generatorID>
<ownerDesignName>notacionrelacionalS9</ownerDesignName>
<useDomainConstraints>false</useDomainConstraints>
<use>1</use>
<logicalDatatype>LOGDT024</logicalDatatype>
<dataTypeSize>15</dataTypeSize>
<ownDataTypeParameters>15,,</ownDataTypeParameters>
<autoIncrementCycle>false</autoIncrementCycle>
</Column>
</columns>
<indexes itemClass="oracle.dbtools.crest.model.design.relational.Index">
<ind_PK_UK id="2BB15B38-080B-E258-26C7-EFDE7C75C5AF" name="SALUD_PK">
<createdBy>Lenovo</createdBy>
<createdTime>2025-10-10 23:31:30 UTC</createdTime>
<generatorID>2A140FD6-9FF9-1F27-7DE7-F70F41854612</generatorID>
<ownerDesignName>notacionrelacionalS9</ownerDesignName>
<pk>true</pk>
<indexState>Primary Constraint</indexState>
<isSurrogateKey>false</isSurrogateKey>
<indexColumnUsage>
<colUsage columnID="0236F93A-3AD3-0F53-283C-6EAE43C86FD3"/>
</indexColumnUsage>
</ind_PK_UK>
</indexes>
</Table>
