<?xml version = '1.0' encoding = 'UTF-8'?>
<Table class="oracle.dbtools.crest.model.design.relational.Table" directorySegmentName="seg_0" id="49A0ACEB-13C5-A16E-403C-628F4544DB10" name="AFP">
<createdBy>Lenovo</createdBy>
<createdTime>2025-10-10 23:31:30 UTC</createdTime>
<generatorID>A7336FDA-FB60-9D73-36DF-25718A2DB9E2</generatorID>
<ownerDesignName>notacionrelacionalS9</ownerDesignName>
<allowColumnReorder>false</allowColumnReorder>
<existDependencyGenerateInDDl>true</existDependencyGenerateInDDl>
<parsed>true</parsed>
<columns itemClass="oracle.dbtools.crest.model.design.relational.Column">
<Column name="id_afp" id="A3FA5CA7-C1C0-AF80-D03B-E8C1FCB2203C">
<createdBy>Lenovo</createdBy>
<createdTime>2025-10-10 23:31:30 UTC</createdTime>
<generatorID>4F6AE43A-2238-70B7-B9B6-623C7672484A</generatorID>
<ownerDesignName>notacionrelacionalS9</ownerDesignName>
<useDomainConstraints>false</useDomainConstraints>
<use>1</use>
<logicalDatatype>LOGDT019</logicalDatatype>
<dataTypePrecision>2</dataTypePrecision>
<ownDataTypeParameters>,2,</ownDataTypeParameters>
<autoIncrementCycle>false</autoIncrementCycle>
</Column>
<Column name="nom_afp" id="3C92EF12-ACF8-9B9D-03FA-9F5C8CA1E315">
<createdBy>Lenovo</createdBy>
<createdTime>2025-10-10 23:31:30 UTC</createdTime>
<generatorID>05469BE1-CCE1-7AE3-9B51-798D7B347812</generatorID>
<ownerDesignName>notacionrelacionalS9</ownerDesignName>
<useDomainConstraints>false</useDomainConstraints>
<use>1</use>
<logicalDatatype>LOGDT024</logicalDatatype>
<dataTypeSize>10</dataTypeSize>
<ownDataTypeParameters>10,,</ownDataTypeParameters>
<autoIncrementCycle>false</autoIncrementCycle>
</Column>
</columns>
<indexes itemClass="oracle.dbtools.crest.model.design.relational.Index">
<ind_PK_UK id="59DCF888-901A-6882-D54C-59519DB439BA" name="AFP_PK">
<createdBy>Lenovo</createdBy>
<createdTime>2025-10-10 23:31:30 UTC</createdTime>
<generatorID>9C9D76F7-2371-57D1-E6E9-83C019602E13</generatorID>
<ownerDesignName>notacionrelacionalS9</ownerDesignName>
<pk>true</pk>
<indexState>Primary Constraint</indexState>
<isSurrogateKey>false</isSurrogateKey>
<indexColumnUsage>
<colUsage columnID="A3FA5CA7-C1C0-AF80-D03B-E8C1FCB2203C"/>
</indexColumnUsage>
</ind_PK_UK>
</indexes>
</Table>
