<?xml version = '1.0' encoding = 'UTF-8'?>
<Table class="oracle.dbtools.crest.model.design.relational.Table" directorySegmentName="seg_0" id="BC73E3BA-C650-B4B0-DCDD-6EB52F47539E" name="TECN_MANTENCION">
<createdBy>Lenovo</createdBy>
<createdTime>2025-10-10 23:31:30 UTC</createdTime>
<generatorID>BDA0A83F-D5DF-AE38-BE96-C387EC4CA98C</generatorID>
<ownerDesignName>notacionrelacionalS9</ownerDesignName>
<allowColumnReorder>false</allowColumnReorder>
<existDependencyGenerateInDDl>true</existDependencyGenerateInDDl>
<parsed>true</parsed>
<columns itemClass="oracle.dbtools.crest.model.design.relational.Column">
<Column name="id_personal" id="6A4C2EA9-1D7C-67E8-ED5E-416FA17E9A4A">
<createdBy>Lenovo</createdBy>
<createdTime>2025-10-10 23:31:30 UTC</createdTime>
<generatorID>3283B69F-426F-776E-B050-FEE410210E46</generatorID>
<ownerDesignName>notacionrelacionalS9</ownerDesignName>
<useDomainConstraints>false</useDomainConstraints>
<use>1</use>
<logicalDatatype>LOGDT019</logicalDatatype>
<dataTypePrecision>3</dataTypePrecision>
<ownDataTypeParameters>,,</ownDataTypeParameters>
<autoIncrementCycle>false</autoIncrementCycle>
<associations>
<colAssociation fkAssociation="E5482A70-764D-6357-7F4E-A97FBE355173" referredColumn="01E109AE-8C75-18B2-F365-8317CA52F6A7"/>
</associations>
</Column>
<Column name="especialidad" id="19522C2A-6EC3-A8DB-340D-F8C8E81CAB50">
<createdBy>Lenovo</createdBy>
<createdTime>2025-10-10 23:31:30 UTC</createdTime>
<generatorID>8F59D180-2722-EA36-E7FF-600171AC77B4</generatorID>
<ownerDesignName>notacionrelacionalS9</ownerDesignName>
<useDomainConstraints>false</useDomainConstraints>
<use>1</use>
<logicalDatatype>LOGDT024</logicalDatatype>
<dataTypeSize>20</dataTypeSize>
<ownDataTypeParameters>20,,</ownDataTypeParameters>
<autoIncrementCycle>false</autoIncrementCycle>
</Column>
<Column name="niv_certificacion" id="C8E4C0EF-E360-5A99-F553-7CB5E39518FD">
<createdBy>Lenovo</createdBy>
<createdTime>2025-10-10 23:31:30 UTC</createdTime>
<generatorID>D1B6EDFE-E471-113B-BE97-FAEE6F7B8621</generatorID>
<ownerDesignName>notacionrelacionalS9</ownerDesignName>
<nullsAllowed>true</nullsAllowed>
<useDomainConstraints>false</useDomainConstraints>
<use>1</use>
<logicalDatatype>LOGDT024</logicalDatatype>
<dataTypeSize>10</dataTypeSize>
<ownDataTypeParameters>10,,</ownDataTypeParameters>
<autoIncrementCycle>false</autoIncrementCycle>
</Column>
<Column name="t_resp_estandar" id="F7FD3AB8-0FBE-C5D5-ADC3-2BFB65D5EA20">
<createdBy>Lenovo</createdBy>
<createdTime>2025-10-10 23:31:30 UTC</createdTime>
<generatorID>5177C546-D300-0400-ECE0-3F45412D2A52</generatorID>
<ownerDesignName>notacionrelacionalS9</ownerDesignName>
<useDomainConstraints>false</useDomainConstraints>
<use>1</use>
<logicalDatatype>LOGDT024</logicalDatatype>
<dataTypeSize>8</dataTypeSize>
<ownDataTypeParameters>8,,</ownDataTypeParameters>
<autoIncrementCycle>false</autoIncrementCycle>
</Column>
</columns>
<indexes itemClass="oracle.dbtools.crest.model.design.relational.Index">
<ind_PK_UK id="6682E5AF-5589-1745-5EA3-3014E863EDFB" name="TECN_MANTENCION_PK">
<createdBy>Lenovo</createdBy>
<createdTime>2025-10-10 23:31:30 UTC</createdTime>
<generatorID>2C3B876A-6BF0-21F9-41ED-0EA1F0CE1733</generatorID>
<ownerDesignName>notacionrelacionalS9</ownerDesignName>
<pk>true</pk>
<indexState>Primary Constraint</indexState>
<isSurrogateKey>false</isSurrogateKey>
<indexColumnUsage>
<colUsage columnID="6A4C2EA9-1D7C-67E8-ED5E-416FA17E9A4A"/>
</indexColumnUsage>
</ind_PK_UK>
<ind_PK_UK id="1EA64C6B-A43E-1939-54B8-0216D475504A" name="TECN_MANTENCION_PERSONAL_FK">
<createdBy>Lenovo</createdBy>
<createdTime>2025-10-10 23:31:30 UTC</createdTime>
<generatorID>ADA3DC23-634A-48F7-7453-BB77C46D9065</generatorID>
<ownerDesignName>notacionrelacionalS9</ownerDesignName>
<indexState>Foreign Key</indexState>
<isSurrogateKey>false</isSurrogateKey>
<indexColumnUsage>
<colUsage columnID="6A4C2EA9-1D7C-67E8-ED5E-416FA17E9A4A"/>
</indexColumnUsage>
</ind_PK_UK>
</indexes>
</Table>
