<?xml version = '1.0' encoding = 'UTF-8'?>
<Table class="oracle.dbtools.crest.model.design.relational.Table" directorySegmentName="seg_0" id="D75DCDCE-BCA9-8273-5823-EE4864B15ED6" name="PLANTA">
<createdBy>Lenovo</createdBy>
<createdTime>2025-10-10 23:31:30 UTC</createdTime>
<generatorID>2B96F064-DAA0-1855-AB20-4FAFA9B9CA8F</generatorID>
<ownerDesignName>notacionrelacionalS9</ownerDesignName>
<allowColumnReorder>false</allowColumnReorder>
<existDependencyGenerateInDDl>true</existDependencyGenerateInDDl>
<parsed>true</parsed>
<columns itemClass="oracle.dbtools.crest.model.design.relational.Column">
<Column name="id_planta" id="99793D71-27A2-4697-4E69-31B840C0FD85">
<createdBy>Lenovo</createdBy>
<createdTime>2025-10-10 23:31:30 UTC</createdTime>
<generatorID>208638B0-CA7B-7337-5605-5AAD67691B4B</generatorID>
<ownerDesignName>notacionrelacionalS9</ownerDesignName>
<useDomainConstraints>false</useDomainConstraints>
<use>1</use>
<logicalDatatype>LOGDT019</logicalDatatype>
<dataTypePrecision>3</dataTypePrecision>
<ownDataTypeParameters>,3,</ownDataTypeParameters>
<autoIncrementCycle>false</autoIncrementCycle>
</Column>
<Column name="nom_planta" id="6609B9BE-E5AC-E3AD-C7D4-E4EBE9F5B915">
<createdBy>Lenovo</createdBy>
<createdTime>2025-10-10 23:31:30 UTC</createdTime>
<generatorID>E51DD7A6-69E0-3177-6A47-720A06665F89</generatorID>
<ownerDesignName>notacionrelacionalS9</ownerDesignName>
<useDomainConstraints>false</useDomainConstraints>
<use>1</use>
<logicalDatatype>LOGDT024</logicalDatatype>
<dataTypeSize>20</dataTypeSize>
<ownDataTypeParameters>20,,</ownDataTypeParameters>
<autoIncrementCycle>false</autoIncrementCycle>
</Column>
<Column name="direccion" id="9C1469EF-F0D5-FE90-866A-7E444CFD55E7">
<createdBy>Lenovo</createdBy>
<createdTime>2025-10-10 23:31:30 UTC</createdTime>
<generatorID>0CA19658-2B61-6DBF-EC50-64443D1EEB8C</generatorID>
<ownerDesignName>notacionrelacionalS9</ownerDesignName>
<useDomainConstraints>false</useDomainConstraints>
<use>1</use>
<logicalDatatype>LOGDT024</logicalDatatype>
<dataTypeSize>40</dataTypeSize>
<ownDataTypeParameters>40,,</ownDataTypeParameters>
<autoIncrementCycle>false</autoIncrementCycle>
</Column>
<Column name="cod_comuna" id="5A269DDE-2537-F076-FF18-8FBD75F419F7">
<createdBy>Lenovo</createdBy>
<createdTime>2025-10-10 23:31:30 UTC</createdTime>
<generatorID>CA6DA4D9-919D-FAEE-EC1C-806F9FEA051E</generatorID>
<ownerDesignName>notacionrelacionalS9</ownerDesignName>
<useDomainConstraints>false</useDomainConstraints>
<use>1</use>
<logicalDatatype>LOGDT019</logicalDatatype>
<dataTypePrecision>3</dataTypePrecision>
<ownDataTypeParameters>,,</ownDataTypeParameters>
<previousColumn>false</previousColumn>
<autoIncrementCycle>false</autoIncrementCycle>
<associations>
<colAssociation fkAssociation="BD55D609-7869-79E6-DD9D-FAB3A66487BB" referredColumn="A87BCA9A-58E9-3619-A333-562F55ABE3BA"/>
</associations>
</Column>
</columns>
<indexes itemClass="oracle.dbtools.crest.model.design.relational.Index">
<ind_PK_UK id="EAFD73EE-F693-F6BC-B519-BACD8DC1FAE8" name="PLANTA_PK">
<createdBy>Lenovo</createdBy>
<createdTime>2025-10-10 23:31:30 UTC</createdTime>
<generatorID>E8DE7D5B-D955-FB7A-CCE7-BAC34175A84C</generatorID>
<ownerDesignName>notacionrelacionalS9</ownerDesignName>
<pk>true</pk>
<indexState>Primary Constraint</indexState>
<isSurrogateKey>false</isSurrogateKey>
<indexColumnUsage>
<colUsage columnID="99793D71-27A2-4697-4E69-31B840C0FD85"/>
</indexColumnUsage>
</ind_PK_UK>
<ind_PK_UK id="99B71E59-A1FD-E83C-306A-A6D4812F9C1A" name="PLANTA_COMUNA_FK">
<createdBy>Lenovo</createdBy>
<createdTime>2025-10-10 23:31:30 UTC</createdTime>
<generatorID>3251ECA3-0523-EFA2-90B2-5A01338D0462</generatorID>
<ownerDesignName>notacionrelacionalS9</ownerDesignName>
<indexState>Foreign Key</indexState>
<isSurrogateKey>false</isSurrogateKey>
<indexColumnUsage>
<colUsage columnID="5A269DDE-2537-F076-FF18-8FBD75F419F7"/>
</indexColumnUsage>
</ind_PK_UK>
</indexes>
</Table>
