<?xml version = '1.0' encoding = 'UTF-8'?>
<Relation class="oracle.dbtools.crest.model.design.logical.Relation" name="Relation_3" directorySegmentName="seg_0" id="04AC5615-D050-BA9A-1EAF-D38D5D2984A9">
<createdBy>Lenovo</createdBy>
<createdTime>2025-09-13 03:10:04 UTC</createdTime>
<ownerDesignName>MBD_semana5</ownerDesignName>
<engineerTo>
<item key="948F8F69-E315-61EB-C970-9F675A6787BD" value="true"/>
</engineerTo>
<sourcePk>6C5D9C39-5FA6-A281-89B7-CE02E42DB89B</sourcePk>
<identifying>false</identifying>
<optionalSource>false</optionalSource>
<optionalTarget>false</optionalTarget>
<sourceCardinality>1</sourceCardinality>
<sourceEntity>FFE85502-DB98-DC73-79C1-0B9EB9C111B2</sourceEntity>
<targetCardinalityString>*</targetCardinalityString>
<targetEntity>7B0E6586-AA62-D365-FCB6-BE8E60DDFCC5</targetEntity>
<transferable>true</transferable>
<deleteRule>NO ACTION</deleteRule>
</Relation>