<?xml version = '1.0' encoding = 'UTF-8'?>
<Relation class="oracle.dbtools.crest.model.design.logical.Relation" name="Relation_17" directorySegmentName="seg_0" id="1695F7E7-F448-BFBD-BE2B-F2E8488BB182">
<createdBy>Lenovo</createdBy>
<createdTime>2025-09-13 19:06:14 UTC</createdTime>
<ownerDesignName>MBD_semana5</ownerDesignName>
<engineerTo>
<item key="948F8F69-E315-61EB-C970-9F675A6787BD" value="true"/>
</engineerTo>
<sourcePk>7F60A46D-92CD-6F3B-5049-38B031992965</sourcePk>
<identifying>false</identifying>
<optionalSource>false</optionalSource>
<optionalTarget>false</optionalTarget>
<sourceCardinality>1</sourceCardinality>
<sourceEntity>B8363FD3-771D-2A88-4DFA-B11ABC799C93</sourceEntity>
<targetCardinalityString>*</targetCardinalityString>
<targetEntity>7B0E6586-AA62-D365-FCB6-BE8E60DDFCC5</targetEntity>
<transferable>true</transferable>
<deleteRule>NO ACTION</deleteRule>
</Relation>
