<?xml version = '1.0' encoding = 'UTF-8'?>
<Relation class="oracle.dbtools.crest.model.design.logical.Relation" name="Relation_15" directorySegmentName="seg_0" id="2DC7C7C0-669E-59EB-794F-33DA39D2C26D">
<createdBy>Lenovo</createdBy>
<createdTime>2025-09-13 19:01:21 UTC</createdTime>
<ownerDesignName>MBD_semana5</ownerDesignName>
<engineerTo>
<item key="948F8F69-E315-61EB-C970-9F675A6787BD" value="true"/>
</engineerTo>
<sourcePk>82E4D5F7-1144-A608-2AEF-B37E9C606FCD</sourcePk>
<identifying>false</identifying>
<optionalSource>false</optionalSource>
<optionalTarget>false</optionalTarget>
<sourceCardinality>1</sourceCardinality>
<sourceEntity>6E9AD735-CB18-2DC7-CB9D-B8114F1DAAE7</sourceEntity>
<targetCardinalityString>*</targetCardinalityString>
<targetEntity>86465F51-B1CF-EE05-C79F-3A3C5C90E4B8</targetEntity>
<transferable>true</transferable>
<deleteRule>NO ACTION</deleteRule>
</Relation>
