<?xml version = '1.0' encoding = 'UTF-8'?>
<Relation class="oracle.dbtools.crest.model.design.logical.Relation" name="Relation_5" directorySegmentName="seg_0" id="397A22A5-D3D1-DCB2-8143-9DDE27BEA213">
<createdBy>Lenovo</createdBy>
<createdTime>2025-09-13 03:11:26 UTC</createdTime>
<ownerDesignName>MBD_semana5</ownerDesignName>
<engineerTo>
<item key="948F8F69-E315-61EB-C970-9F675A6787BD" value="true"/>
</engineerTo>
<targetPk>48E41E2E-082C-7C34-E54B-4C757D4414E0</targetPk>
<identifying>false</identifying>
<optionalSource>true</optionalSource>
<optionalTarget>true</optionalTarget>
<sourceCardinality>1</sourceCardinality>
<sourceEntity>7B0E6586-AA62-D365-FCB6-BE8E60DDFCC5</sourceEntity>
<targetCardinalityString>*</targetCardinalityString>
<targetEntity>7B0E6586-AA62-D365-FCB6-BE8E60DDFCC5</targetEntity>
<transferable>true</transferable>
<deleteRule>NO ACTION</deleteRule>
</Relation>
