<?xml version = '1.0' encoding = 'UTF-8'?>
<Relation class="oracle.dbtools.crest.model.design.logical.Relation" name="Relation_9" directorySegmentName="seg_0" id="56810E3F-2016-7DA2-F60B-9CF4CBDC15F8">
<createdBy>Lenovo</createdBy>
<createdTime>2025-09-13 03:22:00 UTC</createdTime>
<ownerDesignName>MBD_semana5</ownerDesignName>
<engineerTo>
<item key="948F8F69-E315-61EB-C970-9F675A6787BD" value="true"/>
</engineerTo>
<sourcePk>48E41E2E-082C-7C34-E54B-4C757D4414E0</sourcePk>
<identifying>false</identifying>
<optionalSource>false</optionalSource>
<optionalTarget>false</optionalTarget>
<sourceCardinality>1</sourceCardinality>
<sourceEntity>7B0E6586-AA62-D365-FCB6-BE8E60DDFCC5</sourceEntity>
<targetCardinalityString>*</targetCardinalityString>
<targetEntity>5A0B3C5C-96C9-1D0D-F5F8-8F66F30B9730</targetEntity>
<transferable>true</transferable>
<deleteRule>NO ACTION</deleteRule>
</Relation>
