<?xml version = '1.0' encoding = 'UTF-8'?>
<Relation class="oracle.dbtools.crest.model.design.logical.Relation" name="Relation_7" directorySegmentName="seg_0" id="644FFDD7-7D17-C730-595D-F42729BBB5D0">
<createdBy>Lenovo</createdBy>
<createdTime>2025-09-13 03:18:35 UTC</createdTime>
<ownerDesignName>MBD_semana5</ownerDesignName>
<engineerTo>
<item key="948F8F69-E315-61EB-C970-9F675A6787BD" value="true"/>
</engineerTo>
<sourcePk>315F0D75-D96F-4783-459C-E8A4CF2D56BC</sourcePk>
<identifying>false</identifying>
<optionalSource>false</optionalSource>
<optionalTarget>false</optionalTarget>
<sourceCardinality>1</sourceCardinality>
<sourceEntity>871D3A1B-45D7-0434-938A-44BE1E371AED</sourceEntity>
<targetCardinalityString>*</targetCardinalityString>
<targetEntity>34CF7C78-D5F3-673E-76F6-20CEE0015C43</targetEntity>
<transferable>true</transferable>
<deleteRule>NO ACTION</deleteRule>
</Relation>