<?xml version = '1.0' encoding = 'UTF-8'?>
<Relation class="oracle.dbtools.crest.model.design.logical.Relation" name="Relation_4" directorySegmentName="seg_0" id="64BE6AB8-4638-4167-A0EC-D19D9C6BB1CA">
<createdBy>Lenovo</createdBy>
<createdTime>2025-09-13 03:10:15 UTC</createdTime>
<ownerDesignName>MBD_semana5</ownerDesignName>
<engineerTo>
<item key="948F8F69-E315-61EB-C970-9F675A6787BD" value="true"/>
</engineerTo>
<sourcePk>51338BB4-0EB3-BCB7-8278-38FE3E9E4358</sourcePk>
<identifying>false</identifying>
<optionalSource>false</optionalSource>
<optionalTarget>false</optionalTarget>
<sourceCardinality>1</sourceCardinality>
<sourceEntity>79AC3CE2-5783-3429-46EA-A54D06BD521C</sourceEntity>
<targetCardinalityString>*</targetCardinalityString>
<targetEntity>7B0E6586-AA62-D365-FCB6-BE8E60DDFCC5</targetEntity>
<transferable>true</transferable>
<deleteRule>NO ACTION</deleteRule>
</Relation>