<?xml version = '1.0' encoding = 'UTF-8'?>
<Relation class="oracle.dbtools.crest.model.design.logical.Relation" name="Relation_21" directorySegmentName="seg_0" id="712DD03F-58A8-60F0-E2F2-1400F6AE81F4">
<createdBy>Lenovo</createdBy>
<createdTime>2025-09-15 01:50:32 UTC</createdTime>
<ownerDesignName>MBD_semana5</ownerDesignName>
<engineerTo>
<item key="948F8F69-E315-61EB-C970-9F675A6787BD" value="true"/>
</engineerTo>
<sourcePk>1D1DD0D5-CC98-AE7E-C13F-0F03CA020F00</sourcePk>
<identifying>false</identifying>
<optionalSource>true</optionalSource>
<optionalTarget>false</optionalTarget>
<sourceCardinality>1</sourceCardinality>
<sourceEntity>01F6B6E6-1526-D757-5FC6-5F78466A1E7B</sourceEntity>
<targetCardinalityString>*</targetCardinalityString>
<targetEntity>5A0B3C5C-96C9-1D0D-F5F8-8F66F30B9730</targetEntity>
<transferable>true</transferable>
<deleteRule>NO ACTION</deleteRule>
</Relation>
