<?xml version = '1.0' encoding = 'UTF-8'?>
<Relation class="oracle.dbtools.crest.model.design.logical.Relation" name="Relation_16" directorySegmentName="seg_0" id="72DEBB16-2139-E062-8154-714D56A6A9F4">
<createdBy>Lenovo</createdBy>
<createdTime>2025-09-13 19:02:37 UTC</createdTime>
<ownerDesignName>MBD_semana5</ownerDesignName>
<engineerTo>
<item key="948F8F69-E315-61EB-C970-9F675A6787BD" value="true"/>
</engineerTo>
<sourcePk>D09111CD-FB42-F37B-850C-02D7F908370F</sourcePk>
<identifying>false</identifying>
<optionalSource>false</optionalSource>
<optionalTarget>false</optionalTarget>
<sourceCardinality>1</sourceCardinality>
<sourceEntity>C10E5305-634E-12FC-872E-45443BFB992A</sourceEntity>
<targetCardinalityString>*</targetCardinalityString>
<targetEntity>34CF7C78-D5F3-673E-76F6-20CEE0015C43</targetEntity>
<transferable>true</transferable>
<deleteRule>NO ACTION</deleteRule>
</Relation>
