<?xml version = '1.0' encoding = 'UTF-8'?>
<Relation class="oracle.dbtools.crest.model.design.logical.Relation" name="Relation_6" directorySegmentName="seg_0" id="82B96DC1-AAB2-9AD8-685D-8A844CBCE8E7">
<createdBy>Lenovo</createdBy>
<createdTime>2025-09-13 03:18:06 UTC</createdTime>
<ownerDesignName>MBD_semana5</ownerDesignName>
<engineerTo>
<item key="948F8F69-E315-61EB-C970-9F675A6787BD" value="true"/>
</engineerTo>
<sourcePk>03D45055-0B8A-ABFC-04D4-1B028BE153BE</sourcePk>
<identifying>false</identifying>
<optionalSource>false</optionalSource>
<optionalTarget>false</optionalTarget>
<sourceCardinality>1</sourceCardinality>
<sourceEntity>A075F9B3-93F2-0419-7A5C-79C94771C3DD</sourceEntity>
<targetCardinalityString>*</targetCardinalityString>
<targetEntity>871D3A1B-45D7-0434-938A-44BE1E371AED</targetEntity>
<transferable>true</transferable>
<deleteRule>NO ACTION</deleteRule>
</Relation>