<?xml version = '1.0' encoding = 'UTF-8'?>
<Relation class="oracle.dbtools.crest.model.design.logical.Relation" name="Relation_20" directorySegmentName="seg_0" id="8A677B89-59D7-841C-6784-BDEDDC800089">
<createdBy>Lenovo</createdBy>
<createdTime>2025-09-15 00:37:02 UTC</createdTime>
<ownerDesignName>MBD_semana5</ownerDesignName>
<engineerTo>
<item key="948F8F69-E315-61EB-C970-9F675A6787BD" value="true"/>
</engineerTo>
<sourcePk>0D648A49-DE37-2405-EC18-5D3807FFEACA</sourcePk>
<identifying>false</identifying>
<optionalSource>false</optionalSource>
<optionalTarget>false</optionalTarget>
<sourceCardinality>1</sourceCardinality>
<sourceEntity>06CAAA22-CBDA-B8C1-2CF3-53B47DA6A9E2</sourceEntity>
<targetCardinalityString>*</targetCardinalityString>
<targetEntity>34CF7C78-D5F3-673E-76F6-20CEE0015C43</targetEntity>
<transferable>true</transferable>
<deleteRule>NO ACTION</deleteRule>
</Relation>
