<?xml version = '1.0' encoding = 'UTF-8'?>
<Relation class="oracle.dbtools.crest.model.design.logical.Relation" name="Relation_13" directorySegmentName="seg_0" id="A4B3ECBC-FE35-18CF-7644-E1077595E113">
<createdBy>Lenovo</createdBy>
<createdTime>2025-09-13 18:40:13 UTC</createdTime>
<ownerDesignName>MBD_semana5</ownerDesignName>
<engineerTo>
<item key="948F8F69-E315-61EB-C970-9F675A6787BD" value="true"/>
</engineerTo>
<sourcePk>80A33430-17F4-4137-A94A-4B64F1ACDA99</sourcePk>
<identifying>false</identifying>
<optionalSource>false</optionalSource>
<optionalTarget>false</optionalTarget>
<sourceCardinality>1</sourceCardinality>
<sourceEntity>86465F51-B1CF-EE05-C79F-3A3C5C90E4B8</sourceEntity>
<targetCardinalityString>*</targetCardinalityString>
<targetEntity>5A0B3C5C-96C9-1D0D-F5F8-8F66F30B9730</targetEntity>
<transferable>true</transferable>
<deleteRule>NO ACTION</deleteRule>
</Relation>
