<?xml version = '1.0' encoding = 'UTF-8'?>
<Relation class="oracle.dbtools.crest.model.design.logical.Relation" name="Relation_8" directorySegmentName="seg_0" id="E3815E76-629A-D50C-7091-BFBCBF5B2DF6">
<createdBy>Lenovo</createdBy>
<createdTime>2025-09-13 03:21:10 UTC</createdTime>
<ownerDesignName>MBD_semana5</ownerDesignName>
<engineerTo>
<item key="948F8F69-E315-61EB-C970-9F675A6787BD" value="true"/>
</engineerTo>
<sourcePk>87BE3837-D773-F25A-2A32-18B39B3AAE01</sourcePk>
<identifying>false</identifying>
<optionalSource>false</optionalSource>
<optionalTarget>false</optionalTarget>
<sourceCardinality>1</sourceCardinality>
<sourceEntity>34CF7C78-D5F3-673E-76F6-20CEE0015C43</sourceEntity>
<targetCardinalityString>*</targetCardinalityString>
<targetEntity>5A0B3C5C-96C9-1D0D-F5F8-8F66F30B9730</targetEntity>
<transferable>true</transferable>
<deleteRule>NO ACTION</deleteRule>
</Relation>
