<?xml version = '1.0' encoding = 'UTF-8'?>
<Relation class="oracle.dbtools.crest.model.design.logical.Relation" name="Relation_14" directorySegmentName="seg_0" id="ECFFB00A-B45D-3E4F-45C6-6E32541D8C5C">
<createdBy>Lenovo</createdBy>
<createdTime>2025-09-13 19:00:51 UTC</createdTime>
<ownerDesignName>MBD_semana5</ownerDesignName>
<engineerTo>
<item key="948F8F69-E315-61EB-C970-9F675A6787BD" value="true"/>
</engineerTo>
<sourcePk>33A35AF9-619A-EC61-8605-45174320CD92</sourcePk>
<identifying>false</identifying>
<optionalSource>false</optionalSource>
<optionalTarget>false</optionalTarget>
<sourceCardinality>1</sourceCardinality>
<sourceEntity>B615D359-9D30-57C1-6839-240CAB3BA6A7</sourceEntity>
<targetCardinalityString>*</targetCardinalityString>
<targetEntity>5A0B3C5C-96C9-1D0D-F5F8-8F66F30B9730</targetEntity>
<transferable>true</transferable>
<deleteRule>NO ACTION</deleteRule>
</Relation>
