<?xml version = '1.0' encoding = 'UTF-8'?>
<Diagram class="oracle.dbtools.crest.swingui.logical.DPVLogical" name="Logical" id="99D8C62F-92BF-5F12-DE5A-53C6772E7111">
<createdBy>Lenovo</createdBy>
<modifiedBy>Lenovo</modifiedBy>
<createdTime>2025-08-15 20:02:02 UTC</createdTime>
<autoRoute>false</autoRoute>
<boxInbox>true</boxInbox>
<showLegend>false</showLegend>
<showLabels>false</showLabels>
<showRelAttributes>false</showRelAttributes>
<gridEnabled>false</gridEnabled>
<showGrid>false</showGrid>
<diagramColor>-1</diagramColor>
<display>false</display>
<notation>1</notation>
<objectViews>
<OView class="oracle.dbtools.crest.swingui.logical.TVEntity" oid="16A341D3-8D9B-901C-F266-D983DA3856A0" otype="Entity" vid="B535C100-D331-C5A1-7051-E2F9BD2E930A">
<hideElementsInCurrentOnly>false</hideElementsInCurrentOnly>
<bounds x="928" y="12" width="209" height="150"/>
</OView>
<OView class="oracle.dbtools.crest.swingui.logical.TVEntity" oid="369344EC-D7CA-270E-1EC0-5457D453B4A2" otype="Entity" vid="80154C8C-E26F-1A3E-BF62-16202808FD6F">
<hideElementsInCurrentOnly>false</hideElementsInCurrentOnly>
<bounds x="469" y="365" width="242" height="122"/>
</OView>
<OView class="oracle.dbtools.crest.swingui.logical.TVEntity" oid="705CAA5B-C652-495E-81AF-328AF0694E5F" otype="Entity" vid="A9D29449-A27A-21DA-54C6-CABB4CEB962E">
<hideElementsInCurrentOnly>false</hideElementsInCurrentOnly>
<bounds x="994" y="286" width="223" height="154"/>
</OView>
<OView class="oracle.dbtools.crest.swingui.logical.TVEntity" oid="8263BAAE-26F9-5F96-64F9-108BDE8554EE" otype="Entity" vid="2736379C-9D4C-8669-191F-CC39AF52F3DA">
<hideElementsInCurrentOnly>false</hideElementsInCurrentOnly>
<bounds x="51" y="17" width="223" height="165"/>
</OView>
<OView class="oracle.dbtools.crest.swingui.logical.TVEntity" oid="8CF723DC-94CF-140B-5F44-8A888A3335D5" otype="Entity" vid="F04DF8FC-8A22-9DB5-8529-9DFF0EC32A92">
<hideElementsInCurrentOnly>false</hideElementsInCurrentOnly>
<bounds x="559" y="12" width="215" height="152"/>
</OView>
<OView class="oracle.dbtools.crest.swingui.logical.TVEntity" oid="98F3BA11-FC00-EF3C-A126-C506CC9DB325" otype="Entity" vid="709BCFB2-83CF-EF68-FC23-87FADCF279A3">
<hideElementsInCurrentOnly>false</hideElementsInCurrentOnly>
<bounds x="16" y="221" width="163" height="105"/>
</OView>
<OView class="oracle.dbtools.crest.swingui.logical.TVEntity" oid="9E87B310-9CC4-5CBB-D530-6E1F3A992E74" otype="Entity" vid="1FA0B531-599C-5F39-DC85-2E5C879E2958">
<hideElementsInCurrentOnly>false</hideElementsInCurrentOnly>
<bounds x="347" y="37" width="163" height="144"/>
</OView>
<OView class="oracle.dbtools.crest.swingui.logical.TVEntity" oid="B73C21F8-8864-77E2-DAF2-6E864B82A2E5" otype="Entity" vid="590DE96C-E6E8-DFFC-5A77-BA12C6C7F3AA">
<hideElementsInCurrentOnly>false</hideElementsInCurrentOnly>
<bounds x="224" y="224" width="188" height="117"/>
</OView>
</objectViews>
<connectors>
<Connector class="oracle.dbtools.crest.swingui.logical.TVRelation" oid="0388E1DF-1D20-1D57-A1DC-6A5728C61FD6" otype="Relation" vid_source="80154C8C-E26F-1A3E-BF62-16202808FD6F" vid_target="1FA0B531-599C-5F39-DC85-2E5C879E2958">
<hideElementsInCurrentOnly>false</hideElementsInCurrentOnly>
<backgroundColor>-16777216</backgroundColor>
<lineWidth>1</lineWidth>
<points>
<point x="489" y="365"/>
<point x="489" y="181"/>
</points>
</Connector>
<Connector class="oracle.dbtools.crest.swingui.logical.TVRelation" oid="30171115-F0FE-1A37-975C-0E85E2D79245" otype="Relation" vid_source="2736379C-9D4C-8669-191F-CC39AF52F3DA" vid_target="709BCFB2-83CF-EF68-FC23-87FADCF279A3">
<hideElementsInCurrentOnly>false</hideElementsInCurrentOnly>
<backgroundColor>-16777216</backgroundColor>
<lineWidth>1</lineWidth>
<points>
<point x="115" y="182"/>
<point x="115" y="221"/>
</points>
</Connector>
<Connector class="oracle.dbtools.crest.swingui.logical.TVRelation" oid="AD016AFA-B819-0358-1388-438B2F7D6409" otype="Relation" vid_source="B535C100-D331-C5A1-7051-E2F9BD2E930A" vid_target="F04DF8FC-8A22-9DB5-8529-9DFF0EC32A92">
<hideElementsInCurrentOnly>false</hideElementsInCurrentOnly>
<backgroundColor>-16777216</backgroundColor>
<lineWidth>1</lineWidth>
<points>
<point x="928" y="87"/>
<point x="774" y="87"/>
</points>
</Connector>
<Connector class="oracle.dbtools.crest.swingui.logical.TVRelation" oid="B5F495DC-6FC2-B34E-FE14-0B186759F557" otype="Relation" vid_source="F04DF8FC-8A22-9DB5-8529-9DFF0EC32A92" vid_target="80154C8C-E26F-1A3E-BF62-16202808FD6F">
<hideElementsInCurrentOnly>false</hideElementsInCurrentOnly>
<backgroundColor>-16777216</backgroundColor>
<lineWidth>1</lineWidth>
<points>
<point x="635" y="164"/>
<point x="635" y="365"/>
</points>
</Connector>
<Connector class="oracle.dbtools.crest.swingui.logical.TVRelation" oid="B93EFB5D-04DF-6521-A57B-195457C313E8" otype="Relation" vid_source="2736379C-9D4C-8669-191F-CC39AF52F3DA" vid_target="590DE96C-E6E8-DFFC-5A77-BA12C6C7F3AA">
<hideElementsInCurrentOnly>false</hideElementsInCurrentOnly>
<backgroundColor>-16777216</backgroundColor>
<lineWidth>1</lineWidth>
<points>
<point x="249" y="182"/>
<point x="249" y="224"/>
</points>
</Connector>
<Connector class="oracle.dbtools.crest.swingui.logical.TVRelation" oid="EF8BB242-3551-9B61-50C2-6F9BB9423425" otype="Relation" vid_source="80154C8C-E26F-1A3E-BF62-16202808FD6F" vid_target="A9D29449-A27A-21DA-54C6-CABB4CEB962E">
<hideElementsInCurrentOnly>false</hideElementsInCurrentOnly>
<backgroundColor>-16777216</backgroundColor>
<lineWidth>1</lineWidth>
<points>
<point x="711" y="402"/>
<point x="994" y="402"/>
</points>
</Connector>
<Connector class="oracle.dbtools.crest.swingui.logical.TVRelation" oid="F592FACD-7245-BCF3-71C2-6700CBF8F10D" otype="Relation" vid_source="F04DF8FC-8A22-9DB5-8529-9DFF0EC32A92" vid_target="A9D29449-A27A-21DA-54C6-CABB4CEB962E">
<hideElementsInCurrentOnly>false</hideElementsInCurrentOnly>
<backgroundColor>-16777216</backgroundColor>
<lineWidth>1</lineWidth>
<points>
<point x="774" y="155"/>
<point x="994" y="293"/>
</points>
</Connector>
</connectors>
</Diagram>
