<?xml version = '1.0' encoding = 'UTF-8'?>
<Entity class="oracle.dbtools.crest.model.design.logical.Entity" directorySegmentName="seg_0" id="1CD4164B-5AAE-D4E8-29AF-F284E1C59C36" name="CUIDADOR">
<createdBy>Lenovo</createdBy>
<createdTime>2025-08-30 01:26:46 UTC</createdTime>
<ownerDesignName>MBDsemana3Sumativa</ownerDesignName>
<engineerTo>
<item key="C8D99817-DD20-A114-F31D-FD9905DD71D1" value="true"/>
</engineerTo>
<adequatelyNormalized>NO</adequatelyNormalized>
<expectedVolumes>0</expectedVolumes>
<fwdEngineeringStrategyName>Single Table</fwdEngineeringStrategyName>
<growthPercent>0</growthPercent>
<growthType>Year</growthType>
<hierarchicalParent>B71B08AB-4180-EE58-78D0-B162882114DD</hierarchicalParent>
<maxVolumes>9999999</maxVolumes>
<minVolumes>0</minVolumes>
<normalForm>Third</normalForm>
</Entity>
