<?xml version = '1.0' encoding = 'UTF-8'?>
<Entity class="oracle.dbtools.crest.model.design.logical.Entity" directorySegmentName="seg_0" id="7540812B-6DE3-DC95-1DE0-4AC345610FB8" name="RESIDENTE_PERMANENTE">
<createdBy>Lenovo</createdBy>
<createdTime>2025-08-30 02:03:03 UTC</createdTime>
<ownerDesignName>MBDsemana3Sumativa</ownerDesignName>
<engineerTo>
<item key="C8D99817-DD20-A114-F31D-FD9905DD71D1" value="true"/>
</engineerTo>
<adequatelyNormalized>NO</adequatelyNormalized>
<expectedVolumes>0</expectedVolumes>
<fwdEngineeringStrategyName>Single Table</fwdEngineeringStrategyName>
<growthPercent>0</growthPercent>
<growthType>Year</growthType>
<hierarchicalParent>75443EAB-6662-F816-E4D1-636332491087</hierarchicalParent>
<maxVolumes>9999999</maxVolumes>
<minVolumes>0</minVolumes>
<normalForm>Third</normalForm>
<attributes itemClass="oracle.dbtools.crest.model.design.logical.Attribute">
<Attribute name="historial_clinico" id="70C624F3-B683-4950-E81F-EF4373248C23">
<createdBy>Lenovo</createdBy>
<createdTime>2025-08-30 02:38:44 UTC</createdTime>
<ownerDesignName>MBDsemana3Sumativa</ownerDesignName>
<engineerTo>
<item key="C8D99817-DD20-A114-F31D-FD9905DD71D1" value="true"/>
</engineerTo>
<useDomainConstraints>false</useDomainConstraints>
<use>1</use>
<logicalDatatype>LOGDT024</logicalDatatype>
<dataTypeSize>30</dataTypeSize>
<ownDataTypeParameters>30,,</ownDataTypeParameters>
</Attribute>
</attributes>
</Entity>
