<?xml version = '1.0' encoding = 'UTF-8'?>
<Entity class="oracle.dbtools.crest.model.design.logical.Entity" directorySegmentName="seg_0" id="75443EAB-6662-F816-E4D1-636332491087" name="RESIDENTE ">
<createdBy>Lenovo</createdBy>
<createdTime>2025-08-30 01:33:22 UTC</createdTime>
<ownerDesignName>MBDsemana3Sumativa</ownerDesignName>
<engineerTo>
<item key="C8D99817-DD20-A114-F31D-FD9905DD71D1" value="true"/>
</engineerTo>
<adequatelyNormalized>NO</adequatelyNormalized>
<expectedVolumes>0</expectedVolumes>
<fwdEngineeringStrategyName>Single Table</fwdEngineeringStrategyName>
<growthPercent>0</growthPercent>
<growthType>Year</growthType>
<maxVolumes>9999999</maxVolumes>
<minVolumes>0</minVolumes>
<normalForm>Third</normalForm>
<attributes itemClass="oracle.dbtools.crest.model.design.logical.Attribute">
<Attribute name="rut" id="7516CF76-36B8-5D82-5DC6-CAB6F3317FE8">
<createdBy>Lenovo</createdBy>
<createdTime>2025-08-30 01:57:06 UTC</createdTime>
<ownerDesignName>MBDsemana3Sumativa</ownerDesignName>
<engineerTo>
<item key="C8D99817-DD20-A114-F31D-FD9905DD71D1" value="true"/>
</engineerTo>
<useDomainConstraints>false</useDomainConstraints>
<use>1</use>
<logicalDatatype>LOGDT019</logicalDatatype>
<ownDataTypeParameters>,,</ownDataTypeParameters>
</Attribute>
<Attribute name="nombre" id="C849193C-6BCB-F127-0B7B-A95B16B2A44C">
<createdBy>Lenovo</createdBy>
<createdTime>2025-08-30 01:57:41 UTC</createdTime>
<ownerDesignName>MBDsemana3Sumativa</ownerDesignName>
<engineerTo>
<item key="C8D99817-DD20-A114-F31D-FD9905DD71D1" value="true"/>
</engineerTo>
<useDomainConstraints>false</useDomainConstraints>
<use>1</use>
<logicalDatatype>LOGDT024</logicalDatatype>
<dataTypeSize>30</dataTypeSize>
<ownDataTypeParameters>30,,</ownDataTypeParameters>
</Attribute>
<Attribute name="fecha_nacimiento" id="B2534132-2C09-6A09-661B-9139B2CC6282">
<createdBy>Lenovo</createdBy>
<createdTime>2025-08-30 01:58:59 UTC</createdTime>
<ownerDesignName>MBDsemana3Sumativa</ownerDesignName>
<engineerTo>
<item key="C8D99817-DD20-A114-F31D-FD9905DD71D1" value="true"/>
</engineerTo>
<useDomainConstraints>false</useDomainConstraints>
<use>1</use>
<logicalDatatype>LOGDT007</logicalDatatype>
<ownDataTypeParameters>,,</ownDataTypeParameters>
</Attribute>
<Attribute name="autonomia" id="1EE8C3EA-FB43-A5CA-AE69-AA1F1FB7946E">
<createdBy>Lenovo</createdBy>
<createdTime>2025-08-30 01:59:24 UTC</createdTime>
<ownerDesignName>MBDsemana3Sumativa</ownerDesignName>
<engineerTo>
<item key="C8D99817-DD20-A114-F31D-FD9905DD71D1" value="true"/>
</engineerTo>
<useDomainConstraints>false</useDomainConstraints>
<use>1</use>
<logicalDatatype>LOGDT024</logicalDatatype>
<dataTypeSize>2</dataTypeSize>
<ownDataTypeParameters>2,,</ownDataTypeParameters>
</Attribute>
<Attribute name="id_habitación" id="22FDA431-EEC0-FE32-A778-61C19BD352FD">
<createdBy>Lenovo</createdBy>
<createdTime>2025-09-01 14:46:17 UTC</createdTime>
<generatorID>AC0199CE-89BE-8BD6-7EEB-9A004ACA6333</generatorID>
<ownerDesignName>MBDsemana3Sumativa</ownerDesignName>
<engineerTo>
<item key="C8D99817-DD20-A114-F31D-FD9905DD71D1" value="true"/>
</engineerTo>
<referedAttribute>15567FB3-28A0-F70A-AD5C-6501E95729FC</referedAttribute>
<useDomainConstraints>false</useDomainConstraints>
<use>1</use>
<logicalDatatype>LOGDT019</logicalDatatype>
<ownDataTypeParameters>,,</ownDataTypeParameters>
</Attribute>
</attributes>
<identifiers itemClass="oracle.dbtools.crest.model.design.logical.CandidateKey">
<identifier id="00EC29F1-9249-6CC8-0179-7518CD2D97A2" name="RESIDENTE PK">
<createdBy>Lenovo</createdBy>
<createdTime>2025-08-30 01:57:40 UTC</createdTime>
<ownerDesignName>MBDsemana3Sumativa</ownerDesignName>
<engineerTo>
<item key="C8D99817-DD20-A114-F31D-FD9905DD71D1" value="true"/>
</engineerTo>
<pk>true</pk>
<usedAttributes>
<attributeRef>7516CF76-36B8-5D82-5DC6-CAB6F3317FE8</attributeRef>
</usedAttributes>
</identifier>
</identifiers>
</Entity>
