<?xml version = '1.0' encoding = 'UTF-8'?>
<Entity class="oracle.dbtools.crest.model.design.logical.Entity" directorySegmentName="seg_0" id="8CD2E131-3A0E-684F-D4DD-BF9890C2FBC8" name="ANEXO">
<createdBy>Lenovo</createdBy>
<createdTime>2025-08-30 02:21:29 UTC</createdTime>
<ownerDesignName>MBDsemana3Sumativa</ownerDesignName>
<engineerTo>
<item key="C8D99817-DD20-A114-F31D-FD9905DD71D1" value="true"/>
</engineerTo>
<adequatelyNormalized>NO</adequatelyNormalized>
<expectedVolumes>0</expectedVolumes>
<fwdEngineeringStrategyName>Single Table</fwdEngineeringStrategyName>
<growthPercent>0</growthPercent>
<growthType>Year</growthType>
<maxVolumes>9999999</maxVolumes>
<minVolumes>0</minVolumes>
<normalForm>Third</normalForm>
<attributes itemClass="oracle.dbtools.crest.model.design.logical.Attribute">
<Attribute name="id_anexo" id="ABC20F36-A304-9680-7945-E41B583E25BE">
<createdBy>Lenovo</createdBy>
<createdTime>2025-08-30 03:46:22 UTC</createdTime>
<ownerDesignName>MBDsemana3Sumativa</ownerDesignName>
<engineerTo>
<item key="C8D99817-DD20-A114-F31D-FD9905DD71D1" value="true"/>
</engineerTo>
<useDomainConstraints>false</useDomainConstraints>
<use>1</use>
<logicalDatatype>LOGDT019</logicalDatatype>
<ownDataTypeParameters>,,</ownDataTypeParameters>
</Attribute>
<Attribute name="fecha_ingreso" id="90CC5497-ED3C-18D0-2B80-372BC3011825">
<createdBy>Lenovo</createdBy>
<createdTime>2025-08-30 02:27:11 UTC</createdTime>
<ownerDesignName>MBDsemana3Sumativa</ownerDesignName>
<engineerTo>
<item key="C8D99817-DD20-A114-F31D-FD9905DD71D1" value="true"/>
</engineerTo>
<useDomainConstraints>false</useDomainConstraints>
<use>1</use>
<logicalDatatype>LOGDT007</logicalDatatype>
<ownDataTypeParameters>,,</ownDataTypeParameters>
</Attribute>
<Attribute name="fecha_termino" id="BA7FD49D-C366-2BC3-5AB8-D6909FD8B383">
<createdBy>Lenovo</createdBy>
<createdTime>2025-08-30 02:27:25 UTC</createdTime>
<ownerDesignName>MBDsemana3Sumativa</ownerDesignName>
<engineerTo>
<item key="C8D99817-DD20-A114-F31D-FD9905DD71D1" value="true"/>
</engineerTo>
<nullsAllowed>true</nullsAllowed>
<useDomainConstraints>false</useDomainConstraints>
<use>1</use>
<logicalDatatype>LOGDT007</logicalDatatype>
<ownDataTypeParameters>,,</ownDataTypeParameters>
</Attribute>
<Attribute name="observaciones" id="BAF92DE5-A037-10F9-EC37-30DCAB2B2E74">
<createdBy>Lenovo</createdBy>
<createdTime>2025-08-30 02:27:38 UTC</createdTime>
<ownerDesignName>MBDsemana3Sumativa</ownerDesignName>
<engineerTo>
<item key="C8D99817-DD20-A114-F31D-FD9905DD71D1" value="true"/>
</engineerTo>
<nullsAllowed>true</nullsAllowed>
<useDomainConstraints>false</useDomainConstraints>
<use>1</use>
<logicalDatatype>LOGDT024</logicalDatatype>
<dataTypeSize>40</dataTypeSize>
<ownDataTypeParameters>40,,</ownDataTypeParameters>
</Attribute>
<Attribute name="rut" id="4A28831F-662C-2073-2A76-C7FD50F9D3F5">
<createdBy>Lenovo</createdBy>
<createdTime>2025-08-30 03:09:37 UTC</createdTime>
<generatorID>15978B93-5125-4667-0043-1149E4E36820</generatorID>
<ownerDesignName>MBDsemana3Sumativa</ownerDesignName>
<engineerTo>
<item key="C8D99817-DD20-A114-F31D-FD9905DD71D1" value="true"/>
</engineerTo>
<referedAttribute>7516CF76-36B8-5D82-5DC6-CAB6F3317FE8</referedAttribute>
<useDomainConstraints>false</useDomainConstraints>
<use>1</use>
<logicalDatatype>LOGDT019</logicalDatatype>
<ownDataTypeParameters>,,</ownDataTypeParameters>
</Attribute>
<Attribute name="id_contrato" id="215E76C0-F5E3-D618-6C7F-0B443BB4E2C2">
<createdBy>Lenovo</createdBy>
<createdTime>2025-08-30 03:12:34 UTC</createdTime>
<generatorID>E6DF6D83-373B-84B4-DA5E-174E7A9E40F6</generatorID>
<ownerDesignName>MBDsemana3Sumativa</ownerDesignName>
<engineerTo>
<item key="C8D99817-DD20-A114-F31D-FD9905DD71D1" value="true"/>
</engineerTo>
<referedAttribute>0FCB135C-768E-BA60-9A7D-EFDA45BEE8A6</referedAttribute>
<useDomainConstraints>false</useDomainConstraints>
<use>1</use>
<logicalDatatype>LOGDT019</logicalDatatype>
<ownDataTypeParameters>,,</ownDataTypeParameters>
</Attribute>
</attributes>
<identifiers itemClass="oracle.dbtools.crest.model.design.logical.CandidateKey">
<identifier id="657425BA-DA5B-B150-1519-1FCCFCDB3C7E" name="ANEXO PK">
<createdBy>Lenovo</createdBy>
<createdTime>2025-08-30 03:46:42 UTC</createdTime>
<ownerDesignName>MBDsemana3Sumativa</ownerDesignName>
<engineerTo>
<item key="C8D99817-DD20-A114-F31D-FD9905DD71D1" value="true"/>
</engineerTo>
<pk>true</pk>
<usedAttributes>
<attributeRef>ABC20F36-A304-9680-7945-E41B583E25BE</attributeRef>
</usedAttributes>
</identifier>
</identifiers>
</Entity>
