<?xml version = '1.0' encoding = 'UTF-8'?>
<Entity class="oracle.dbtools.crest.model.design.logical.Entity" directorySegmentName="seg_0" id="B71B08AB-4180-EE58-78D0-B162882114DD" name="PERSONAL ">
<createdBy>Lenovo</createdBy>
<createdTime>2025-08-30 01:26:28 UTC</createdTime>
<ownerDesignName>MBDsemana3Sumativa</ownerDesignName>
<engineerTo>
<item key="C8D99817-DD20-A114-F31D-FD9905DD71D1" value="true"/>
</engineerTo>
<adequatelyNormalized>NO</adequatelyNormalized>
<expectedVolumes>0</expectedVolumes>
<fwdEngineeringStrategyName>Single Table</fwdEngineeringStrategyName>
<growthPercent>0</growthPercent>
<growthType>Year</growthType>
<maxVolumes>9999999</maxVolumes>
<minVolumes>0</minVolumes>
<normalForm>Third</normalForm>
<attributes itemClass="oracle.dbtools.crest.model.design.logical.Attribute">
<Attribute name="rut" id="9C119726-E773-1C11-F6B7-B51BA0B430A3">
<createdBy>Lenovo</createdBy>
<createdTime>2025-08-30 02:44:02 UTC</createdTime>
<ownerDesignName>MBDsemana3Sumativa</ownerDesignName>
<engineerTo>
<item key="C8D99817-DD20-A114-F31D-FD9905DD71D1" value="true"/>
</engineerTo>
<useDomainConstraints>false</useDomainConstraints>
<use>1</use>
<logicalDatatype>LOGDT019</logicalDatatype>
<ownDataTypeParameters>,,</ownDataTypeParameters>
</Attribute>
<Attribute name="nombre" id="80DED2B2-1644-05CC-0D08-826D5A4BE8B2">
<createdBy>Lenovo</createdBy>
<createdTime>2025-08-30 02:44:20 UTC</createdTime>
<ownerDesignName>MBDsemana3Sumativa</ownerDesignName>
<engineerTo>
<item key="C8D99817-DD20-A114-F31D-FD9905DD71D1" value="true"/>
</engineerTo>
<useDomainConstraints>false</useDomainConstraints>
<use>1</use>
<logicalDatatype>LOGDT024</logicalDatatype>
<ownDataTypeParameters>,,</ownDataTypeParameters>
</Attribute>
<Attribute name="fecha_ingreso" id="D9BBE6BE-52CA-12DB-F608-739ECDAA103A">
<createdBy>Lenovo</createdBy>
<createdTime>2025-08-30 02:44:32 UTC</createdTime>
<ownerDesignName>MBDsemana3Sumativa</ownerDesignName>
<engineerTo>
<item key="C8D99817-DD20-A114-F31D-FD9905DD71D1" value="true"/>
</engineerTo>
<useDomainConstraints>false</useDomainConstraints>
<use>1</use>
<logicalDatatype>LOGDT007</logicalDatatype>
<ownDataTypeParameters>,,</ownDataTypeParameters>
</Attribute>
<Attribute name="id_residencia" id="15981C84-596A-B760-B122-1B1F140A10C5">
<createdBy>Lenovo</createdBy>
<createdTime>2025-08-30 03:18:00 UTC</createdTime>
<generatorID>BBBFD11D-FABC-FC49-B3E6-AD3CC677B6B1</generatorID>
<ownerDesignName>MBDsemana3Sumativa</ownerDesignName>
<engineerTo>
<item key="C8D99817-DD20-A114-F31D-FD9905DD71D1" value="true"/>
</engineerTo>
<referedAttribute>10136998-B8C8-D7EF-5487-00C822FD38C0</referedAttribute>
<useDomainConstraints>false</useDomainConstraints>
<use>1</use>
<logicalDatatype>LOGDT019</logicalDatatype>
<ownDataTypeParameters>,,</ownDataTypeParameters>
</Attribute>
</attributes>
<identifiers itemClass="oracle.dbtools.crest.model.design.logical.CandidateKey">
<identifier id="507418CA-C2D0-DE6A-462E-267C7ACE10B8" name="PERSONAL PK">
<createdBy>Lenovo</createdBy>
<createdTime>2025-08-30 02:44:17 UTC</createdTime>
<ownerDesignName>MBDsemana3Sumativa</ownerDesignName>
<engineerTo>
<item key="C8D99817-DD20-A114-F31D-FD9905DD71D1" value="true"/>
</engineerTo>
<pk>true</pk>
<usedAttributes>
<attributeRef>9C119726-E773-1C11-F6B7-B51BA0B430A3</attributeRef>
</usedAttributes>
</identifier>
</identifiers>
</Entity>
