<?xml version = '1.0' encoding = 'UTF-8'?>
<Entity class="oracle.dbtools.crest.model.design.logical.Entity" directorySegmentName="seg_0" id="D282CFD3-46D2-E3C4-9C30-E75D20875E0A" name="HABITACION">
<createdBy>Lenovo</createdBy>
<createdTime>2025-08-30 01:26:11 UTC</createdTime>
<ownerDesignName>MBDsemana3Sumativa</ownerDesignName>
<engineerTo>
<item key="C8D99817-DD20-A114-F31D-FD9905DD71D1" value="true"/>
</engineerTo>
<adequatelyNormalized>NO</adequatelyNormalized>
<expectedVolumes>0</expectedVolumes>
<fwdEngineeringStrategyName>Single Table</fwdEngineeringStrategyName>
<growthPercent>0</growthPercent>
<growthType>Year</growthType>
<maxVolumes>9999999</maxVolumes>
<minVolumes>0</minVolumes>
<normalForm>Third</normalForm>
<attributes itemClass="oracle.dbtools.crest.model.design.logical.Attribute">
<Attribute name="id_habitación" id="15567FB3-28A0-F70A-AD5C-6501E95729FC">
<createdBy>Lenovo</createdBy>
<createdTime>2025-08-30 03:14:31 UTC</createdTime>
<ownerDesignName>MBDsemana3Sumativa</ownerDesignName>
<engineerTo>
<item key="C8D99817-DD20-A114-F31D-FD9905DD71D1" value="true"/>
</engineerTo>
<useDomainConstraints>false</useDomainConstraints>
<use>1</use>
<logicalDatatype>LOGDT019</logicalDatatype>
<ownDataTypeParameters>,,</ownDataTypeParameters>
</Attribute>
<Attribute name="num_habitacion" id="AEB65524-EFC5-7B6E-C6B9-1E127315DD8B">
<createdBy>Lenovo</createdBy>
<createdTime>2025-08-30 01:54:22 UTC</createdTime>
<ownerDesignName>MBDsemana3Sumativa</ownerDesignName>
<engineerTo>
<item key="C8D99817-DD20-A114-F31D-FD9905DD71D1" value="true"/>
</engineerTo>
<useDomainConstraints>false</useDomainConstraints>
<use>1</use>
<logicalDatatype>LOGDT019</logicalDatatype>
<ownDataTypeParameters>,,</ownDataTypeParameters>
</Attribute>
<Attribute name="tipo" id="B4D3AFDF-D215-86BA-F7EB-12D952C4FEBE">
<createdBy>Lenovo</createdBy>
<createdTime>2025-08-30 01:54:41 UTC</createdTime>
<ownerDesignName>MBDsemana3Sumativa</ownerDesignName>
<engineerTo>
<item key="C8D99817-DD20-A114-F31D-FD9905DD71D1" value="true"/>
</engineerTo>
<useDomainConstraints>false</useDomainConstraints>
<use>1</use>
<logicalDatatype>LOGDT024</logicalDatatype>
<dataTypeSize>10</dataTypeSize>
<ownDataTypeParameters>10,,</ownDataTypeParameters>
</Attribute>
<Attribute name="id_residencia" id="EDD7AB11-FD42-EC85-3E24-ABFF48419A39">
<createdBy>Lenovo</createdBy>
<createdTime>2025-08-30 03:18:00 UTC</createdTime>
<generatorID>995ACD37-2BF4-6A40-7387-F9689B8E45E5</generatorID>
<ownerDesignName>MBDsemana3Sumativa</ownerDesignName>
<engineerTo>
<item key="C8D99817-DD20-A114-F31D-FD9905DD71D1" value="true"/>
</engineerTo>
<referedAttribute>10136998-B8C8-D7EF-5487-00C822FD38C0</referedAttribute>
<useDomainConstraints>false</useDomainConstraints>
<use>1</use>
<logicalDatatype>LOGDT019</logicalDatatype>
<ownDataTypeParameters>,,</ownDataTypeParameters>
</Attribute>
</attributes>
<identifiers itemClass="oracle.dbtools.crest.model.design.logical.CandidateKey">
<identifier id="B4E6C9DE-B669-71AC-9916-2B217F0D1267" name="HABITACION PK">
<createdBy>Lenovo</createdBy>
<createdTime>2025-08-30 01:54:33 UTC</createdTime>
<ownerDesignName>MBDsemana3Sumativa</ownerDesignName>
<engineerTo>
<item key="C8D99817-DD20-A114-F31D-FD9905DD71D1" value="true"/>
</engineerTo>
<pk>true</pk>
<usedAttributes>
<attributeRef>15567FB3-28A0-F70A-AD5C-6501E95729FC</attributeRef>
</usedAttributes>
</identifier>
</identifiers>
</Entity>
