<?xml version = '1.0' encoding = 'UTF-8'?>
<Diagram class="oracle.dbtools.crest.swingui.logical.DPVLogical" name="Logical" id="380A630F-A639-CC8A-162D-E47ACC908E91">
<createdBy>Lenovo</createdBy>
<modifiedBy>Lenovo</modifiedBy>
<createdTime>2025-09-08 02:14:20 UTC</createdTime>
<autoRoute>false</autoRoute>
<boxInbox>false</boxInbox>
<showLegend>false</showLegend>
<showLabels>false</showLabels>
<showRelAttributes>true</showRelAttributes>
<gridEnabled>false</gridEnabled>
<showGrid>false</showGrid>
<diagramColor>-1</diagramColor>
<display>false</display>
<notation>0</notation>
<objectViews>
<OView class="oracle.dbtools.crest.swingui.logical.TVEntity" oid="006A8E46-1705-A43D-D12C-B0EC50FB15E9" otype="Entity" vid="066274E4-50EF-A0DB-C361-42A8D4EEAB0A">
<hideElementsInCurrentOnly>false</hideElementsInCurrentOnly>
<bounds x="537" y="422" width="197" height="84"/>
</OView>
<OView class="oracle.dbtools.crest.swingui.logical.TVEntity" oid="3D69B745-9BDA-5C89-E00D-B76A017AA74B" otype="Entity" vid="346253FE-C440-09E0-C3FC-EF48F2E1636F">
<hideElementsInCurrentOnly>false</hideElementsInCurrentOnly>
<bounds x="816" y="391" width="190" height="90"/>
</OView>
<OView class="oracle.dbtools.crest.swingui.logical.TVEntity" oid="503F0D4C-F66A-8BF3-3CAF-CF65A0F9671C" otype="Entity" vid="38D3347E-C033-8E03-91AF-A43781A3739E">
<hideElementsInCurrentOnly>false</hideElementsInCurrentOnly>
<bounds x="1074" y="294" width="138" height="89"/>
</OView>
<OView class="oracle.dbtools.crest.swingui.logical.TVEntity" oid="515B38C4-BF3D-263E-4EDC-EE10A79763F6" otype="Entity" vid="68406AB9-D40D-BEE3-8937-4FD01E72030F">
<hideElementsInCurrentOnly>false</hideElementsInCurrentOnly>
<bounds x="560" y="294" width="258" height="101"/>
</OView>
<OView class="oracle.dbtools.crest.swingui.logical.TVEntity" oid="56A33134-98A4-5F52-6E07-E9C6863024B6" otype="Entity" vid="A481A454-30D0-DF9F-F2B8-932F15A5E87E">
<hideElementsInCurrentOnly>false</hideElementsInCurrentOnly>
<bounds x="35" y="21" width="164" height="91"/>
</OView>
<OView class="oracle.dbtools.crest.swingui.logical.TVEntity" oid="59FE519E-DA6D-70C7-6EA8-039101C53150" otype="Entity" vid="3BCE4A04-E69A-FA92-6E30-EB228C88DED4">
<hideElementsInCurrentOnly>false</hideElementsInCurrentOnly>
<bounds x="7" y="201" width="158" height="72"/>
</OView>
<OView class="oracle.dbtools.crest.swingui.logical.TVEntity" oid="609BAAD2-7AD4-55A0-211B-2F2A08C015BE" otype="Entity" vid="137083B8-F502-49BE-9941-8810763EE05C">
<hideElementsInCurrentOnly>false</hideElementsInCurrentOnly>
<bounds x="249" y="158" width="229" height="230"/>
</OView>
<OView class="oracle.dbtools.crest.swingui.logical.TVEntity" oid="64E76511-FCDE-1138-C770-1972963D963B" otype="Entity" vid="81E0EDAD-1566-4209-337E-0C89C33BE469">
<hideElementsInCurrentOnly>false</hideElementsInCurrentOnly>
<bounds x="1060" y="198" width="138" height="89"/>
</OView>
<OView class="oracle.dbtools.crest.swingui.logical.TVEntity" oid="78013C0E-CEED-F1C0-98B7-5A11F40A14AE" otype="Entity" vid="3EF1AD18-9B53-D49C-5F33-D0790C9982DD">
<hideElementsInCurrentOnly>false</hideElementsInCurrentOnly>
<bounds x="1007" y="22" width="198" height="86"/>
</OView>
<OView class="oracle.dbtools.crest.swingui.logical.TVEntity" oid="C0FFD377-F388-92ED-52DB-EFC329517372" otype="Entity" vid="5B407754-466C-CDE7-29ED-C3F0D797472E">
<hideElementsInCurrentOnly>false</hideElementsInCurrentOnly>
<bounds x="433" y="0" width="221" height="130"/>
</OView>
<OView class="oracle.dbtools.crest.swingui.logical.TVEntity" oid="DB8C21E8-1432-3882-05A1-C235709C7C7F" otype="Entity" vid="E9D171EB-CE85-7DAF-E62D-1B317D99BB3C">
<hideElementsInCurrentOnly>false</hideElementsInCurrentOnly>
<bounds x="839" y="203" width="158" height="109"/>
</OView>
<OView class="oracle.dbtools.crest.swingui.logical.TVEntity" oid="E4FBD106-696D-FC9D-09E5-26F261C26CA9" otype="Entity" vid="F5105643-51C5-A8DF-C230-9CC363A4B1B2">
<hideElementsInCurrentOnly>false</hideElementsInCurrentOnly>
<bounds x="20" y="386" width="155" height="80"/>
</OView>
<OView class="oracle.dbtools.crest.swingui.logical.TVEntity" oid="F4A44A86-27B0-FB58-E022-19640DCE6D13" otype="Entity" vid="B2FF7974-5F56-A5D0-EEB9-1062485886DD">
<hideElementsInCurrentOnly>false</hideElementsInCurrentOnly>
<bounds x="243" y="426" width="199" height="88"/>
</OView>
</objectViews>
<connectors>
<Connector class="oracle.dbtools.crest.swingui.logical.TVRelation" oid="3BBF7A17-E3EC-896D-D0C0-81DCDADC2B40" otype="Relation" vid_source="137083B8-F502-49BE-9941-8810763EE05C" vid_target="3EF1AD18-9B53-D49C-5F33-D0790C9982DD">
<hideElementsInCurrentOnly>false</hideElementsInCurrentOnly>
<backgroundColor>-16777216</backgroundColor>
<lineWidth>1</lineWidth>
<points>
<point x="478" y="240"/>
<point x="1007" y="92"/>
</points>
</Connector>
<Connector class="oracle.dbtools.crest.swingui.logical.TVRelation" oid="3D343C4C-C91E-ACED-4865-182FAB7636C1" otype="Relation" vid_source="F5105643-51C5-A8DF-C230-9CC363A4B1B2" vid_target="137083B8-F502-49BE-9941-8810763EE05C">
<hideElementsInCurrentOnly>false</hideElementsInCurrentOnly>
<backgroundColor>-16777216</backgroundColor>
<lineWidth>1</lineWidth>
<points>
<point x="175" y="387"/>
<point x="249" y="387"/>
</points>
</Connector>
<Connector class="oracle.dbtools.crest.swingui.logical.TVInheritanceRelation" oid="4E13D357-29BD-F808-2B9A-211DB130C30E" otype="Hierarchy relation" vid_source="E9D171EB-CE85-7DAF-E62D-1B317D99BB3C" vid_target="81E0EDAD-1566-4209-337E-0C89C33BE469">
<hideElementsInCurrentOnly>false</hideElementsInCurrentOnly>
<backgroundColor>-65536</backgroundColor>
<lineWidth>1</lineWidth>
<points>
<point x="997" y="215"/>
<point x="1060" y="215"/>
</points>
</Connector>
<Connector class="oracle.dbtools.crest.swingui.logical.TVRelation" oid="65C10FE9-75F5-C9FC-6577-B3BF5BDA6FCD" otype="Relation" vid_source="137083B8-F502-49BE-9941-8810763EE05C" vid_target="E9D171EB-CE85-7DAF-E62D-1B317D99BB3C">
<hideElementsInCurrentOnly>false</hideElementsInCurrentOnly>
<backgroundColor>-16777216</backgroundColor>
<lineWidth>1</lineWidth>
<points>
<point x="478" y="257"/>
<point x="839" y="257"/>
</points>
</Connector>
<Connector class="oracle.dbtools.crest.swingui.logical.TVInheritanceRelation" oid="68463175-448E-9A08-D3C7-F3110606CE36" otype="Hierarchy relation" vid_source="E9D171EB-CE85-7DAF-E62D-1B317D99BB3C" vid_target="38D3347E-C033-8E03-91AF-A43781A3739E">
<hideElementsInCurrentOnly>false</hideElementsInCurrentOnly>
<backgroundColor>-65536</backgroundColor>
<lineWidth>1</lineWidth>
<points>
<point x="997" y="303"/>
<point x="1074" y="303"/>
</points>
</Connector>
<Connector class="oracle.dbtools.crest.swingui.logical.TVRelation" oid="6EFD0703-7119-227B-1E61-50A761839969" otype="Relation" vid_source="5B407754-466C-CDE7-29ED-C3F0D797472E" vid_target="137083B8-F502-49BE-9941-8810763EE05C">
<hideElementsInCurrentOnly>false</hideElementsInCurrentOnly>
<backgroundColor>-16777216</backgroundColor>
<lineWidth>1</lineWidth>
<points>
<point x="455" y="130"/>
<point x="455" y="158"/>
</points>
</Connector>
<Connector class="oracle.dbtools.crest.swingui.logical.TVRelation" oid="8AECEFA8-71F8-A604-99FE-2C96561C7F61" otype="Relation" vid_source="3BCE4A04-E69A-FA92-6E30-EB228C88DED4" vid_target="137083B8-F502-49BE-9941-8810763EE05C">
<hideElementsInCurrentOnly>false</hideElementsInCurrentOnly>
<backgroundColor>-16777216</backgroundColor>
<lineWidth>1</lineWidth>
<points>
<point x="165" y="237"/>
<point x="249" y="237"/>
</points>
</Connector>
<Connector class="oracle.dbtools.crest.swingui.logical.TVRelation" oid="92496757-60B4-4238-08D6-1CB8924D0D93" otype="Relation" vid_source="3BCE4A04-E69A-FA92-6E30-EB228C88DED4" vid_target="A481A454-30D0-DF9F-F2B8-932F15A5E87E">
<hideElementsInCurrentOnly>false</hideElementsInCurrentOnly>
<backgroundColor>-16777216</backgroundColor>
<lineWidth>1</lineWidth>
<points>
<point x="100" y="201"/>
<point x="100" y="112"/>
</points>
</Connector>
<Connector class="oracle.dbtools.crest.swingui.logical.TVRelation" oid="9CF004AF-246C-1D7E-4C9E-7E56FD830CEF" otype="Relation" vid_source="A481A454-30D0-DF9F-F2B8-932F15A5E87E" vid_target="5B407754-466C-CDE7-29ED-C3F0D797472E">
<hideElementsInCurrentOnly>false</hideElementsInCurrentOnly>
<backgroundColor>-16777216</backgroundColor>
<lineWidth>1</lineWidth>
<points>
<point x="199" y="81"/>
<point x="433" y="81"/>
</points>
</Connector>
<Connector class="oracle.dbtools.crest.swingui.logical.TVRelation" oid="A8F1F444-E81B-D1B6-2BE8-F77A9A45FB5C" otype="Relation" vid_source="B2FF7974-5F56-A5D0-EEB9-1062485886DD" vid_target="137083B8-F502-49BE-9941-8810763EE05C">
<hideElementsInCurrentOnly>false</hideElementsInCurrentOnly>
<backgroundColor>-16777216</backgroundColor>
<lineWidth>1</lineWidth>
<points>
<point x="345" y="426"/>
<point x="345" y="388"/>
</points>
</Connector>
<Connector class="oracle.dbtools.crest.swingui.logical.TVRelation" oid="B4AD7407-2D9C-F367-EBEB-7ABD079EED02" otype="Relation" vid_source="066274E4-50EF-A0DB-C361-42A8D4EEAB0A" vid_target="137083B8-F502-49BE-9941-8810763EE05C">
<hideElementsInCurrentOnly>false</hideElementsInCurrentOnly>
<backgroundColor>-16777216</backgroundColor>
<lineWidth>1</lineWidth>
<points>
<point x="575" y="422"/>
<point x="478" y="353"/>
</points>
</Connector>
<Connector class="oracle.dbtools.crest.swingui.logical.TVRelation" oid="E99D208A-FED9-4093-0205-498D35F39462" otype="Relation" vid_source="68406AB9-D40D-BEE3-8937-4FD01E72030F" vid_target="137083B8-F502-49BE-9941-8810763EE05C">
<hideElementsInCurrentOnly>false</hideElementsInCurrentOnly>
<backgroundColor>-16777216</backgroundColor>
<lineWidth>1</lineWidth>
<points>
<point x="560" y="341"/>
<point x="478" y="341"/>
</points>
</Connector>
<Connector class="oracle.dbtools.crest.swingui.logical.TVRelation" oid="EDFB2916-2322-AEBB-1B05-1387717AFC5F" otype="Relation" vid_source="5B407754-466C-CDE7-29ED-C3F0D797472E" vid_target="E9D171EB-CE85-7DAF-E62D-1B317D99BB3C">
<hideElementsInCurrentOnly>false</hideElementsInCurrentOnly>
<backgroundColor>-16777216</backgroundColor>
<lineWidth>1</lineWidth>
<points>
<point x="654" y="121"/>
<point x="839" y="216"/>
</points>
</Connector>
<Connector class="oracle.dbtools.crest.swingui.logical.TVRelation" oid="F390ACE8-1DA3-7CB2-B27F-45E55688AABD" otype="Relation" vid_source="346253FE-C440-09E0-C3FC-EF48F2E1636F" vid_target="066274E4-50EF-A0DB-C361-42A8D4EEAB0A">
<hideElementsInCurrentOnly>false</hideElementsInCurrentOnly>
<backgroundColor>-16777216</backgroundColor>
<lineWidth>1</lineWidth>
<points>
<point x="816" y="451"/>
<point x="734" y="451"/>
</points>
</Connector>
</connectors>
<arcs>
<Arc class="oracle.dbtools.crest.swingui.logical.TVArc" oid="8B4E443C-FEB5-FDD1-AEB5-ECBE6C73DC01" otype="Arc" vid="E0BF444B-6E1C-018F-7C93-10776BD7D96D">
<hideElementsInCurrentOnly>false</hideElementsInCurrentOnly>
<bounds x="819" y="183" width="198" height="149"/>
</Arc>
</arcs>
</Diagram>