<?xml version = '1.0' encoding = 'UTF-8'?>
<relationalModel class="oracle.dbtools.crest.model.design.relational.RelationalDesign" name="Relational_1" id="948F8F69-E315-61EB-C970-9F675A6787BD" mainViewID="79000C51-BEEB-C919-C1F6-D21155E3446A">
<createdBy>Lenovo</createdBy>
<createdTime>2025-09-13 02:18:44 UTC</createdTime>
<ownerDesignName>MBD_semana5</ownerDesignName>
<shouldBeOpen>true</shouldBeOpen>
<selectedRDBMSSite>32076570-2523-435C-2E92-BF29817DFF70</selectedRDBMSSite>
</relationalModel>
