<?xml version = '1.0' encoding = 'UTF-8'?>
<FKIndexAssociation class="oracle.dbtools.crest.model.design.relational.FKIndexAssociation" directorySegmentName="seg_0" id="072D1C1B-DDA0-F1C4-5948-50288FECCBFC" containerWithKeyObject="97687235-822F-BF3E-35C9-CFF0445738A4" localFKIndex="D1DEB313-E286-13C2-5060-DFEDC7A3D630" name="COMUNA_REGION_FK">
<createdBy>Lenovo</createdBy>
<createdTime>2025-10-10 23:31:30 UTC</createdTime>
<generatorID>968B3581-1A29-F341-A6F1-4CE59DDB8628</generatorID>
<ownerDesignName>notacionrelacionalS9</ownerDesignName>
<referredTableLongName>REGION</referredTableLongName>
<deleteRule>NO ACTION</deleteRule>
<referredTableID>86A9208A-2EFF-619E-6994-D07BE54FA2E9</referredTableID>
<keyObject>F6690836-655C-C19F-07D4-AEB1D03F7F34</keyObject>
<referredKeyID>F6690836-655C-C19F-07D4-AEB1D03F7F34</referredKeyID>
<mandatory>true</mandatory>
<refColNames>id_region</refColNames>
<transferable>true</transferable>
<rely>false</rely>
<columnDependencyConstraintGenerateInDDL>true</columnDependencyConstraintGenerateInDDL>
</FKIndexAssociation>
