<?xml version = '1.0' encoding = 'UTF-8'?>
<FKIndexAssociation class="oracle.dbtools.crest.model.design.relational.FKIndexAssociation" directorySegmentName="seg_0" id="226EF4D6-E8B0-67FE-213C-3BED83F2A563" containerWithKeyObject="6BB7E6E9-6137-A1AD-F96C-A890205624A6" localFKIndex="F1ECFD5A-272E-1297-B5C9-24C139FB406F" name="ASIG_TURNO_PERSONAL_FK">
<createdBy>Lenovo</createdBy>
<createdTime>2025-10-10 23:31:30 UTC</createdTime>
<generatorID>7694342E-F21C-8291-AB9C-66DD830F8A96</generatorID>
<ownerDesignName>notacionrelacionalS9</ownerDesignName>
<referredTableLongName>PERSONAL</referredTableLongName>
<deleteRule>NO ACTION</deleteRule>
<referredTableID>8609D237-30BA-CCFA-A117-F5B45FB62FAC</referredTableID>
<keyObject>284171A9-7A41-5B74-DE89-074B2BC17E34</keyObject>
<referredKeyID>284171A9-7A41-5B74-DE89-074B2BC17E34</referredKeyID>
<mandatory>true</mandatory>
<refColNames>id_personal</refColNames>
<transferable>true</transferable>
<rely>false</rely>
<columnDependencyConstraintGenerateInDDL>true</columnDependencyConstraintGenerateInDDL>
</FKIndexAssociation>
