<?xml version = '1.0' encoding = 'UTF-8'?>
<FKIndexAssociation class="oracle.dbtools.crest.model.design.relational.FKIndexAssociation" directorySegmentName="seg_0" id="7EDF7FED-39C2-F5E1-0F62-DDBF50B23B9F" containerWithKeyObject="8609D237-30BA-CCFA-A117-F5B45FB62FAC" localFKIndex="34626776-37F8-6653-3899-A1B83D6C4DD4" name="PERSONAL_SALUD_FK">
<createdBy>Lenovo</createdBy>
<createdTime>2025-10-10 23:31:30 UTC</createdTime>
<generatorID>DCC65441-CF6D-6486-5941-999D74D0DC9B</generatorID>
<ownerDesignName>notacionrelacionalS9</ownerDesignName>
<referredTableLongName>SALUD</referredTableLongName>
<deleteRule>NO ACTION</deleteRule>
<referredTableID>0041A042-ED74-EB5A-3166-FC1CB8090479</referredTableID>
<keyObject>2BB15B38-080B-E258-26C7-EFDE7C75C5AF</keyObject>
<referredKeyID>2BB15B38-080B-E258-26C7-EFDE7C75C5AF</referredKeyID>
<mandatory>true</mandatory>
<refColNames>id_salud</refColNames>
<transferable>true</transferable>
<rely>false</rely>
<columnDependencyConstraintGenerateInDDL>true</columnDependencyConstraintGenerateInDDL>
</FKIndexAssociation>
