<?xml version = '1.0' encoding = 'UTF-8'?>
<FKIndexAssociation class="oracle.dbtools.crest.model.design.relational.FKIndexAssociation" directorySegmentName="seg_0" id="E361F1C1-A9DE-1548-E135-79B1927F4D87" containerWithKeyObject="6BB7E6E9-6137-A1AD-F96C-A890205624A6" localFKIndex="3F95A3F1-F77C-6325-C94E-571957891736" name="ASIG_TURNO_MAQUINA_FK">
<createdBy>Lenovo</createdBy>
<createdTime>2025-10-10 23:31:30 UTC</createdTime>
<generatorID>81D031B7-E88B-CE14-5C32-3E2F4557D593</generatorID>
<ownerDesignName>notacionrelacionalS9</ownerDesignName>
<referredTableLongName>MAQUINA</referredTableLongName>
<deleteRule>NO ACTION</deleteRule>
<referredTableID>BD3C0176-B491-6502-8A19-E8D55325D536</referredTableID>
<keyObject>2169D510-B725-4735-4D55-CCBED8CC0004</keyObject>
<referredKeyID>2169D510-B725-4735-4D55-CCBED8CC0004</referredKeyID>
<mandatory>true</mandatory>
<refColNames>num_maquina</refColNames>
<transferable>true</transferable>
<rely>false</rely>
<columnDependencyConstraintGenerateInDDL>true</columnDependencyConstraintGenerateInDDL>
</FKIndexAssociation>
