<?xml version = '1.0' encoding = 'UTF-8'?>
<relationalModel class="oracle.dbtools.crest.model.design.relational.RelationalDesign" name="Relational_1" id="AA776637-AF4A-D775-40A3-6E40F5F8E04D" mainViewID="A68BFB7E-5073-885D-7045-656D17119531">
<createdBy>Lenovo</createdBy>
<createdTime>2025-10-10 21:05:03 UTC</createdTime>
<ownerDesignName>notacionrelacionalS9</ownerDesignName>
<shouldBeOpen>false</shouldBeOpen>
<selectedRDBMSSite>32076570-2523-435C-2E92-BF29817DFF70</selectedRDBMSSite>
</relationalModel>
