<?xml version = '1.0' encoding = 'UTF-8'?>
<FKIndexAssociation class="oracle.dbtools.crest.model.design.relational.FKIndexAssociation" directorySegmentName="seg_0" id="529906C5-AAC6-E2B1-36FE-2CF1F8D0455C" containerWithKeyObject="0E681819-7BAC-246F-FEDB-AA837B882ADA" localFKIndex="597BB078-D73A-92A6-9DAA-DE6353355017" name="OPERARIO_PERSONAL_FK">
<createdBy>Lenovo</createdBy>
<createdTime>2025-10-10 23:31:30 UTC</createdTime>
<generatorID>52ACF932-4D3A-874C-9FAB-943590260D11</generatorID>
<ownerDesignName>notacionbarkerS9</ownerDesignName>
<referredTableLongName>PERSONAL</referredTableLongName>
<deleteRule>NO ACTION</deleteRule>
<referredTableID>8609D237-30BA-CCFA-A117-F5B45FB62FAC</referredTableID>
<keyObject>284171A9-7A41-5B74-DE89-074B2BC17E34</keyObject>
<referredKeyID>284171A9-7A41-5B74-DE89-074B2BC17E34</referredKeyID>
<mandatory>true</mandatory>
<refColNames>id_personal</refColNames>
<transferable>true</transferable>
<rely>false</rely>
<columnDependencyConstraintGenerateInDDL>true</columnDependencyConstraintGenerateInDDL>
</FKIndexAssociation>