<?xml version = '1.0' encoding = 'UTF-8'?>
<FKIndexAssociation class="oracle.dbtools.crest.model.design.relational.FKIndexAssociation" directorySegmentName="seg_0" id="57A5B9BF-F023-567E-4FF6-33C967499D56" containerWithKeyObject="8609D237-30BA-CCFA-A117-F5B45FB62FAC" localFKIndex="95EAB215-3960-2947-A4E5-6DBB17E54DCD" name="PERSONAL_AFP_FK">
<createdBy>Lenovo</createdBy>
<createdTime>2025-10-10 23:31:30 UTC</createdTime>
<generatorID>2EF34F0E-A68F-E981-DDF2-CC2C58DD8FA7</generatorID>
<ownerDesignName>notacionbarkerS9</ownerDesignName>
<referredTableLongName>AFP</referredTableLongName>
<deleteRule>NO ACTION</deleteRule>
<referredTableID>49A0ACEB-13C5-A16E-403C-628F4544DB10</referredTableID>
<keyObject>59DCF888-901A-6882-D54C-59519DB439BA</keyObject>
<referredKeyID>59DCF888-901A-6882-D54C-59519DB439BA</referredKeyID>
<mandatory>true</mandatory>
<refColNames>id_afp</refColNames>
<transferable>true</transferable>
<rely>false</rely>
<columnDependencyConstraintGenerateInDDL>true</columnDependencyConstraintGenerateInDDL>
</FKIndexAssociation>