<?xml version = '1.0' encoding = 'UTF-8'?>
<FKIndexAssociation class="oracle.dbtools.crest.model.design.relational.FKIndexAssociation" directorySegmentName="seg_0" id="637827C9-3EEF-2C4D-E96D-EA92F308709A" containerWithKeyObject="8609D237-30BA-CCFA-A117-F5B45FB62FAC" localFKIndex="629B8A74-DB13-9307-821C-9485B6B388FE" name="PERSONAL_PERSONAL_FK">
<createdBy>Lenovo</createdBy>
<createdTime>2025-10-10 23:31:30 UTC</createdTime>
<generatorID>54D5530D-DA54-4C98-1C88-3108E7DEA08A</generatorID>
<ownerDesignName>notacionbarkerS9</ownerDesignName>
<referredTableLongName>PERSONAL</referredTableLongName>
<deleteRule>NO ACTION</deleteRule>
<referredTableID>8609D237-30BA-CCFA-A117-F5B45FB62FAC</referredTableID>
<keyObject>284171A9-7A41-5B74-DE89-074B2BC17E34</keyObject>
<referredKeyID>284171A9-7A41-5B74-DE89-074B2BC17E34</referredKeyID>
<mandatory>true</mandatory>
<refColNames>id_personal</refColNames>
<transferable>true</transferable>
<rely>false</rely>
<columnDependencyConstraintGenerateInDDL>true</columnDependencyConstraintGenerateInDDL>
</FKIndexAssociation>