<?xml version = '1.0' encoding = 'UTF-8'?>
<FKIndexAssociation class="oracle.dbtools.crest.model.design.relational.FKIndexAssociation" directorySegmentName="seg_0" id="80B8BA86-C934-7836-6332-E3729C3CFE4C" containerWithKeyObject="7E47F198-03DE-8A6D-ECF9-4FD9ABAE39A1" localFKIndex="51938103-9EB7-19F0-520C-28CEDBB5D54A" name="JEFE_TURNO_PERSONAL_FK">
<createdBy>Lenovo</createdBy>
<createdTime>2025-10-10 23:31:30 UTC</createdTime>
<generatorID>D8A10095-DC62-59D5-1613-EC6A3F6D633D</generatorID>
<ownerDesignName>notacionbarkerS9</ownerDesignName>
<referredTableLongName>PERSONAL</referredTableLongName>
<deleteRule>NO ACTION</deleteRule>
<referredTableID>8609D237-30BA-CCFA-A117-F5B45FB62FAC</referredTableID>
<keyObject>284171A9-7A41-5B74-DE89-074B2BC17E34</keyObject>
<referredKeyID>284171A9-7A41-5B74-DE89-074B2BC17E34</referredKeyID>
<mandatory>true</mandatory>
<refColNames>id_personal</refColNames>
<transferable>true</transferable>
<rely>false</rely>
<columnDependencyConstraintGenerateInDDL>true</columnDependencyConstraintGenerateInDDL>
</FKIndexAssociation>