<?xml version = '1.0' encoding = 'UTF-8'?>
<FKIndexAssociation class="oracle.dbtools.crest.model.design.relational.FKIndexAssociation" directorySegmentName="seg_0" id="9FEE51C1-D424-8DD7-CC4F-4702BCB7361A" containerWithKeyObject="8609D237-30BA-CCFA-A117-F5B45FB62FAC" localFKIndex="ED12A0C6-F9B1-FF41-7DBA-F1A3E6275CDD" name="PERSONAL_PLANTA_FK">
<createdBy>Lenovo</createdBy>
<createdTime>2025-10-10 23:31:30 UTC</createdTime>
<generatorID>78B700C5-A4E9-59EC-FC81-38E44E026105</generatorID>
<ownerDesignName>notacionbarkerS9</ownerDesignName>
<referredTableLongName>PLANTA</referredTableLongName>
<deleteRule>NO ACTION</deleteRule>
<referredTableID>D75DCDCE-BCA9-8273-5823-EE4864B15ED6</referredTableID>
<keyObject>EAFD73EE-F693-F6BC-B519-BACD8DC1FAE8</keyObject>
<referredKeyID>EAFD73EE-F693-F6BC-B519-BACD8DC1FAE8</referredKeyID>
<mandatory>true</mandatory>
<refColNames>id_planta</refColNames>
<transferable>true</transferable>
<rely>false</rely>
<columnDependencyConstraintGenerateInDDL>true</columnDependencyConstraintGenerateInDDL>
</FKIndexAssociation>