<?xml version = '1.0' encoding = 'UTF-8'?>
<FKIndexAssociation class="oracle.dbtools.crest.model.design.relational.FKIndexAssociation" directorySegmentName="seg_0" id="9FF50FE8-6384-232A-1D31-5F5B2C5D6744" containerWithKeyObject="BD3C0176-B491-6502-8A19-E8D55325D536" localFKIndex="164F60F2-EC0A-CEBD-78D9-BAAFC0B9829F" name="MAQUINA_PLANTA_FK">
<createdBy>Lenovo</createdBy>
<createdTime>2025-10-10 23:31:30 UTC</createdTime>
<generatorID>7DFF7117-EB15-9965-A593-C33CC6FAB0C3</generatorID>
<ownerDesignName>notacionbarkerS9</ownerDesignName>
<referredTableLongName>PLANTA</referredTableLongName>
<deleteRule>NO ACTION</deleteRule>
<referredTableID>D75DCDCE-BCA9-8273-5823-EE4864B15ED6</referredTableID>
<keyObject>EAFD73EE-F693-F6BC-B519-BACD8DC1FAE8</keyObject>
<referredKeyID>EAFD73EE-F693-F6BC-B519-BACD8DC1FAE8</referredKeyID>
<mandatory>true</mandatory>
<refColNames>id_planta</refColNames>
<transferable>true</transferable>
<rely>false</rely>
<columnDependencyConstraintGenerateInDDL>true</columnDependencyConstraintGenerateInDDL>
</FKIndexAssociation>