<?xml version = '1.0' encoding = 'UTF-8'?>
<FKIndexAssociation class="oracle.dbtools.crest.model.design.relational.FKIndexAssociation" directorySegmentName="seg_0" id="A12CD9B8-0AD3-A1C7-4335-3E2D9E9C078B" containerWithKeyObject="6BB7E6E9-6137-A1AD-F96C-A890205624A6" localFKIndex="C5167816-C0DA-F8B6-A1F0-CD87B549C97E" name="ASIG_TURNO_TURNO_FK">
<createdBy>Lenovo</createdBy>
<createdTime>2025-10-10 23:31:30 UTC</createdTime>
<generatorID>7E1B4FA2-5601-8DF0-5ADE-58074C31A4E0</generatorID>
<ownerDesignName>notacionbarkerS9</ownerDesignName>
<referredTableLongName>TURNO</referredTableLongName>
<deleteRule>NO ACTION</deleteRule>
<referredTableID>00F3DB2A-EC51-4CC0-03A3-D51063AC4386</referredTableID>
<keyObject>D555C60C-AF1D-D182-A6EA-02CE069914FC</keyObject>
<referredKeyID>D555C60C-AF1D-D182-A6EA-02CE069914FC</referredKeyID>
<mandatory>true</mandatory>
<refColNames>id_turno</refColNames>
<transferable>true</transferable>
<rely>false</rely>
<columnDependencyConstraintGenerateInDDL>true</columnDependencyConstraintGenerateInDDL>
</FKIndexAssociation>