<?xml version = '1.0' encoding = 'UTF-8'?>
<FKIndexAssociation class="oracle.dbtools.crest.model.design.relational.FKIndexAssociation" directorySegmentName="seg_0" id="BD55D609-7869-79E6-DD9D-FAB3A66487BB" containerWithKeyObject="D75DCDCE-BCA9-8273-5823-EE4864B15ED6" localFKIndex="99B71E59-A1FD-E83C-306A-A6D4812F9C1A" name="PLANTA_COMUNA_FK">
<createdBy>Lenovo</createdBy>
<createdTime>2025-10-10 23:31:30 UTC</createdTime>
<generatorID>3251ECA3-0523-EFA2-90B2-5A01338D0462</generatorID>
<ownerDesignName>notacionbarkerS9</ownerDesignName>
<referredTableLongName>COMUNA</referredTableLongName>
<deleteRule>NO ACTION</deleteRule>
<referredTableID>97687235-822F-BF3E-35C9-CFF0445738A4</referredTableID>
<keyObject>98DCC1C8-64E9-4A5E-FE24-1A29A260F1BE</keyObject>
<referredKeyID>98DCC1C8-64E9-4A5E-FE24-1A29A260F1BE</referredKeyID>
<mandatory>true</mandatory>
<refColNames>id_comuna</refColNames>
<transferable>true</transferable>
<rely>false</rely>
<columnDependencyConstraintGenerateInDDL>true</columnDependencyConstraintGenerateInDDL>
</FKIndexAssociation>