<?xml version = '1.0' encoding = 'UTF-8'?>
<FKIndexAssociation class="oracle.dbtools.crest.model.design.relational.FKIndexAssociation" directorySegmentName="seg_0" id="D3DB8135-F1C8-E513-821B-BA8F2073484D" containerWithKeyObject="560C18A0-4857-A888-57B6-0D91D5B74FF5" localFKIndex="748A45F0-69F9-50C8-96A1-349F970A4E7A" name="ORDEN_MANTENCION_MAQUINA_FK">
<createdBy>Lenovo</createdBy>
<createdTime>2025-10-10 23:31:30 UTC</createdTime>
<generatorID>A5930017-2593-2C0D-85F0-EB15F27F654F</generatorID>
<ownerDesignName>notacionbarkerS9</ownerDesignName>
<referredTableLongName>MAQUINA</referredTableLongName>
<deleteRule>NO ACTION</deleteRule>
<referredTableID>BD3C0176-B491-6502-8A19-E8D55325D536</referredTableID>
<keyObject>2169D510-B725-4735-4D55-CCBED8CC0004</keyObject>
<referredKeyID>2169D510-B725-4735-4D55-CCBED8CC0004</referredKeyID>
<mandatory>true</mandatory>
<refColNames>num_maquina</refColNames>
<transferable>true</transferable>
<rely>false</rely>
<columnDependencyConstraintGenerateInDDL>true</columnDependencyConstraintGenerateInDDL>
</FKIndexAssociation>