<?xml version = '1.0' encoding = 'UTF-8'?>
<FKIndexAssociation class="oracle.dbtools.crest.model.design.relational.FKIndexAssociation" directorySegmentName="seg_0" id="E5482A70-764D-6357-7F4E-A97FBE355173" containerWithKeyObject="BC73E3BA-C650-B4B0-DCDD-6EB52F47539E" localFKIndex="1EA64C6B-A43E-1939-54B8-0216D475504A" name="TECN_MANTENCION_PERSONAL_FK">
<createdBy>Lenovo</createdBy>
<createdTime>2025-10-10 23:31:30 UTC</createdTime>
<generatorID>ADA3DC23-634A-48F7-7453-BB77C46D9065</generatorID>
<ownerDesignName>notacionbarkerS9</ownerDesignName>
<referredTableLongName>PERSONAL</referredTableLongName>
<deleteRule>NO ACTION</deleteRule>
<referredTableID>8609D237-30BA-CCFA-A117-F5B45FB62FAC</referredTableID>
<keyObject>284171A9-7A41-5B74-DE89-074B2BC17E34</keyObject>
<referredKeyID>284171A9-7A41-5B74-DE89-074B2BC17E34</referredKeyID>
<mandatory>true</mandatory>
<refColNames>id_personal</refColNames>
<transferable>true</transferable>
<rely>false</rely>
<columnDependencyConstraintGenerateInDDL>true</columnDependencyConstraintGenerateInDDL>
</FKIndexAssociation>